1341845820.751833 0.000000000 0.000000000 0.000000000 -0.000000000 -0.000000000 -0.000000000 1.000000000
1341845820.787768 0.003063906 -0.004633587 -0.000274373 -0.000287261 -0.001500305 -0.002173160 0.999996483
1341845820.819654 0.005213246 -0.000132140 -0.001772109 0.000948135 -0.001387985 -0.003705072 0.999991775
1341845820.851997 0.005012366 -0.000693157 -0.001995931 0.000742304 -0.001064602 -0.004781997 0.999987721
1341845820.887882 0.005284709 0.001801726 -0.002576835 0.001399457 -0.001088935 -0.005549065 0.999983072
1341845820.920082 0.001056397 0.003505731 -0.003769806 0.000650189 -0.000599266 -0.006154318 0.999980688
1341845820.955790 0.000603422 0.004050818 -0.003715843 -0.000751216 -0.001411053 -0.006590499 0.999977052
1341845820.987817 0.002690761 0.002403630 -0.003207765 -0.001623402 -0.001996201 -0.006696578 0.999974251
1341845821.019783 -0.000778218 0.001463970 -0.003511516 -0.001847847 -0.001627960 -0.006868007 0.999973416
1341845821.055706 -0.001284970 0.001064046 -0.003923728 -0.001341224 -0.002236616 -0.005271859 0.999982715
1341845821.087831 0.001712819 -0.002051122 -0.003419942 -0.000654404 -0.004225723 -0.002530243 0.999987662
1341845821.119871 0.010950735 0.000482198 -0.002495379 0.001810309 -0.004507458 -0.000804350 0.999987900
1341845821.155881 0.008491774 0.004410237 -0.004907430 0.002313004 -0.001176496 0.000082923 0.999996662
1341845821.188556 0.006589247 -0.000771853 -0.001209496 0.001440780 0.000809698 0.002613543 0.999995232
1341845821.223751 0.007380322 -0.004013691 -0.001504828 0.004454904 0.001239261 0.004727204 0.999978125
1341845821.256005 0.013746936 0.005347816 -0.003031778 0.006330760 0.001809375 0.004005920 0.999970317
1341845821.287883 0.010905880 0.000980603 -0.003934952 0.004041165 0.005172209 0.002420078 0.999975562
1341845821.323879 0.011108269 0.000081928 -0.004758850 0.004518525 0.007439054 0.000558478 0.999961972
1341845821.355690 0.009086583 0.001732442 -0.003241277 0.005349139 0.010014449 0.001398400 0.999934554
1341845821.388161 0.009051403 -0.002844132 -0.004108303 0.004658900 0.010472456 0.003375643 0.999928653
1341845821.424470 0.016052652 -0.001249178 -0.001630791 0.007048322 0.011191925 0.003957903 0.999904692
1341845821.455778 0.012106034 0.002251574 -0.002468804 0.007619320 0.014235131 0.002687245 0.999866068
1341845821.488014 0.010133551 -0.007408063 -0.000878039 0.005921284 0.015329607 0.002926011 0.999860704
1341845821.524370 0.011765588 -0.010144940 0.001058487 0.007459276 0.015931675 0.003601863 0.999838829
1341845821.555644 0.005785009 -0.008392061 -0.000669989 0.009238215 0.018222997 0.002618744 0.999787927
1341845821.587677 0.004059832 -0.006630042 -0.001378976 0.009317346 0.018014468 0.002170735 0.999791920
1341845821.623761 0.006501995 -0.006312278 -0.001103555 0.008912020 0.016896175 0.001083498 0.999816954
1341845821.655725 0.006614215 -0.006431601 -0.003188519 0.008736933 0.016864952 -0.000071184 0.999819577
1341845821.691884 0.005884272 -0.005909614 -0.002388842 0.007564179 0.016952736 -0.000462701 0.999827564
1341845821.724228 0.002749115 -0.011172359 -0.002730014 0.006895900 0.016600775 -0.000192058 0.999838412
1341845821.755681 -0.000094566 -0.010641322 -0.004734519 0.008008310 0.015809610 0.000363613 0.999842942
1341845821.791636 0.006618017 -0.010842753 -0.002399606 0.009065308 0.014092177 0.000588640 0.999859512
1341845821.823697 0.004379070 -0.006522408 -0.003400813 0.010376467 0.015263386 -0.000931195 0.999829233
1341845821.855574 0.003075219 -0.008400236 -0.002267168 0.008950376 0.016203260 -0.002426575 0.999825776
1341845821.891741 0.003117822 -0.012582778 -0.003353373 0.009134237 0.015828311 -0.002334523 0.999830306
1341845821.923730 0.003149159 -0.011137841 -0.004333207 0.010987650 0.015948212 -0.002132622 0.999810159
1341845821.955750 0.000761801 -0.009753554 -0.005129848 0.011869366 0.016705520 -0.001809466 0.999788344
1341845821.991786 0.001032323 -0.008009580 -0.005392774 0.011411399 0.017035797 -0.002904545 0.999785542
1341845822.023863 -0.002353430 -0.011108722 -0.004017222 0.011081327 0.017772770 -0.003260295 0.999775350
1341845822.059759 -0.003727974 -0.009520533 -0.004415278 0.011057173 0.017870167 -0.002994645 0.999774694
1341845822.091719 -0.001773869 -0.014393032 -0.002410456 0.010537452 0.017716644 -0.002727818 0.999783874
1341845822.123689 -0.003502075 -0.013640321 -0.004053806 0.012715383 0.018979881 -0.003273204 0.999733686
1341845822.185916 -0.008706820 -0.015215888 -0.006106897 0.011507367 0.018943595 -0.001734735 0.999752820
1341845822.221838 -0.003777317 -0.014232989 -0.003545081 0.013270849 0.016088661 -0.000862849 0.999782145
1341845822.254004 -0.005029215 -0.010084786 -0.004578657 0.013216112 0.015236709 -0.000891268 0.999796212
1341845822.289876 -0.007929186 -0.014046632 -0.002468188 0.012065123 0.014559808 -0.002359406 0.999818444
1341845822.321804 -0.011646036 -0.012498396 -0.002011079 0.013477656 0.014591895 -0.003211374 0.999797583
1341845822.353784 -0.012992324 -0.013583666 -0.000940755 0.013986652 0.014498672 -0.003836783 0.999789715
1341845822.391662 -0.018190192 -0.014350933 -0.000815027 0.014862344 0.015376117 -0.003678491 0.999764562
1341845822.391662 -0.018797582 -0.014852132 -0.001527997 0.014774146 0.015497211 -0.003600172 0.999764264
1341845822.428074 -0.025369652 -0.014073455 -0.002247316 0.015395598 0.015824463 -0.003642942 0.999749660
1341845822.459970 -0.028425407 -0.015788976 -0.001917747 0.014165184 0.015097430 -0.003671790 0.999778926
1341845822.495728 -0.033451196 -0.015123776 -0.000175404 0.014759139 0.014786818 -0.003856939 0.999774337
1341845822.527724 -0.037808336 -0.015007117 -0.000621700 0.014495993 0.014351324 -0.003527950 0.999785721
1341845822.559648 -0.041861188 -0.014237730 0.001249179 0.013535208 0.013502158 -0.002414816 0.999814332
1341845822.595852 -0.052145246 -0.017654004 0.000301483 0.013070654 0.014910985 -0.003037041 0.999798834
1341845822.627724 -0.054256011 -0.019465707 0.001803986 0.011336186 0.014993294 -0.001694995 0.999821961
1341845822.663716 -0.061604563 -0.028842635 0.003118089 0.010080718 0.014226407 0.001908499 0.999846220
1341845822.695601 -0.059627533 -0.028856084 0.005048185 0.015026349 0.010361013 0.005219285 0.999819815
1341845822.731816 -0.063745894 -0.023999361 0.004975514 0.017727910 0.010328394 0.005764607 0.999772906
1341845822.789911 -0.066884734 -0.023175444 0.004599548 0.018824756 0.010620446 0.005254131 0.999752581
1341845822.825897 -0.074916452 -0.025818255 0.005283066 0.017430544 0.012253908 0.005908248 0.999755561
1341845822.859721 -0.091196105 -0.029458886 0.004670809 0.018645335 0.013677381 0.006264219 0.999713004
1341845822.889712 -0.092417143 -0.031649891 0.005658267 0.020592619 0.011581887 0.008219388 0.999687076
1341845822.925900 -0.094091512 -0.025603002 0.004744684 0.022514310 0.010497104 0.006901891 0.999667585
1341845822.957708 -0.093936004 -0.026101178 0.005424266 0.022860369 0.010823615 0.005256159 0.999666333
1341845822.989939 -0.100689463 -0.029958470 0.007370486 0.023542071 0.011789992 0.004951426 0.999641061
1341845823.025889 -0.100960061 -0.030174434 0.007277697 0.025770584 0.011146299 0.005401311 0.999591172
1341845823.057775 -0.100237928 -0.028980160 0.007522264 0.027577955 0.012620486 0.004967565 0.999527633
1341845823.093671 -0.105701260 -0.030364161 0.007045398 0.028565878 0.015381266 0.005190610 0.999460101
1341845823.125951 -0.108386725 -0.028623635 0.008748413 0.029543258 0.016223149 0.006321260 0.999411881
1341845823.157773 -0.111034863 -0.031412575 0.006164517 0.029956695 0.017413260 0.006174558 0.999380469
1341845823.193885 -0.121579349 -0.027170626 0.004702950 0.030750252 0.018806264 0.005705665 0.999333918
1341845823.225800 -0.123549066 -0.029235188 0.006842407 0.028386129 0.016861659 0.005378126 0.999440372
1341845823.261842 -0.125898033 -0.030773576 0.008311387 0.027828977 0.015772419 0.004986481 0.999475837
1341845823.293622 -0.127927333 -0.021193678 0.005846016 0.027752079 0.016025281 0.004017941 0.999478340
1341845823.325746 -0.128095895 -0.025523391 0.009165763 0.023587441 0.018108878 0.003309454 0.999552310
1341845823.361852 -0.131847069 -0.031025182 0.009522335 0.023655634 0.021880558 0.003850018 0.999473333
1341845823.394013 -0.138707474 -0.031401735 0.009590315 0.026167689 0.025095938 0.007243243 0.999316335
1341845823.426028 -0.147083014 -0.033495519 0.007826464 0.027105330 0.026809223 0.010569507 0.999217212
1341845823.461869 -0.154402569 -0.035146900 0.007202242 0.027799834 0.026580347 0.011612881 0.999192655
1341845823.493758 -0.150942251 -0.033737633 0.007778477 0.028557463 0.026686916 0.011428759 0.999170482
1341845823.529780 -0.161019966 -0.034508504 0.008064631 0.028670030 0.029460596 0.011703795 0.999086142
1341845823.561916 -0.174962699 -0.039364461 0.007997377 0.028003419 0.029615516 0.013000486 0.999084473
1341845823.593678 -0.175750226 -0.038477685 0.010157407 0.028627355 0.026031245 0.014888780 0.999140263
1341845823.629815 -0.170623511 -0.037319433 0.011418677 0.028568855 0.025235247 0.014862495 0.999162734
1341845823.661750 -0.182518497 -0.043187581 0.012256281 0.027145233 0.027389269 0.014501835 0.999151051
1341845823.695523 -0.191589057 -0.052000284 0.008165305 0.028212382 0.025774637 0.016781647 0.999128699
1341845823.729635 -0.195295170 -0.051855706 0.011212323 0.032536466 0.022783224 0.017879061 0.999050915
1341845823.761810 -0.203764707 -0.051675599 0.008832679 0.034785252 0.021422675 0.017953498 0.999003887
1341845823.797871 -0.208630472 -0.047968812 0.007959245 0.035577901 0.018253481 0.017249594 0.999051332
1341845823.829660 -0.218462139 -0.050361052 0.012230372 0.034734573 0.015540410 0.014897773 0.999164701
1341845823.861808 -0.224869847 -0.054409750 0.011361522 0.035181172 0.012604197 0.012875282 0.999218524
1341845823.929826 -0.231423363 -0.053398706 0.013145999 0.035610605 0.005111339 0.009703823 0.999305606
1341845823.961797 -0.236864299 -0.051876396 0.011360083 0.034298461 0.004562794 0.006318307 0.999381304
1341845823.998070 -0.244124025 -0.058701869 0.010126326 0.032428864 0.004601725 0.003467855 0.999457479
1341845824.029656 -0.245900884 -0.058532942 0.013920973 0.033213511 0.004200498 0.005066500 0.999426663
1341845824.065768 -0.244215682 -0.058506880 0.012445877 0.033203181 0.005367468 0.007199490 0.999408305
1341845824.097956 -0.223479703 -0.053298764 -0.021719292 0.032073595 0.008392661 0.006680437 0.999427974
1341845824.130299 -0.212574229 -0.049778964 -0.027333643 0.027555346 0.021400388 0.006659009 0.999369025
1341845824.165751 -0.253010869 -0.049605824 -0.005479385 0.021705387 0.040803839 0.007115548 0.998906136
1341845824.197930 -0.265097737 -0.063749790 0.019258099 0.018410934 0.045313992 0.007361358 0.998776019
1341845824.229907 -0.271272808 -0.069653496 0.017117567 0.022313761 0.045354534 0.007760386 0.998691618
1341845824.265800 -0.293384284 -0.067095213 0.004522622 0.025396436 0.043526970 0.008118142 0.998696387
1341845824.298080 -0.286812156 -0.069193058 0.005317513 0.026411187 0.033682700 0.009298834 0.999040365
1341845824.333783 -0.284728795 -0.073470764 0.011523128 0.028899446 0.029791547 0.007750390 0.999108255
1341845824.365821 -0.286544651 -0.067542449 0.011444082 0.031916428 0.030599549 0.006898733 0.998998225
1341845824.398039 -0.296546727 -0.065991834 0.009407667 0.031288370 0.030076211 0.005740040 0.999041319
1341845824.433843 -0.315984040 -0.074774712 0.005333173 0.029873766 0.028180357 0.006318246 0.999136448
1341845824.465921 -0.319032133 -0.076773100 0.004998856 0.031127285 0.024165517 0.010592276 0.999167144
1341845824.501802 -0.312657326 -0.070242316 0.000239644 0.031870946 0.020906854 0.015085472 0.999159455
1341845824.533723 -0.320180714 -0.070426881 -0.002278005 0.029677106 0.018415447 0.019273136 0.999204040
1341845824.565735 -0.332506448 -0.069803096 0.005271561 0.027896293 0.016243292 0.022023736 0.999236166
1341845824.601758 -0.333650500 -0.072873510 0.005399189 0.027131302 0.013643893 0.026000794 0.999200523
1341845824.633861 -0.341740936 -0.070317820 0.004688036 0.026820250 0.012109016 0.029528880 0.999130666
1341845824.665789 -0.350303650 -0.072709180 0.006414555 0.026239743 0.010455373 0.032579564 0.999069989
1341845824.701769 -0.357212007 -0.074479327 0.009729560 0.026708584 0.007737097 0.034767121 0.999008596
1341845824.733585 -0.356713265 -0.073969103 0.006487483 0.028032266 0.004654212 0.036725540 0.998921335
1341845824.769643 -0.367038399 -0.059823286 0.003383071 0.028112032 0.004313395 0.037138022 0.998905420
1341845824.801632 -0.376531869 -0.068995439 0.006226581 0.023160199 0.001441088 0.036879100 0.999050319
1341845824.833654 -0.373967558 -0.082771957 0.006663928 0.023274863 -0.001721403 0.035803385 0.999086320
1341845824.869926 -0.377872616 -0.076570109 0.004535792 0.027733281 -0.001696807 0.036902383 0.998932540
1341845824.902071 -0.388585240 -0.067963257 0.004836650 0.027927918 -0.001949360 0.036645979 0.998936117
1341845824.933752 -0.385669231 -0.078268550 0.006581899 0.027005009 -0.002858714 0.033810742 0.999059319
1341845824.969855 -0.388767838 -0.071849354 0.001427501 0.027987590 -0.001285297 0.032177456 0.999089479
1341845825.001907 -0.389220923 -0.073328435 0.002358973 0.026265174 0.001397444 0.032125823 0.999137700
1341845825.037975 -0.400999248 -0.077792794 0.005282724 0.025406068 0.005482662 0.030671688 0.999191582
1341845825.075793 -0.409835637 -0.089538060 0.008581497 0.026707292 0.005044349 0.032322124 0.999107897
1341845825.075793 -0.411643058 -0.088647746 0.010526012 0.026828466 0.005320905 0.031995572 0.999113739
1341845825.107881 -0.410737336 -0.091665961 0.003441759 0.032526474 0.004427226 0.034533534 0.998864353
1341845825.143675 -0.413178176 -0.083258934 0.004030134 0.036561873 0.006239287 0.032297678 0.998789907
1341845825.175707 -0.420449018 -0.085276119 0.005360291 0.037072454 0.008116870 0.029486950 0.998844564
1341845825.211865 -0.425660908 -0.086108945 0.004198827 0.038253885 0.008800496 0.028962806 0.998809516
1341845825.243814 -0.423155695 -0.096111223 0.001107839 0.039185416 0.009852072 0.030705333 0.998711526
1341845825.275795 -0.435410142 -0.089703664 0.001174213 0.042574558 0.012305903 0.030836528 0.998541474
1341845825.311665 -0.445494115 -0.090472527 0.002584676 0.043045804 0.011325116 0.032027688 0.998495400
1341845825.343650 -0.444704354 -0.082301669 0.000184428 0.043852642 0.008935487 0.033570848 0.998433828
1341845825.379771 -0.450998783 -0.088587970 0.002693199 0.040743727 0.009241051 0.034051560 0.998546541
1341845825.411924 -0.455402970 -0.090209864 0.002531409 0.041418761 0.007929265 0.035940729 0.998463809
1341845825.443786 -0.468476295 -0.075759560 -0.004147047 0.039760284 0.006433206 0.037252866 0.998493850
1341845825.480278 -0.474917471 -0.087654121 0.001250244 0.034503404 0.002294512 0.039802995 0.998609126
1341845825.511636 -0.475030273 -0.079964444 0.001690831 0.034047626 -0.001802684 0.040332932 0.998604417
1341845825.547911 -0.478983790 -0.079754673 0.000527416 0.031554416 -0.004211281 0.041840300 0.998617053
1341845825.579744 -0.477796048 -0.087068655 0.001986853 0.029851122 -0.006028038 0.045575384 0.998496652
1341845825.611784 -0.483619928 -0.087455511 0.003201360 0.031688534 -0.006925594 0.048666604 0.998288274
1341845825.648004 -0.477218121 -0.083327875 0.004445040 0.033231702 -0.007895651 0.046319913 0.998342574
1341845825.679708 -0.486846268 -0.085225597 0.005379487 0.034708150 -0.004852477 0.046458162 0.998305321
1341845825.711937 -0.498520643 -0.082433000 0.006589028 0.035213951 -0.006893891 0.046975315 0.998251438
1341845825.747617 -0.501843572 -0.074457161 0.003738805 0.034648824 -0.009304716 0.043753225 0.998398006
1341845825.779688 -0.506433249 -0.077686876 0.003556473 0.031357341 -0.011486095 0.042096671 0.998555303
1341845825.815954 -0.507978559 -0.076784544 0.008256811 0.028817417 -0.014087996 0.039048340 0.998722374
1341845825.847829 -0.517358303 -0.078877084 0.004931679 0.026805529 -0.014478489 0.036498819 0.998869240
1341845825.879767 -0.525137722 -0.086006254 0.004072742 0.025517831 -0.017032536 0.037166264 0.998838007
1341845825.915646 -0.522447824 -0.081541441 0.002875842 0.026121140 -0.018920833 0.037689649 0.998768926
1341845825.947881 -0.528213263 -0.080746695 0.002425919 0.025374738 -0.018598201 0.038997643 0.998744011
1341845825.979700 -0.532655716 -0.083304130 0.004447087 0.024524052 -0.020032791 0.042391419 0.998599172
1341845826.015845 -0.536264658 -0.078585893 0.001235007 0.024864675 -0.020913351 0.043000605 0.998546660
1341845826.047945 -0.535570860 -0.085355230 0.003326673 0.023857553 -0.021604601 0.042933382 0.998559356
1341845826.079731 -0.544485390 -0.083261609 0.005488846 0.025306355 -0.021857040 0.044713967 0.998440087
1341845826.115655 -0.541404068 -0.083336860 0.002814858 0.025215019 -0.024460688 0.045397930 0.998351157
1341845826.147949 -0.540843904 -0.079516217 0.000591119 0.026078351 -0.023742752 0.040630277 0.998551667
1341845826.183767 -0.544615746 -0.079144962 -0.000764549 0.024742680 -0.023411930 0.036184635 0.998764455
1341845826.215780 -0.545535564 -0.081658050 -0.001877121 0.023021005 -0.024806723 0.035673626 0.998790324
1341845826.247732 -0.547815979 -0.082305051 -0.003787808 0.022643620 -0.025640285 0.040660854 0.998587310
1341845826.283763 -0.553671062 -0.084215805 -0.007827157 0.021643136 -0.027874006 0.045054954 0.998360991
1341845826.315658 -0.554355502 -0.082579292 -0.002326211 0.021648303 -0.031171596 0.046167485 0.998212516
1341845826.347773 -0.558745503 -0.079967164 -0.007029727 0.020787016 -0.032634269 0.046576969 0.998165071
1341845826.383718 -0.560517728 -0.083809927 -0.001314271 0.019194545 -0.035447866 0.047546055 0.998055339
1341845826.415712 -0.562214971 -0.088716090 -0.001752570 0.018869901 -0.038072467 0.049337544 0.997877896
1341845826.447806 -0.560287535 -0.090008914 -0.006056630 0.019765977 -0.040513009 0.048267949 0.997816741
1341845826.483677 -0.561161578 -0.086478025 -0.008965196 0.019748697 -0.041299716 0.048812877 0.997758329
1341845826.515677 -0.564165413 -0.088248856 -0.005716015 0.019251047 -0.042498522 0.052086901 0.997552097
1341845826.551684 -0.558610022 -0.083199069 -0.011913260 0.018699739 -0.043458700 0.050575122 0.997599065
1341845826.583716 -0.564501703 -0.085903272 -0.011225366 0.016707085 -0.042015735 0.048081413 0.997819483
1341845826.615875 -0.570255518 -0.087168641 -0.005392016 0.015285766 -0.044667155 0.051932082 0.997534096
1341845826.651722 -0.564933598 -0.083367608 -0.008946409 0.015813334 -0.045738123 0.054841094 0.997321606
1341845826.683753 -0.570594847 -0.071938477 -0.010176077 0.014204304 -0.045452237 0.052455023 0.997487247
1341845826.715643 -0.570546269 -0.072672136 -0.004053771 0.009755468 -0.046673629 0.049199305 0.997650146
1341845826.751884 -0.573338330 -0.070745356 -0.004969068 0.006317551 -0.045741335 0.050836936 0.997638941
1341845826.783713 -0.572167516 -0.069171071 0.002062051 0.003036363 -0.047477216 0.053152736 0.997452557
1341845826.819713 -0.564672589 -0.060267508 -0.009871594 -0.000059092 -0.046167918 0.048876863 0.997737288
1341845826.851701 -0.570741832 -0.065725900 0.004815769 -0.005974391 -0.042327728 0.050367687 0.997815549
1341845826.884460 -0.573285639 -0.068074442 0.003679150 -0.007360081 -0.044042744 0.056003097 0.997431576
1341845826.945792 -0.566907346 -0.053456977 -0.003721906 -0.017695872 -0.036736727 0.047791466 0.998024702
1341845826.981873 -0.574743986 -0.064380459 0.004196371 -0.022802735 -0.037782691 0.052417193 0.997649729
1341845827.013745 -0.566220105 -0.053677622 0.000037460 -0.022797810 -0.039448485 0.058879927 0.997224808
1341845827.045694 -0.559712231 -0.029380465 -0.010269379 -0.026349640 -0.035119385 0.058170430 0.997340739
1341845827.082458 -0.570696771 -0.042136941 0.006187737 -0.036278978 -0.030660363 0.053997844 0.997410655
1341845827.113645 -0.571037233 -0.055043682 0.012798326 -0.038516618 -0.033509601 0.058439620 0.996984720
1341845827.145773 -0.560162187 -0.034608375 -0.000224224 -0.036788300 -0.033533558 0.057906695 0.997080266
1341845827.182474 -0.564701378 -0.042126719 0.007431558 -0.042900562 -0.028983278 0.051990181 0.997304678
1341845827.213974 -0.565731466 -0.056024648 0.015798431 -0.043646190 -0.028978586 0.053013816 0.997218549
1341845827.251751 -0.559392989 -0.044673555 0.014827708 -0.038903583 -0.029425787 0.056376290 0.997217357
1341845827.313888 -0.561313629 -0.049970802 0.019347556 -0.049398664 -0.022174953 0.054092865 0.997066736
1341845827.349700 -0.561626911 -0.050998859 0.022031229 -0.044546369 -0.024788424 0.059666768 0.996915817
1341845827.381963 -0.556045294 -0.037477430 0.019592930 -0.042620573 -0.025009166 0.058232225 0.997079313
1341845827.413850 -0.554639697 -0.041690256 0.021062879 -0.044442721 -0.022649366 0.053704292 0.997310281
1341845827.449725 -0.557422638 -0.047120649 0.026648007 -0.043696120 -0.022143446 0.052019909 0.997443914
1341845827.488394 -0.554880679 -0.049897872 0.023606023 -0.040742822 -0.024524191 0.054547094 0.997378230
1341845827.488394 -0.555613756 -0.050451029 0.024081934 -0.040771622 -0.024438990 0.054523941 0.997380435
1341845827.555964 -0.550447822 -0.043395545 0.026578123 -0.038041461 -0.022622459 0.051622976 0.997685432
1341845827.623688 -0.541550517 -0.048803281 0.026316028 -0.034804821 -0.023954310 0.056263529 0.997521579
1341845827.623688 -0.542214811 -0.049044076 0.026078738 -0.034841679 -0.023916783 0.056231454 0.997523010
1341845827.656212 -0.544081926 -0.033899430 0.020076081 -0.034001470 -0.022392612 0.051697593 0.997832537
1341845827.687624 -0.535595655 -0.042335249 0.027711777 -0.039333101 -0.020327091 0.045285083 0.997992456
1341845827.723697 -0.532439411 -0.052192450 0.032116272 -0.039130099 -0.018582553 0.048574045 0.997879863
1341845827.755778 -0.533584118 -0.048479669 0.028426601 -0.036824424 -0.017336473 0.052075099 0.997813463
1341845827.791657 -0.524038672 -0.044260953 0.026551111 -0.036405034 -0.015361463 0.050221849 0.997956216
1341845827.823845 -0.524252415 -0.050286215 0.031237263 -0.037287217 -0.010893759 0.049419250 0.998022437
1341845827.855606 -0.520893097 -0.055078540 0.031907547 -0.035737567 -0.010050801 0.052276429 0.997942388
1341845827.891685 -0.509489894 -0.052771170 0.030222906 -0.032706253 -0.008118868 0.053464361 0.998001039
1341845827.923824 -0.505659938 -0.047872603 0.030995641 -0.031432331 -0.003640561 0.052797262 0.998103857
1341845827.959777 -0.505605221 -0.053599123 0.036751792 -0.031996891 -0.000287673 0.053902373 0.998033464
1341845827.991672 -0.498099953 -0.046173934 0.038505077 -0.029485775 0.001475737 0.055223472 0.998037517
1341845828.023726 -0.490599334 -0.042224254 0.033890374 -0.030645076 0.005244584 0.054450337 0.998032331
1341845828.059622 -0.488124371 -0.045548301 0.038991749 -0.031915002 0.008846937 0.054908808 0.997942030
1341845828.091720 -0.481907815 -0.047697585 0.041756965 -0.032015413 0.010624905 0.056013636 0.997860014
1341845828.127612 -0.482566535 -0.042872362 0.042090606 -0.031814847 0.012584029 0.056402918 0.997821689
1341845828.159638 -0.473904818 -0.042508498 0.043522354 -0.033036020 0.014303129 0.056705236 0.997741759
1341845828.191711 -0.472227246 -0.048534088 0.046108931 -0.033424236 0.017137732 0.053729974 0.997848868
1341845828.227644 -0.464464635 -0.043276295 0.044670589 -0.031603042 0.018040389 0.054361548 0.997858047
1341845828.259785 -0.461352676 -0.042572685 0.051322427 -0.031331517 0.020884793 0.058252838 0.997591496
1341845828.291687 -0.454370737 -0.044093534 0.049168605 -0.029781444 0.022031536 0.059863843 0.997519016
1341845828.327803 -0.449738920 -0.039380327 0.043331992 -0.028718758 0.023565043 0.060057271 0.997503459
1341845828.359694 -0.442665905 -0.038025044 0.048604619 -0.029732319 0.025162427 0.059870526 0.997446001
1341845828.395928 -0.440057248 -0.039895467 0.054620076 -0.029756093 0.027872402 0.061098326 0.997298777
1341845828.427803 -0.435369164 -0.037450369 0.054157980 -0.029509390 0.029346351 0.061185028 0.997258425
1341845828.459660 -0.425135911 -0.039780904 0.051112637 -0.029451700 0.029952994 0.061274935 0.997236609
1341845828.495761 -0.425253808 -0.035015374 0.051077060 -0.027958771 0.032633658 0.062989555 0.997088611
1341845828.527686 -0.422052801 -0.029337093 0.050676856 -0.029519469 0.034133554 0.062308662 0.997036219
1341845828.595750 -0.411870122 -0.032739513 0.055439986 -0.030266924 0.036442928 0.061609305 0.996975482
1341845828.654055 -0.398060352 -0.034066197 0.054501228 -0.032660883 0.039264079 0.062451053 0.996740460
1341845828.689681 -0.399524301 -0.032365192 0.052391216 -0.031123731 0.041236632 0.061895475 0.996744633
1341845828.721870 -0.397389948 -0.027931387 0.052583382 -0.031323884 0.041352239 0.062834993 0.996674776
1341845828.757706 -0.387363285 -0.030274779 0.056626208 -0.032165080 0.041447069 0.065271109 0.996487498
1341845828.789650 -0.389536649 -0.031649109 0.055584341 -0.031538960 0.042284671 0.068428092 0.996260464
1341845828.821914 -0.385272264 -0.026519589 0.052029643 -0.030644845 0.040882207 0.070250027 0.996220112
1341845828.857781 -0.377150565 -0.024473170 0.051694289 -0.031324949 0.039915357 0.071046405 0.996181726
1341845828.889770 -0.375288993 -0.025389481 0.053921461 -0.031591449 0.039924096 0.071788937 0.996119678
1341845828.931671 -0.371414810 -0.025934162 0.052641872 -0.031711351 0.038708907 0.071640544 0.996174514
1341845828.989696 -0.360255420 -0.026349571 0.052173607 -0.029659666 0.035410404 0.070271775 0.996457875
1341845829.025626 -0.354059994 -0.019371994 0.050269496 -0.028986001 0.033864494 0.069181316 0.996607721
1341845829.063840 -0.344418198 -0.021392049 0.050823670 -0.030405996 0.033566885 0.067239642 0.996708393
1341845829.089737 -0.341909021 -0.018699726 0.048787400 -0.030117625 0.034438904 0.067736030 0.996653795
1341845829.125754 -0.331573576 -0.020379812 0.046518676 -0.030820888 0.033173390 0.067756638 0.996673822
1341845829.158048 -0.319853634 -0.019113401 0.048501048 -0.030101860 0.033931166 0.066960230 0.996724129
1341845829.193669 -0.317307502 -0.022792177 0.048251275 -0.028494522 0.035708491 0.069244340 0.996553183
1341845829.225742 -0.313193649 -0.024461154 0.045005947 -0.024816850 0.035688400 0.071306363 0.996506810
1341845829.257763 -0.305098444 -0.022231761 0.045512743 -0.021920497 0.034496892 0.071605682 0.996595263
1341845829.293851 -0.297598690 -0.022231193 0.044921916 -0.019581009 0.033659413 0.070240654 0.996769726
1341845829.325861 -0.295323581 -0.024973210 0.040609699 -0.017542331 0.032802578 0.069062687 0.996918619
1341845829.357901 -0.290540338 -0.024972025 0.039990269 -0.014164980 0.029782632 0.069174804 0.997059286
1341845829.393704 -0.281427920 -0.020885551 0.037450440 -0.011875748 0.028211003 0.067140363 0.997273982
1341845829.425831 -0.281907976 -0.017817263 0.032616600 -0.011738519 0.027404727 0.064193957 0.997492015
1341845829.461720 -0.273702383 -0.028678034 0.038771816 -0.012972309 0.025141995 0.065648295 0.997441709
1341845829.493662 -0.269239247 -0.028370790 0.034906689 -0.006793946 0.022818532 0.068304464 0.997380376
1341845829.525846 -0.263225019 -0.015654698 0.027307710 -0.004676552 0.020403929 0.066931158 0.997537971
1341845829.561864 -0.253276050 -0.012146254 0.026956908 -0.007352614 0.020356933 0.063574389 0.997742355
1341845829.593763 -0.249962464 -0.023639122 0.029961487 -0.009798983 0.021434372 0.062807813 0.997747362
1341845829.625785 -0.248040885 -0.029184135 0.031343766 -0.004929920 0.020114012 0.066111892 0.997597277
1341845829.661787 -0.239692509 -0.015263252 0.025744705 -0.000926235 0.017234577 0.065734252 0.997687876
1341845829.693835 -0.231662393 -0.004510758 0.026496571 -0.003320475 0.018708343 0.061854903 0.997904301
1341845829.729747 -0.238000199 -0.023565000 0.029080536 -0.008117792 0.021477597 0.058044765 0.998049974
1341845829.761817 -0.246388674 -0.030813763 0.032775894 -0.004717036 0.017624157 0.057498209 0.998178959
1341845829.793840 -0.222466409 -0.021936262 0.023989392 -0.000724875 0.009876385 0.056368094 0.998360991
1341845829.829803 -0.215049803 -0.015385468 0.024398575 0.000438784 0.010664918 0.052375618 0.998570442
1341845829.861640 -0.223380968 -0.017209593 0.022909652 -0.001037594 0.009690875 0.051197819 0.998641014
1341845829.897840 -0.207555383 -0.030369502 0.028068513 -0.000733813 0.002610453 0.053720310 0.998552442
1341845829.929703 -0.194620192 -0.014202079 0.020425780 0.004533844 0.002245176 0.054012273 0.998527527
1341845829.962023 -0.203068078 -0.012571109 0.021852754 0.002752859 0.004803478 0.054495189 0.998498738
1341845829.997954 -0.196358100 -0.031341098 0.020869885 0.003266832 0.000213342 0.056484643 0.998398125
1341845830.029819 -0.179628506 -0.022713233 0.024201980 0.011115221 -0.001147981 0.056807294 0.998322666
1341845830.061836 -0.182783023 -0.004590697 0.023043720 0.012820128 0.000965402 0.057652265 0.998253942
1341845830.097885 -0.175063789 -0.022309249 0.021149535 0.009009422 0.001100147 0.057680126 0.998293936
1341845830.129668 -0.164373785 -0.029150633 0.021161599 0.014596175 0.000930719 0.059189945 0.998139620
1341845830.165590 -0.176828504 -0.015126181 0.018443976 0.018766670 0.000731241 0.061734129 0.997915924
1341845830.197779 -0.166831151 -0.022212569 0.024396382 0.016623663 -0.005452688 0.066167705 0.997655153
1341845830.229883 -0.143865585 -0.014698916 0.025759267 0.020070892 -0.006638277 0.065674730 0.997617185
1341845830.265730 -0.154835105 -0.007654262 0.017418265 0.018859614 -0.004563314 0.066261105 0.997613668
1341845830.297873 -0.152953699 -0.021409180 0.019786652 0.017466677 -0.007268195 0.069766156 0.997384012
1341845830.329863 -0.137974337 -0.015743861 0.021040190 0.020948363 -0.009219658 0.071701355 0.997163594
1341845830.365740 -0.140048102 -0.008813828 0.015912544 0.021196576 -0.008956360 0.071387693 0.997183204
1341845830.397779 -0.130812973 -0.012052070 0.019846482 0.019722974 -0.011583849 0.070309713 0.997263014
1341845830.433725 -0.111391008 -0.014827831 0.016918184 0.020098742 -0.011974662 0.067463554 0.997447491
1341845830.465762 -0.117474586 -0.012644692 0.015657706 0.021265440 -0.009788595 0.066438794 0.997515798
1341845830.507859 -0.106662020 -0.017221024 0.021998700 0.022062009 -0.012943414 0.067974538 0.997359157
1341845830.565943 -0.087425783 -0.004101398 0.019577671 0.024632616 -0.007869055 0.067048855 0.997414529
1341845830.597841 -0.086636215 -0.011714015 0.022387886 0.023039883 -0.008811321 0.069301553 0.997290730
1341845830.633627 -0.065498106 -0.010980716 0.019101202 0.025279185 -0.010641473 0.069609284 0.997197211
1341845830.665700 -0.062973544 -0.001676523 0.016086344 0.026335975 -0.008117717 0.069043159 0.997232974
1341845830.701788 -0.056534462 -0.001257514 0.020692080 0.025270406 -0.007585696 0.067871183 0.997345209
1341845830.733901 -0.045097437 0.004823065 0.017929122 0.024235623 -0.005601715 0.063708529 0.997658551
1341845830.765759 -0.040616587 0.003239162 0.012942611 0.021822287 -0.003299781 0.060133964 0.997946322
1341845830.801839 -0.026502118 -0.003036858 0.016943052 0.020528883 -0.001686821 0.058192469 0.998092890
1341845830.833774 -0.027124690 -0.006793238 0.013823443 0.021867746 0.001639514 0.057574574 0.998100400
1341845830.865751 -0.022658015 0.003348029 0.013297579 0.023245974 0.002111248 0.056837618 0.998110533
1341845830.901883 -0.009852300 0.002675242 0.014929915 0.021617986 0.004079430 0.052780285 0.998363853
1341845830.933811 -0.011111176 -0.007186429 0.013674921 0.021413535 0.006461393 0.051465414 0.998424292
1341845830.969705 -0.008275190 0.000551690 0.012609521 0.023333296 0.005850907 0.051637512 0.998376191
1341845831.001855 -0.003281076 0.006349196 0.010842591 0.022510424 0.005654129 0.047904838 0.998582244
1341845831.033886 0.008051664 0.002366067 0.014331687 0.020828644 0.006123489 0.045387387 0.998733521
1341845831.069727 0.007409055 -0.001227755 0.013406016 0.020984167 0.007938280 0.045016415 0.998734355
1341845831.101853 0.014102339 0.003253493 0.009736692 0.022116574 0.007543984 0.045043509 0.998711705
1341845831.137817 0.027287247 0.006948098 0.008775708 0.021065591 0.008336772 0.044232719 0.998764336
1341845831.169942 0.026674757 0.002288452 0.010318829 0.019342123 0.011049913 0.043491837 0.998805404
1341845831.201715 0.031964924 -0.004225505 0.010071960 0.020551261 0.010186999 0.044963904 0.998725295
1341845831.237723 0.038107149 0.003763825 0.008055745 0.023909027 0.009933449 0.045275960 0.998639047
1341845831.269903 0.038872592 0.004090264 0.007210255 0.023104837 0.010111724 0.045039028 0.998666823
1341845831.301755 0.037472006 0.000615998 0.002444743 0.022390923 0.007596544 0.044745754 0.998718619
1341845831.337779 0.046268214 -0.001738829 0.003108387 0.023204381 0.003310724 0.044208240 0.998747349
1341845831.369742 0.052979823 0.002525585 -0.000271089 0.024554603 -0.000025692 0.043264825 0.998761892
1341845831.405710 0.068040691 0.008424010 0.002436518 0.023837194 -0.001423838 0.041002832 0.998873651
1341845831.437646 0.073125824 0.003814881 0.001824821 0.021645518 0.000741036 0.038883466 0.999009073
1341845831.469752 0.075757116 -0.003997530 0.002384351 0.021820188 0.000708475 0.039967258 0.998962522
1341845831.505745 0.083678417 0.003054047 0.002535138 0.023279488 -0.000726801 0.039733957 0.998938859
1341845831.537844 0.104040384 0.014170952 0.001932658 0.021069435 0.000899660 0.037067700 0.999090195
1341845831.569610 0.101143882 0.004146892 0.001411022 0.016836872 0.004112505 0.035672378 0.999213278
1341845831.605848 0.102884933 -0.000637400 0.001555745 0.016243776 0.004761009 0.036344748 0.999195993
1341845831.637789 0.112523109 0.011865403 -0.002052719 0.015826229 0.005380149 0.035838541 0.999217808
1341845831.673597 0.122122966 0.015024226 0.000672550 0.010325707 0.008166167 0.034582384 0.999315202
1341845831.705652 0.127489850 0.007563913 0.007310626 0.006500104 0.012681940 0.035960283 0.999251664
1341845831.737705 0.129178330 0.005020060 0.002068114 0.006581305 0.015581577 0.040036332 0.999055088
1341845831.773629 0.135175735 0.011592698 0.001224640 0.006818677 0.016556384 0.042980358 0.998915493
1341845831.805810 0.141741708 0.018313512 0.000262247 0.004821794 0.018830243 0.043324582 0.998871982
1341845831.837719 0.142559022 0.012636188 -0.006591544 0.001026870 0.020251954 0.044730116 0.998793304
1341845831.873791 0.151372120 0.016013311 -0.000479369 0.000424253 0.018908937 0.046408489 0.998743534
1341845831.905728 0.160064250 0.026871083 0.004434104 -0.001093953 0.020749608 0.044046346 0.998813391
1341845831.941628 0.165492579 0.017721124 0.005216263 -0.004100244 0.022245076 0.043629743 0.998791695
1341845831.973784 0.175124049 0.020060547 0.003617742 -0.004223921 0.023685379 0.043322012 0.998771429
1341845832.005729 0.183421478 0.020499315 0.004755026 -0.004191739 0.025481686 0.041894216 0.998788238
1341845832.041627 0.191897973 0.026636215 0.003775644 -0.004758631 0.028191401 0.040440131 0.998772919
1341845832.073865 0.192120969 0.023674442 0.003927425 -0.006864520 0.031517845 0.038439292 0.998740196
1341845832.109730 0.194258481 0.017236374 0.001818096 -0.007009588 0.031414285 0.039244685 0.998711169
1341845832.141683 0.205282271 0.024068072 0.002930722 -0.004306003 0.030149935 0.039623413 0.998750448
1341845832.173988 0.210013121 0.029703941 -0.001838749 -0.004999027 0.032315716 0.037437525 0.998763800
1341845832.209956 0.207934126 0.022509908 -0.001483660 -0.006673686 0.031161672 0.038189936 0.998762190
1341845832.241796 0.219328657 0.028138101 -0.002508868 -0.005228715 0.028078960 0.039245412 0.998821318
1341845832.273776 0.229948580 0.035521917 -0.004353289 -0.006074158 0.028156282 0.037801120 0.998870075
1341845832.309916 0.228312209 0.037075810 -0.008360012 -0.009264566 0.030272359 0.036368404 0.998836875
1341845832.341687 0.232831582 0.034429703 -0.005198206 -0.011280897 0.028494906 0.038336638 0.998794854
1341845832.377708 0.242804721 0.040870782 -0.004136882 -0.011712373 0.026695207 0.039853126 0.998780251
1341845832.409802 0.246459171 0.042327765 -0.001782350 -0.013973681 0.026023906 0.040615719 0.998738170
1341845832.442187 0.250587463 0.043950651 -0.000868758 -0.014990126 0.025281053 0.040565468 0.998744607
1341845832.477743 0.256180376 0.047295216 -0.002862639 -0.015562239 0.025013091 0.040641475 0.998739421
1341845832.509635 0.261555195 0.048065428 -0.004495694 -0.016808240 0.024935964 0.041812394 0.998672843
1341845832.541586 0.269256055 0.050240666 -0.005988826 -0.017692354 0.025535300 0.042356513 0.998619497
1341845832.577871 0.272072911 0.050219279 -0.007368203 -0.018117530 0.025861355 0.043428037 0.998557448
1341845832.609738 0.278491914 0.053042840 -0.008943808 -0.018119970 0.024926102 0.044517577 0.998533249
1341845832.645699 0.284191906 0.057317257 -0.007478559 -0.018490916 0.025412131 0.044634003 0.998509049
1341845832.677817 0.285137087 0.060575962 -0.008526560 -0.020774342 0.025824659 0.044189867 0.998473287
1341845832.710177 0.291639566 0.058093894 -0.005023199 -0.022252250 0.026274890 0.044292599 0.998425126
1341845832.745710 0.294973493 0.061760664 -0.006195109 -0.022081707 0.027624790 0.046259321 0.998303294
1341845832.777849 0.300924748 0.064467520 -0.006068931 -0.022857277 0.028680954 0.048597172 0.998144984
1341845832.810110 0.307435513 0.067042023 -0.007045529 -0.023775857 0.029843625 0.049674325 0.998036385
1341845832.845797 0.312610835 0.068686478 -0.012484902 -0.025547305 0.031864565 0.050014514 0.997913122
1341845832.877696 0.316772699 0.065560393 -0.011376888 -0.026462547 0.033155669 0.052058987 0.997742653
1341845832.913787 0.320663601 0.070945024 -0.012833527 -0.025602330 0.033476748 0.052513611 0.997730553
1341845832.945664 0.326450616 0.074719019 -0.014042796 -0.026774989 0.034939367 0.050931513 0.997731626
1341845832.978015 0.329176366 0.070285983 -0.012992748 -0.027977273 0.035531126 0.051738348 0.997636199
1341845833.045857 0.342626095 0.077829495 -0.015675776 -0.028775869 0.035876479 0.051719707 0.997602105
1341845833.077785 0.350501865 0.077494390 -0.015457364 -0.030523133 0.037126075 0.051126588 0.997534990
1341845833.113636 0.359114170 0.074749567 -0.015133384 -0.030696830 0.038516089 0.051276214 0.997469366
1341845833.145767 0.364277571 0.080080010 -0.025816074 -0.030663121 0.040319577 0.051495984 0.997387767
1341845833.181891 0.370342433 0.082058504 -0.026317848 -0.034458876 0.042908892 0.048319366 0.997314751
1341845833.213878 0.373930246 0.079552397 -0.021266107 -0.036015291 0.044510294 0.049245339 0.997144282
1341845833.245714 0.379666120 0.077143960 -0.020511882 -0.034350049 0.042172894 0.050985161 0.997217178
1341845833.281847 0.392599285 0.075534053 -0.022037804 -0.031220304 0.042209785 0.051964670 0.997268021
1341845833.313771 0.397646010 0.084486611 -0.026565032 -0.028302163 0.045116138 0.052562773 0.997196496
1341845833.349756 0.402085900 0.085649975 -0.027466210 -0.029646441 0.046004009 0.053133689 0.997086525
1341845833.381840 0.414668322 0.084687255 -0.028479105 -0.030178085 0.047801021 0.053060837 0.996989906
1341845833.414644 0.416848451 0.086333916 -0.030734777 -0.030831622 0.051273767 0.052558061 0.996824026
1341845833.449819 0.417144954 0.081437133 -0.029071810 -0.032194369 0.050628029 0.054559879 0.996706426
1341845833.488616 0.427359372 0.083247595 -0.030331241 -0.030693529 0.050263863 0.053572807 0.996825695
1341845833.549835 0.429966182 0.081243694 -0.026268030 -0.034584206 0.050981682 0.053318653 0.996675491
1341845833.581733 0.436786264 0.077545613 -0.027263800 -0.031929627 0.049064733 0.054149576 0.996815443
1341845833.617817 0.437560380 0.082323708 -0.037532654 -0.031243926 0.048725288 0.055666935 0.996770203
1341845833.649899 0.439969033 0.082192406 -0.032548677 -0.033751834 0.047576994 0.054363117 0.996815920
1341845833.681671 0.444747597 0.077082589 -0.027703371 -0.033695880 0.047423996 0.054553777 0.996814668
1341845833.717606 0.441312104 0.081585750 -0.032174654 -0.032042816 0.046122167 0.057702173 0.996753037
1341845833.752940 0.444985747 0.086290382 -0.032725241 -0.033874538 0.043467395 0.055823188 0.996918738
1341845833.817827 0.447136879 0.083605744 -0.027275037 -0.037381273 0.044331275 0.055703890 0.996761978
1341845833.849860 0.452859282 0.081556633 -0.026146209 -0.037451647 0.042197436 0.055809423 0.996846080
1341845833.885667 0.454777002 0.085382678 -0.031770237 -0.036250450 0.043943599 0.053906035 0.996919811
1341845833.917724 0.451916426 0.086160965 -0.031133508 -0.038548850 0.044935599 0.053861715 0.996791720
1341845833.949675 0.454573929 0.080482326 -0.021322643 -0.038587257 0.043950647 0.054199472 0.996815860
1341845833.985662 0.456295550 0.083924875 -0.029400645 -0.036306363 0.045346148 0.053433571 0.996880352
1341845834.018158 0.449269712 0.089935407 -0.031964548 -0.037916966 0.047086451 0.052305710 0.996799529
1341845834.049769 0.449050784 0.081387363 -0.027382180 -0.040456235 0.045434050 0.051253330 0.996831059
1341845834.085753 0.449230731 0.083942153 -0.030743910 -0.039623704 0.045452643 0.048885785 0.996982574
1341845834.153871 0.442475379 0.082310706 -0.029254002 -0.041921906 0.047500003 0.048122410 0.996830225
1341845834.185736 0.439264059 0.080985576 -0.030019389 -0.042917229 0.048322003 0.045946352 0.996851087
1341845834.217802 0.431225836 0.084042437 -0.030401969 -0.043361887 0.049439494 0.044980716 0.996821105
1341845834.253824 0.423735976 0.087063126 -0.037906259 -0.046732314 0.048161842 0.043707334 0.996788025
1341845834.285756 0.422184080 0.079097427 -0.027083853 -0.050304309 0.045697752 0.041739210 0.996814430
1341845834.321783 0.419503361 0.076362580 -0.020229613 -0.047959466 0.045754910 0.042486962 0.996895850
1341845834.355135 0.412998945 0.072136432 -0.022656813 -0.042460494 0.046545211 0.045863785 0.996958971
1341845834.385801 0.406393439 0.078783110 -0.027685199 -0.038881339 0.047398444 0.045801159 0.997067690
1341845834.421748 0.398785710 0.078230120 -0.030729031 -0.039407711 0.048611529 0.044667613 0.997040033
1341845834.453840 0.388760120 0.075719021 -0.028304160 -0.040496983 0.047588091 0.043620851 0.997092128
1341845834.485639 0.384827405 0.073173448 -0.027274311 -0.040558737 0.045940284 0.040892798 0.997282445
1341845834.521785 0.380070090 0.074365869 -0.026285270 -0.039683815 0.045919038 0.040001526 0.997354805
1341845834.553727 0.370252490 0.073599540 -0.029298786 -0.040222995 0.046556715 0.039947528 0.997305751
1341845834.589787 0.355356067 0.068391867 -0.021240180 -0.040887322 0.045382459 0.039849363 0.997336864
1341845834.621791 0.355975062 0.073874064 -0.027006390 -0.038614612 0.041961439 0.039787699 0.997579694
1341845834.653808 0.346874624 0.076215789 -0.031750154 -0.040376648 0.043254975 0.036689572 0.997573376
1341845834.689847 0.335468441 0.073435679 -0.027779795 -0.044188306 0.043133955 0.033877414 0.997516572
1341845834.721856 0.323511839 0.066253081 -0.016680976 -0.045202274 0.040219665 0.033777315 0.997596264
1341845834.753919 0.322488755 0.062327102 -0.025030175 -0.042389225 0.037845895 0.034038037 0.997803748
1341845834.789834 0.314432621 0.066016734 -0.028097492 -0.040876213 0.038806494 0.033068962 0.997862577
1341845834.821826 0.301396847 0.062991090 -0.029628634 -0.042723175 0.039050229 0.033147201 0.997773111
1341845834.857804 0.292751074 0.061723053 -0.026379874 -0.043098878 0.036060348 0.032817781 0.997880399
1341845834.889796 0.285295874 0.059866440 -0.024319451 -0.043239214 0.034660272 0.031384349 0.997970045
1341845834.921771 0.272555351 0.056377657 -0.025770815 -0.042719703 0.034063276 0.031034501 0.998023868
1341845834.957942 0.258814812 0.057335891 -0.020113913 -0.041544825 0.031501446 0.031107066 0.998155355
1341845834.989806 0.251632333 0.054430701 -0.023488740 -0.040990304 0.028880775 0.029810714 0.998297095
1341845835.021804 0.242115453 0.052441064 -0.023976248 -0.039845467 0.026560385 0.030437576 0.998388886
1341845835.058003 0.234300241 0.050889362 -0.022097316 -0.038086791 0.024679514 0.030644987 0.998499513
1341845835.089820 0.221283108 0.051620789 -0.026634287 -0.036555786 0.022993991 0.031480830 0.998570979
1341845835.125663 0.209143385 0.054260168 -0.022129152 -0.036664519 0.019837806 0.032190178 0.998612046
1341845835.157750 0.203385979 0.051095109 -0.021522723 -0.038055524 0.017215963 0.030844217 0.998651087
1341845835.189830 0.190495983 0.040609863 -0.018346490 -0.037175991 0.015615910 0.031205392 0.998699367
1341845835.225912 0.182331488 0.042925645 -0.018588778 -0.032961290 0.012260699 0.033372164 0.998824120
1341845835.258001 0.171134785 0.048761405 -0.023757933 -0.031625465 0.011132699 0.031234212 0.998949587
1341845835.290164 0.160328999 0.045878951 -0.018240977 -0.032979332 0.009390251 0.030025480 0.998960853
1341845835.325788 0.146255329 0.041051835 -0.014863227 -0.031537358 0.006952123 0.030097239 0.999025166
1341845835.363902 0.141383454 0.041891985 -0.015745502 -0.029851643 0.004960730 0.028576313 0.999133527
1341845835.363902 0.140855774 0.042136975 -0.015995264 -0.029840441 0.005020353 0.028473038 0.999136448
1341845835.431742 0.111337982 0.041790318 -0.021399731 -0.029522384 0.001079877 0.026371865 0.999215603
1341845835.493790 0.103135958 0.031666566 -0.018132161 -0.027266994 -0.004527267 0.027121801 0.999249935
1341845835.527633 0.087042607 0.035395667 -0.018644515 -0.025762511 -0.006060545 0.027631853 0.999267757
1341845835.561788 0.083020695 0.038418993 -0.020466663 -0.026623847 -0.011338812 0.027865436 0.999192774
1341845835.594173 0.082461752 0.035537958 -0.014128945 -0.027861064 -0.012553709 0.026159951 0.999190629
1341845835.625859 0.070111349 0.025929349 -0.015690302 -0.026421789 -0.011465741 0.026886282 0.999223530
1341845835.661923 0.057740800 0.027018566 -0.013595697 -0.021661261 -0.014520747 0.030467825 0.999195516
1341845835.693994 0.065823831 0.027757855 -0.014089317 -0.018785823 -0.017390346 0.031581402 0.999173343
1341845835.725724 0.057944618 0.026851650 -0.015995996 -0.017087072 -0.014492113 0.031706821 0.999246120
1341845835.761816 0.034973297 0.024135405 -0.016662916 -0.014143933 -0.014213594 0.033133138 0.999249876
1341845835.793927 0.037990656 0.028752586 -0.016654769 -0.011448007 -0.017996987 0.035784937 0.999131918
1341845835.829809 0.033645887 0.029851468 -0.016946644 -0.011904093 -0.017687533 0.034555219 0.999175370
1341845835.868224 0.020507965 0.020461500 -0.016609162 -0.012420618 -0.016249165 0.035467576 0.999161541
1341845835.868224 0.018379079 0.022517558 -0.018270567 -0.012241188 -0.016069958 0.035211217 0.999175727
1341845835.903857 0.009203787 0.020358428 -0.016700821 -0.009540401 -0.019524746 0.039190482 0.998995483
1341845835.935727 0.010526678 0.026506562 -0.015962455 -0.008111725 -0.021096462 0.038283587 0.999011338
1341845835.967812 0.005682235 0.018739890 -0.016095815 -0.008614445 -0.019006049 0.037686538 0.999071777
1341845836.003789 -0.009704819 0.013459559 -0.018732723 -0.005702524 -0.018626185 0.040525269 0.998988688
1341845836.035920 -0.006977881 0.019328428 -0.019065898 -0.002216331 -0.020446518 0.041786339 0.998914897
1341845836.067671 -0.015054957 0.020925775 -0.017324293 -0.001999127 -0.018156836 0.040050160 0.999030709
1341845836.104034 -0.028508112 0.013882191 -0.019621301 -0.001297104 -0.018050516 0.040149562 0.999029815
1341845836.135769 -0.040844448 0.014945143 -0.025647663 0.001142502 -0.021002987 0.040738817 0.998948455
1341845836.172097 -0.038298789 0.020316632 -0.028097486 0.001110633 -0.024591690 0.039748315 0.998906493
1341845836.203642 -0.041153640 0.013812771 -0.024561951 -0.000835862 -0.023588011 0.038229279 0.998990238
1341845836.235687 -0.056550220 0.005038457 -0.025775740 0.000254111 -0.022777559 0.040313940 0.998927414
1341845836.271774 -0.065881163 0.005052151 -0.028892159 0.003359155 -0.026410716 0.042293772 0.998750508
1341845836.303797 -0.064600267 0.011489975 -0.029146971 0.004707272 -0.028674543 0.043088678 0.998648643
1341845836.335742 -0.065053836 0.013906644 -0.027214721 0.003546846 -0.027417002 0.043124262 0.998687208
1341845836.372549 -0.074743129 -0.000035868 -0.029443661 0.003871163 -0.024535056 0.046372321 0.998615444
1341845836.403992 -0.080379561 0.006990825 -0.032255858 0.007988692 -0.024141619 0.049158949 0.998467207
1341845836.435705 -0.079635531 0.010704963 -0.032130469 0.009364393 -0.022228900 0.050444476 0.998435616
1341845836.471817 -0.091762796 0.013387229 -0.035575014 0.009991073 -0.017760202 0.049760468 0.998553336
1341845836.503945 -0.104296140 0.011831466 -0.037512954 0.009921407 -0.017419782 0.051461026 0.998473823
1341845836.539832 -0.104133524 0.015344529 -0.035766434 0.010768468 -0.019769605 0.052272696 0.998379111
1341845836.571973 -0.103658862 0.015889920 -0.035867229 0.009729663 -0.020152824 0.052244339 0.998383582
1341845836.604373 -0.109609216 0.017674578 -0.037370242 0.008066113 -0.019377768 0.050945874 0.998480797
1341845836.639724 -0.113222182 0.006558440 -0.038840469 0.005496296 -0.019793352 0.049688764 0.998553514
1341845836.672049 -0.114155777 -0.001468650 -0.035121556 0.007050857 -0.020170173 0.047941618 0.998621583
1341845836.704020 -0.116663218 -0.005722297 -0.036548030 0.009206445 -0.019795243 0.047882449 0.998614430
1341845836.739779 -0.116159290 -0.021860952 -0.034168601 0.012780913 -0.020847185 0.049564138 0.998471558
1341845836.771652 -0.114197485 -0.020774279 -0.033443987 0.023448048 -0.020271337 0.051767308 0.998178124
1341845836.803601 -0.116591997 -0.025614422 -0.037467845 0.028547967 -0.018761115 0.053324752 0.997992754
1341845836.839643 -0.123225994 -0.034001935 -0.039256293 0.030723268 -0.019765651 0.054201514 0.997861564
1341845836.871771 -0.118207932 -0.036547855 -0.038737722 0.034553360 -0.021344658 0.055247996 0.997646272
1341845836.907663 -0.113447309 -0.035322033 -0.034586161 0.036428694 -0.019947037 0.056905329 0.997515380
1341845836.939824 -0.123793729 -0.052370660 -0.034877859 0.035909403 -0.017145239 0.059206177 0.997452378
1341845836.971802 -0.117655590 -0.053645890 -0.034514673 0.038428854 -0.019265143 0.060650416 0.997232974
1341845837.007714 -0.097221054 -0.035174929 -0.029406872 0.037615683 -0.017541528 0.060930997 0.997278690
1341845837.039752 -0.113397792 -0.060382027 -0.017288882 0.030752806 -0.010127352 0.060505554 0.997642636
1341845837.071715 -0.115601718 -0.079918213 -0.022043370 0.033885248 -0.009639158 0.059788693 0.997589231
1341845837.107691 -0.110435806 -0.074286975 -0.022227179 0.036285289 -0.009035415 0.061650045 0.997397184
1341845837.139763 -0.105662420 -0.090230890 -0.023770500 0.035227612 -0.005717114 0.061372630 0.997476697
1341845837.171636 -0.113019764 -0.105450593 -0.024934996 0.038759686 -0.002510509 0.056349203 0.997655332
1341845837.207675 -0.118215658 -0.102328241 -0.026111798 0.039675202 -0.003939357 0.054372571 0.997724473
1341845837.239749 -0.107709832 -0.117199481 -0.023792645 0.036799654 -0.006210188 0.048921686 0.998105228
1341845837.275755 -0.109304063 -0.134701595 -0.023815960 0.037147220 -0.003691661 0.044379719 0.998317003
1341845837.307686 -0.113601066 -0.158670500 -0.037203565 0.039893243 -0.003813410 0.048509546 0.998018444
1341845837.339628 -0.113057256 -0.162128046 -0.031215716 0.045732323 -0.006090744 0.049771402 0.997694492
1341845837.375710 -0.107148044 -0.169487506 -0.027777720 0.049714673 -0.005391615 0.047713887 0.997608542
1341845837.407709 -0.105658650 -0.160358772 -0.039604146 0.050449934 -0.002045707 0.045213502 0.997700572
1341845837.439656 -0.113745987 -0.168893889 -0.035819851 0.043498401 0.001330006 0.042924527 0.998130083
1341845837.475671 -0.106615171 -0.188675269 -0.033998549 0.039707892 0.002005191 0.040559523 0.998385787
1341845837.507973 -0.095917307 -0.190149531 -0.040549155 0.039961327 0.005206988 0.039484408 0.998407185
1341845837.543708 -0.096808381 -0.193863183 -0.037773453 0.036215935 0.009843925 0.038114171 0.998568475
1341845837.575706 -0.100741394 -0.213998988 -0.037157852 0.034008291 0.012114943 0.033853181 0.998774588
1341845837.607609 -0.096813232 -0.222810581 -0.038275272 0.034824081 0.014277895 0.031927474 0.998781323
1341845837.643704 -0.097781904 -0.231353730 -0.039377473 0.036272407 0.017355144 0.029646816 0.998751402
1341845837.675706 -0.100183055 -0.242705777 -0.039423581 0.038211759 0.019273559 0.027105901 0.998715997
1341845837.711803 -0.095821574 -0.241734743 -0.041521858 0.040367030 0.020758497 0.026271623 0.998623729
1341845837.743935 -0.094954565 -0.247901589 -0.043000653 0.040321313 0.023682935 0.024230607 0.998612225
1341845837.775698 -0.096995570 -0.261052370 -0.043642230 0.041972280 0.026469378 0.023091102 0.998501122
1341845837.811909 -0.088795178 -0.247005686 -0.044816785 0.043863211 0.028462265 0.024011875 0.998343349
1341845837.843915 -0.094581366 -0.258972496 -0.041325040 0.040341999 0.031931404 0.021943672 0.998434544
1341845837.879790 -0.093752027 -0.274020940 -0.042799138 0.040859740 0.034235608 0.020399343 0.998369813
1341845837.911946 -0.091154456 -0.281340420 -0.039561730 0.044478390 0.034765549 0.023906283 0.998118997
1341845837.946188 -0.089150175 -0.276230007 -0.044230841 0.047445238 0.034194343 0.025434850 0.997964323
1341845837.979709 -0.077188767 -0.273086905 -0.045621961 0.047197286 0.035764355 0.023984047 0.997956991
1341845838.041927 -0.094126612 -0.278898686 -0.039388966 0.040399332 0.042007450 0.018616822 0.998126626
1341845838.073905 -0.089955263 -0.298606008 -0.037323684 0.038487069 0.041370884 0.016951974 0.998258412
1341845838.105792 -0.091019943 -0.299329698 -0.034248911 0.041097526 0.042394470 0.017832745 0.998096049
1341845838.141667 -0.089710064 -0.294812769 -0.036412839 0.041611571 0.042601854 0.017932585 0.998064160
1341845838.173678 -0.085117146 -0.292775005 -0.032970142 0.039156694 0.042881694 0.013377457 0.998222888
1341845838.205767 -0.082154237 -0.293775052 -0.033324331 0.034195159 0.045018572 0.009051164 0.998359740
1341845838.241893 -0.088140644 -0.304172903 -0.036782753 0.027217062 0.048025984 0.005995412 0.998457253
1341845838.273791 -0.091217794 -0.323251188 -0.033867516 0.023664797 0.047588903 0.003922139 0.998578966
1341845838.309852 -0.092767119 -0.323044717 -0.033445150 0.024437042 0.045128047 0.003703934 0.998675466
1341845838.341805 -0.089683771 -0.331870288 -0.031360578 0.023700487 0.043275852 0.006096719 0.998763442
1341845838.373872 -0.085095860 -0.338855296 -0.028531544 0.024974093 0.043070242 0.007756565 0.998729765
1341845838.409713 -0.088469900 -0.335606843 -0.029954571 0.026107017 0.043040492 0.009096970 0.998690724
1341845838.441818 -0.083185531 -0.333703607 -0.032705337 0.024116322 0.041804783 0.011619595 0.998767197
1341845838.473754 -0.082480222 -0.343699992 -0.031097151 0.021119565 0.042447463 0.008887144 0.998835981
1341845838.509713 -0.082611576 -0.351683766 -0.029944012 0.019789169 0.043797374 0.006633189 0.998822451
1341845838.541649 -0.086673580 -0.359161079 -0.029002573 0.020044435 0.044049352 0.006717722 0.998805642
1341845838.577804 -0.079233676 -0.370547652 -0.033499006 0.022073658 0.043165643 0.003878261 0.998816550
1341845838.609807 -0.076438583 -0.371807605 -0.034795813 0.024486484 0.044826895 0.001160318 0.998694003
1341845838.641690 -0.079823837 -0.373946637 -0.033788122 0.026087027 0.047237173 0.000303700 0.998542964
1341845838.677850 -0.080414675 -0.374273032 -0.032659203 0.027008375 0.047510535 0.000459494 0.998505473
1341845838.709635 -0.070086703 -0.368048310 -0.039417587 0.027104173 0.047142208 -0.000813893 0.998520076
1341845838.745913 -0.055691957 -0.352594048 -0.038706996 0.022788145 0.050332472 -0.002700442 0.998468876
1341845838.777723 -0.071679302 -0.368814707 -0.024337053 0.014767740 0.054870453 -0.003921351 0.998376667
1341845838.809656 -0.079000309 -0.382214189 -0.024240045 0.011719861 0.054002028 -0.005921235 0.998454571
1341845838.845874 -0.066587619 -0.385155171 -0.025657669 0.011855467 0.052488174 -0.005437463 0.998536408
1341845838.877695 -0.052462716 -0.375147313 -0.035206318 0.008686920 0.054941364 -0.005220225 0.998438179
1341845838.909636 -0.063864842 -0.388005793 -0.023220921 0.003298673 0.059230126 -0.009847227 0.998190403
1341845838.945837 -0.067398027 -0.400830507 -0.027583359 0.002430673 0.059422057 -0.010966401 0.998169839
1341845838.977758 -0.061679363 -0.401593775 -0.027555931 0.004151301 0.058846872 -0.010323889 0.998205006
1341845839.013907 -0.051620889 -0.397967219 -0.030936463 0.005240460 0.060233485 -0.010113565 0.998119414
1341845839.046225 -0.054372206 -0.397750646 -0.034540065 0.003812640 0.063038573 -0.011409575 0.997938633
1341845839.077750 -0.062080052 -0.403437465 -0.030015603 0.000412751 0.061950311 -0.013022323 0.997994244
1341845839.113934 -0.057155557 -0.418481857 -0.022268519 0.000077941 0.059388883 -0.012831310 0.998152494
1341845839.145852 -0.052209906 -0.412894487 -0.027419889 0.003823446 0.059033524 -0.010481733 0.998193681
1341845839.177741 -0.044233758 -0.408726156 -0.028794022 0.004160251 0.058822934 -0.008388268 0.998224616
1341845839.214000 -0.038655788 -0.422109157 -0.030170025 0.003292422 0.060141452 -0.009407762 0.998140156
1341845839.246198 -0.040249772 -0.424303383 -0.037217610 0.005813052 0.062456556 -0.008575319 0.997993946
1341845839.281774 -0.031067561 -0.416988045 -0.033248402 0.007003293 0.063411571 -0.005665276 0.997946858
1341845839.314004 -0.024874970 -0.424304634 -0.036391087 0.006261344 0.065954566 -0.008311740 0.997768342
1341845839.345945 -0.035294306 -0.432302952 -0.038054068 0.006555265 0.069117755 -0.009718833 0.997539639
1341845839.381741 -0.033200942 -0.436220556 -0.038702879 0.008105974 0.068317398 -0.005884253 0.997613370
1341845839.413801 -0.025941275 -0.439794600 -0.039293975 0.010057242 0.068773918 -0.004769925 0.997570217
1341845839.445714 -0.023508582 -0.430116892 -0.040293116 0.012465824 0.070793062 -0.004350143 0.997403681
1341845839.481741 -0.021973556 -0.428248405 -0.042375315 0.011211846 0.071597397 -0.004683311 0.997359633
1341845839.514001 -0.015943615 -0.436756641 -0.040554211 0.009081159 0.072861850 -0.005558337 0.997285247
1341845839.549791 -0.019142663 -0.442248762 -0.038425092 0.010569788 0.074935697 -0.004750761 0.997121096
1341845839.587666 -0.020343645 -0.435620338 -0.040272195 0.011973872 0.074843295 -0.003886675 0.997115910
1341845839.681817 -0.021994259 -0.431190372 -0.040117651 0.011826485 0.077940747 -0.003795046 0.996880651
1341845839.713876 -0.014028457 -0.431986064 -0.037528113 0.010870542 0.075998768 -0.004208356 0.997039795
1341845839.749808 -0.006689381 -0.426476210 -0.035670694 0.011169006 0.076612048 -0.003773090 0.996991277
1341845839.781785 -0.016494524 -0.420972168 -0.038243331 0.010482754 0.077998817 -0.002535926 0.996895134
1341845839.817825 -0.018613622 -0.423953384 -0.038132928 0.008441638 0.076579660 -0.003030673 0.997023165
1341845839.849994 -0.015079227 -0.418333054 -0.037551377 0.007844700 0.075910889 -0.002948292 0.997079432
1341845839.881829 -0.020515617 -0.415833473 -0.037834786 0.005356386 0.076369509 -0.003321422 0.997059703
1341845839.917855 -0.027742742 -0.417024076 -0.038741339 0.003015069 0.075107872 -0.003008894 0.997166336
1341845839.950283 -0.029439187 -0.414400697 -0.033515081 0.001254235 0.072491020 -0.003209685 0.997363150
1341845839.985757 -0.030141702 -0.405292720 -0.029282445 -0.000452536 0.070424452 -0.002952644 0.997512698
1341845840.017660 -0.030518815 -0.396908760 -0.032363534 -0.004009890 0.068952084 -0.004022181 0.997603893
1341845840.049741 -0.038918294 -0.397922248 -0.026899261 -0.009123979 0.068384670 -0.005224414 0.997603655
1341845840.085650 -0.043565340 -0.403097570 -0.026770081 -0.012590053 0.066240020 -0.004433584 0.997714460
1341845840.117698 -0.041289963 -0.394061148 -0.024893954 -0.013363808 0.064127862 -0.002093988 0.997850060
1341845840.149796 -0.044580586 -0.380473465 -0.026087390 -0.015847282 0.063246325 -0.000661058 0.997871935
1341845840.186069 -0.042007800 -0.377801955 -0.022378543 -0.021007227 0.062244914 -0.000952442 0.997839391
1341845840.217657 -0.044069655 -0.370099187 -0.022463880 -0.024813516 0.063060634 -0.001350005 0.997700274
1341845840.253694 -0.056462511 -0.365489304 -0.012730068 -0.028432764 0.063533001 -0.000797802 0.997574329
1341845840.285914 -0.059205215 -0.363726884 -0.016902130 -0.030817008 0.060629044 -0.000058754 0.997684538
1341845840.317753 -0.057547711 -0.357079536 -0.012942976 -0.033114891 0.058402803 0.001541322 0.997742534
1341845840.353861 -0.053654123 -0.351710171 -0.017188122 -0.035259590 0.057748415 0.003156185 0.997703373
1341845840.385775 -0.059700027 -0.341379285 -0.012959515 -0.037930273 0.058782790 0.001026375 0.997549474
1341845840.417676 -0.066009931 -0.334249705 -0.011319805 -0.041386925 0.058162149 -0.000010891 0.997448921
1341845840.453598 -0.066912420 -0.334190220 -0.005786707 -0.043776803 0.056937307 -0.000160687 0.997417569
1341845840.485943 -0.068044610 -0.329211086 -0.007737396 -0.044356484 0.057358701 -0.000213636 0.997367799
1341845840.521810 -0.076062307 -0.324609905 -0.010078674 -0.045875609 0.057584435 -0.000198670 0.997286081
1341845840.553677 -0.078555830 -0.317158431 -0.005885509 -0.047785357 0.055262361 0.002137173 0.997325480
1341845840.585765 -0.075864270 -0.318555504 -0.006131724 -0.049437117 0.053661093 0.000663250 0.997334540
1341845840.621850 -0.079776578 -0.307565242 -0.004905177 -0.050144978 0.053748451 -0.000520330 0.997294545
1341845840.653789 -0.087524027 -0.301479101 -0.004140598 -0.054233644 0.053361181 -0.001899898 0.997099698
1341845840.685850 -0.087487079 -0.312011808 0.001033457 -0.056901656 0.052008796 -0.005409217 0.997009575
1341845840.721832 -0.096643351 -0.316168964 0.003829119 -0.055178095 0.052522473 -0.006347770 0.997074008
1341845840.753824 -0.107748687 -0.310062766 0.004509563 -0.051211830 0.049819894 -0.003178957 0.997439384
1341845840.789783 -0.094804198 -0.306165844 0.001750980 -0.048202138 0.045549378 -0.002060625 0.997796416
1341845840.821733 -0.092998445 -0.294532448 0.000837867 -0.045975830 0.046771582 -0.003118071 0.997842193
1341845840.853661 -0.102271490 -0.290551692 0.000119731 -0.045839269 0.048407253 -0.002559412 0.997772098
1341845840.889737 -0.104275785 -0.287839830 -0.001165191 -0.046047632 0.046633955 -0.000812972 0.997849822
1341845840.921786 -0.093470968 -0.278782934 -0.004580579 -0.045780543 0.046121530 -0.000789398 0.997886002
1341845840.957782 -0.100272089 -0.268622339 -0.000675352 -0.047648128 0.049920578 -0.001835942 0.997614324
1341845840.989777 -0.104842469 -0.268353105 0.002546640 -0.050612386 0.051510494 -0.002009407 0.997387111
1341845841.021755 -0.105452821 -0.269751996 0.006998555 -0.050052434 0.052028041 -0.001308672 0.997389674
1341845841.057797 -0.105084285 -0.272554517 0.004360400 -0.046497997 0.053215846 -0.001174544 0.997499228
1341845841.089861 -0.105406277 -0.261465400 0.001107908 -0.041794620 0.055235602 -0.002152839 0.997595906
1341845841.127763 -0.113756523 -0.255341619 0.006256222 -0.040489674 0.056358308 -0.004453993 0.997579396
1341845841.189794 -0.116022117 -0.246303335 0.009284765 -0.037319545 0.055360824 -0.013104392 0.997682691
1341845841.225871 -0.113326825 -0.241049543 0.010169785 -0.033549283 0.054627780 -0.014975631 0.997830689
1341845841.257769 -0.113408551 -0.232256919 0.002730038 -0.029966649 0.054372802 -0.015865345 0.997944891
1341845841.289834 -0.113741621 -0.222434491 -0.000572660 -0.028644480 0.053104080 -0.013722180 0.998083830
1341845841.325856 -0.110961489 -0.207085669 0.002817045 -0.029122671 0.052329939 -0.012836556 0.998122573
1341845841.357778 -0.115398780 -0.208479717 0.007534591 -0.031670362 0.051996175 -0.013184804 0.998057902
1341845841.389747 -0.122014366 -0.210214615 0.009248926 -0.029853674 0.049579244 -0.011100295 0.998262227
1341845841.425648 -0.110356398 -0.209450603 0.015949190 -0.024304062 0.045463268 -0.005598567 0.998654664
1341845841.457784 -0.106902458 -0.200578779 0.017324392 -0.015263984 0.044329025 0.000089797 0.998900414
1341845841.493636 -0.107944019 -0.182885289 0.008261579 -0.009760379 0.043223865 0.002927435 0.999013484
1341845841.525800 -0.101478159 -0.169794962 0.007139994 -0.011929560 0.042478461 0.004819501 0.999014616
1341845841.557776 -0.104649402 -0.167362094 0.012339435 -0.015430191 0.043392535 0.004582440 0.998928487
1341845841.593697 -0.112276927 -0.166973740 0.018506860 -0.017358609 0.042597629 0.006220784 0.998922169
1341845841.625800 -0.106774285 -0.167325795 0.021206170 -0.015451944 0.040502619 0.007988353 0.999028087
1341845841.657778 -0.104511522 -0.160010457 0.020379608 -0.012300558 0.040420383 0.009513182 0.999061763
1341845841.693890 -0.109638430 -0.151827738 0.020218264 -0.010972071 0.040640347 0.011173214 0.999051154
1341845841.725831 -0.107799895 -0.148304209 0.021784173 -0.011389601 0.039657939 0.011203594 0.999085665
1341845841.761977 -0.108534575 -0.141739845 0.022052964 -0.010513688 0.039444413 0.009792315 0.999118507
1341845841.793705 -0.111836977 -0.132510722 0.023220913 -0.012023036 0.038350511 0.010786354 0.999133825
1341845841.825907 -0.113583907 -0.135538533 0.024755912 -0.014730694 0.036735095 0.010241811 0.999164045
1341845841.862456 -0.115610555 -0.137835264 0.029118620 -0.014341753 0.035335153 0.010153418 0.999221027
1341845841.893840 -0.116980225 -0.139776170 0.032145899 -0.009746768 0.032968197 0.014256009 0.999307275
1341845841.925729 -0.117729388 -0.124794543 0.023758253 -0.005486029 0.031067964 0.015383441 0.999383867
1341845841.961799 -0.113986202 -0.121879652 0.025597481 -0.005570098 0.030092806 0.014910619 0.999420345
1341845841.994063 -0.111150682 -0.112991862 0.025235625 -0.005310423 0.031380672 0.013236917 0.999405801
1341845842.030345 -0.121895336 -0.106333181 0.023609251 -0.007669377 0.032037459 0.012998312 0.999372721
1341845842.061842 -0.118309177 -0.111487374 0.025852241 -0.009438315 0.029419366 0.014115391 0.999422967
1341845842.095648 -0.114119865 -0.102171004 0.024486948 -0.008218140 0.028782027 0.014991012 0.999439538
1341845842.130144 -0.112488009 -0.098712847 0.028922334 -0.008702322 0.028906738 0.017878747 0.999384344
1341845842.168651 -0.115918703 -0.089353248 0.027164295 -0.008650419 0.029370982 0.019039512 0.999349833
1341845842.204415 -0.117549367 -0.089370154 0.028814694 -0.008931610 0.029655086 0.019538146 0.999329329
1341845842.236995 -0.123051666 -0.085217111 0.032423049 -0.007209856 0.028773988 0.021104269 0.999337196
1341845842.298056 -0.114520021 -0.075110510 0.028367605 -0.002967336 0.022854775 0.025692433 0.999404252
1341845842.330531 -0.118343309 -0.066799812 0.024365764 -0.001237339 0.024439996 0.025831832 0.999366820
1341845842.362365 -0.122312963 -0.054624826 0.024019646 -0.002588452 0.022970092 0.027074035 0.999366164
1341845842.399606 -0.117550917 -0.053870905 0.027632235 -0.006191482 0.021853281 0.027190443 0.999372244
1341845842.439754 -0.116161183 -0.055117439 0.027974950 -0.007285811 0.022414571 0.026972106 0.999358296
1341845842.472222 -0.120508283 -0.052425954 0.029123100 -0.007452007 0.022837169 0.028187707 0.999313951
1341845842.506051 -0.123150699 -0.054077346 0.026469670 -0.007634519 0.020848362 0.028753299 0.999339998
1341845842.539739 -0.115496524 -0.049882505 0.030715391 -0.006965776 0.020231949 0.027335759 0.999397337
1341845842.597810 -0.123099215 -0.051372617 0.029400414 -0.005782362 0.021168005 0.026381131 0.999411106
1341845842.671782 -0.119152158 -0.032755882 0.031638540 -0.001041416 0.020473795 0.027170634 0.999420643
1341845842.733828 -0.125760511 -0.032175664 0.036157001 0.000105274 0.019317484 0.032923140 0.999271214
1341845842.772554 -0.123621494 -0.020669917 0.030794268 0.002135680 0.018780567 0.035237212 0.999200284
1341845842.772554 -0.123659134 -0.020925537 0.029988063 0.002123465 0.018816268 0.035119552 0.999203742
1341845842.803667 -0.124716036 -0.013111690 0.030989455 -0.000018839 0.018629597 0.037287708 0.999130905
1341845842.839779 -0.121190414 -0.014256646 0.032534659 -0.001799397 0.018984148 0.036960967 0.999134779
1341845842.871951 -0.128536776 -0.006110838 0.033250198 -0.001392028 0.020655688 0.035741709 0.999146640
1341845842.903766 -0.128449932 0.001440294 0.032860640 -0.002824308 0.019429548 0.035993066 0.999159217
1341845842.939694 -0.124043427 0.002163361 0.037426975 -0.005384509 0.019621519 0.034896821 0.999183774
1341845842.971703 -0.130393445 0.002554151 0.033460874 -0.004894439 0.020906217 0.034251738 0.999182582
1341845843.003637 -0.136096165 0.012845026 0.042678781 -0.003868788 0.018992463 0.036989477 0.999127686
1341845843.039687 -0.127798319 0.014948202 0.043125335 -0.004071107 0.017368561 0.038922504 0.999082983
1341845843.071786 -0.128747270 0.019905377 0.043220829 -0.003727847 0.019387284 0.039085384 0.999040902
1341845843.103725 -0.137964457 0.016845673 0.041785855 -0.004122263 0.019636692 0.041711580 0.998928249
1341845843.139742 -0.137040213 0.025159422 0.041275471 -0.001682468 0.016251976 0.043425981 0.998923123
1341845843.171825 -0.133383855 0.036967859 0.040362857 -0.002064303 0.015827302 0.041219749 0.999022663
1341845843.207907 -0.138804436 0.042554386 0.039764166 -0.005168862 0.017172396 0.036997180 0.999154508
1341845843.240014 -0.143822789 0.044074655 0.041400976 -0.009060540 0.016628893 0.033604071 0.999255896
1341845843.281910 -0.145049676 0.044375211 0.042148739 -0.010089863 0.014461060 0.033364091 0.999287724
1341845843.307930 -0.143855616 0.049949702 0.040922143 -0.009650187 0.012904258 0.033183325 0.999319434
1341845843.339844 -0.143990055 0.052199882 0.044556931 -0.009193644 0.012438336 0.034723852 0.999277294
1341845843.407961 -0.141136810 0.073575191 0.049461626 -0.003890008 0.015666969 0.037323963 0.999172866
1341845843.469698 -0.135742426 0.086863637 0.049083237 -0.005087271 0.017730793 0.037788950 0.999115527
1341845843.501755 -0.144547313 0.093722492 0.056804582 -0.007049535 0.021401409 0.037107609 0.999057233
1341845843.537749 -0.148447856 0.094649754 0.054134414 -0.008344643 0.019074781 0.040849108 0.998948455
1341845843.601912 -0.147174940 0.115447320 0.059822761 -0.012321011 0.020343905 0.037652213 0.999007821
1341845843.637854 -0.143601462 0.121057726 0.059637457 -0.014744086 0.019247992 0.037477463 0.999003291
1341845843.669935 -0.138509557 0.122505963 0.063761786 -0.015436600 0.020799123 0.038177591 0.998935223
1341845843.705705 -0.137529418 0.139363378 0.061600350 -0.013515568 0.024058623 0.039370198 0.998843610
1341845843.738087 -0.138430998 0.139869615 0.063655362 -0.016066574 0.026246365 0.041125126 0.998679996
1341845843.769868 -0.137988403 0.141414762 0.065854371 -0.014628369 0.027051043 0.043796889 0.998567045
1341845843.805741 -0.135363996 0.151260570 0.065267779 -0.012483275 0.028592320 0.045841552 0.998461425
1341845843.837731 -0.133511811 0.157501206 0.062114615 -0.013159126 0.031390838 0.044789933 0.998416483
1341845843.869723 -0.133003205 0.155615583 0.068521835 -0.014610042 0.034171537 0.044564784 0.998314977
1341845843.905817 -0.132185370 0.159440532 0.073210649 -0.011525457 0.034986023 0.047794513 0.998177767
1341845843.937846 -0.127752826 0.161755994 0.069108658 -0.008193892 0.036708236 0.049912129 0.998045206
1341845843.973843 -0.120049976 0.172058910 0.067693248 -0.005248112 0.040959354 0.051191501 0.997834742
1341845844.005877 -0.130299672 0.168271646 0.070189975 -0.005282567 0.044638108 0.052544333 0.997606456
1341845844.037839 -0.132267445 0.175535470 0.065117069 -0.002660755 0.043941285 0.050976168 0.997729242
1341845844.073843 -0.125041500 0.186746866 0.066908576 -0.002586843 0.045047212 0.046589281 0.997894585
1341845844.105844 -0.125121027 0.183760971 0.072474629 -0.003497951 0.047522902 0.044500757 0.997872293
1341845844.137727 -0.129114270 0.189645201 0.070837587 -0.002351436 0.048488155 0.044219021 0.997841716
1341845844.173729 -0.128128588 0.192916304 0.067500390 -0.000642010 0.048410282 0.043245152 0.997890711
1341845844.205772 -0.127874985 0.204393417 0.070280582 -0.001685170 0.049470395 0.042097054 0.997886658
1341845844.241826 -0.130670860 0.196362764 0.075101890 -0.002610843 0.049317304 0.043957628 0.997811973
1341845844.273743 -0.127350956 0.206482649 0.073773064 0.005144516 0.047860328 0.046462502 0.997759581
1341845844.305737 -0.130976066 0.215789944 0.070321225 0.007326523 0.048827607 0.050123014 0.997521937
1341845844.341702 -0.134278759 0.225709796 0.068608865 0.005067540 0.048995510 0.048239462 0.997620523
1341845844.373700 -0.132143289 0.230494291 0.073028818 0.001331512 0.048233282 0.047454972 0.997707367
1341845844.409780 -0.134399533 0.239621118 0.069617279 0.000510893 0.047865558 0.049881894 0.997607410
1341845844.441868 -0.134551272 0.246635571 0.071646981 -0.001534912 0.047032014 0.051858209 0.997545242
1341845844.473633 -0.131644651 0.252598882 0.072455280 -0.003586459 0.047813166 0.051980667 0.997496426
1341845844.509732 -0.135012597 0.256600052 0.070813954 -0.005185809 0.049697611 0.053434808 0.997320414
1341845844.541734 -0.142257303 0.266240507 0.068571568 -0.007242787 0.049598780 0.054370325 0.997262001
1341845844.573798 -0.137459338 0.272921920 0.070400260 -0.009787966 0.047177419 0.054789465 0.997334838
1341845844.609774 -0.134934425 0.276074767 0.075635828 -0.011733756 0.047175117 0.055529475 0.997272968
1341845844.641742 -0.143748611 0.279595554 0.076866329 -0.012086947 0.045949347 0.057053633 0.997240007
1341845844.677619 -0.140964061 0.286133230 0.077209659 -0.008450340 0.040202525 0.061465304 0.997263432
1341845844.709820 -0.143843934 0.301896155 0.073206507 -0.008470530 0.038099475 0.061477769 0.997345150
1341845844.741764 -0.147755548 0.299371272 0.075926758 -0.012001771 0.034300737 0.061965827 0.997416496
1341845844.778110 -0.150128692 0.306727111 0.075683892 -0.013550598 0.031005459 0.060191002 0.997613192
1341845844.811162 -0.158224225 0.309579134 0.078905791 -0.013661565 0.027452661 0.059874937 0.997734785
1341845844.842336 -0.165552527 0.328924239 0.072918504 -0.015200923 0.023310483 0.056120217 0.998036146
1341845844.883762 -0.158020407 0.319358021 0.082036637 -0.019315965 0.018690301 0.054099817 0.998173714
1341845844.947016 -0.164950952 0.329116672 0.081572808 -0.018317087 0.009519471 0.052690811 0.998397529
1341845844.977793 -0.162983611 0.341535240 0.077428006 -0.017841700 0.007124571 0.046906188 0.998714566
1341845845.009670 -0.161979944 0.336731493 0.081605837 -0.020415049 0.005395108 0.044143453 0.998802066
1341845845.045698 -0.166220844 0.343801647 0.078318335 -0.018787263 0.000761547 0.042503577 0.998919368
1341845845.077748 -0.156640381 0.351037741 0.075965963 -0.019345334 -0.002266670 0.037951011 0.999089777
1341845845.109679 -0.154059917 0.358109415 0.079732247 -0.020738997 -0.001139245 0.034289338 0.999196112
1341845845.145640 -0.155092105 0.356194586 0.081297874 -0.021816019 -0.001322462 0.033971507 0.999183893
1341845845.177719 -0.149789706 0.364376366 0.078633264 -0.020149317 -0.001589862 0.033254243 0.999242604
1341845845.213604 -0.144560248 0.379199266 0.081740342 -0.020027755 0.000898852 0.031516779 0.999302149
1341845845.245741 -0.143631697 0.377224028 0.085495852 -0.023075143 0.002314411 0.032748342 0.999194562
1341845845.277905 -0.144461602 0.375556797 0.086605147 -0.022533754 0.002774495 0.033513565 0.999180377
1341845845.314159 -0.145850062 0.388253063 0.082719080 -0.020901222 0.002806967 0.032779779 0.999240100
1341845845.345748 -0.143631965 0.392643809 0.085274674 -0.022742793 0.002979344 0.032071445 0.999222398
1341845845.381704 -0.146460772 0.398147374 0.086145565 -0.023681514 0.002379905 0.032276668 0.999195576
1341845845.413648 -0.146739051 0.402808249 0.086574584 -0.024373662 0.001004618 0.032352455 0.999178827
1341845845.445777 -0.145200327 0.409974962 0.084995843 -0.024350215 -0.001755526 0.031578600 0.999203086
1341845845.481809 -0.146632761 0.422333896 0.083870009 -0.027500637 -0.001668141 0.025686625 0.999290347
1341845845.514332 -0.146395907 0.416582972 0.088706017 -0.031074453 -0.002806404 0.025618589 0.999184847
1341845845.545717 -0.148485929 0.427442878 0.085864134 -0.030556684 -0.004924043 0.026396219 0.999172330
1341845845.581658 -0.145632908 0.438406259 0.085244425 -0.031656675 -0.007072877 0.024341939 0.999177337
1341845845.613959 -0.147400782 0.449742138 0.081789605 -0.034231089 -0.005210446 0.020446870 0.999191225
1341845845.649696 -0.150374427 0.444419622 0.086797953 -0.039206255 -0.004961103 0.022616373 0.998962879
1341845845.682034 -0.149934337 0.451334298 0.090452395 -0.036978163 -0.008421319 0.025211375 0.998962581
1341845845.714232 -0.143521398 0.471974403 0.083651595 -0.035415541 -0.009795984 0.023999261 0.999036431
1341845845.751971 -0.146536708 0.475772321 0.085748412 -0.041396547 -0.008096673 0.020718735 0.998895168
1341845845.787747 -0.146750286 0.465405881 0.088269338 -0.045721442 -0.007599440 0.018958922 0.998745441
1341845845.820616 -0.150753096 0.471937329 0.087717086 -0.045130938 -0.007631759 0.020154398 0.998748600
1341845845.887653 -0.137736216 0.489317268 0.091069132 -0.046062212 -0.008929095 0.017177999 0.998750985
1341845845.949895 -0.138573393 0.496683747 0.090808958 -0.046130445 -0.005894660 0.018755898 0.998741925
1341845845.981855 -0.141409278 0.507495940 0.089798190 -0.046435688 -0.003209223 0.019061210 0.998734236
1341845846.017822 -0.141520604 0.507025242 0.095269591 -0.048412282 -0.002440375 0.019245766 0.998639107
1341845846.049788 -0.141518384 0.511962712 0.092906274 -0.046586286 -0.001408683 0.019735536 0.998718321
1341845846.081697 -0.146119744 0.518913090 0.090495802 -0.046299092 -0.001238339 0.020273246 0.998721182
1341845846.117753 -0.143965364 0.524368823 0.091927454 -0.048011564 -0.002376265 0.019324351 0.998657048
1341845846.149729 -0.148161247 0.528618693 0.089300849 -0.048445530 -0.002434039 0.020007011 0.998622537
1341845846.185551 -0.149606407 0.536651850 0.089058176 -0.049370088 -0.003683570 0.022651197 0.998516858
1341845846.217670 -0.146686897 0.544804454 0.089723952 -0.050118219 -0.004052728 0.022732629 0.998476326
1341845846.249670 -0.147255316 0.549432874 0.086862244 -0.054224744 -0.003791262 0.025557933 0.998194456
1341845846.285621 -0.148019329 0.554957092 0.089045547 -0.055673804 -0.004333296 0.026098913 0.998098433
1341845846.318706 -0.143703148 0.568618774 0.087784469 -0.056496542 -0.003937179 0.025426995 0.998071194
1341845846.349746 -0.146328285 0.562927663 0.084219880 -0.062182777 -0.002493717 0.026844222 0.997700632
1341845846.385823 -0.142768830 0.569757879 0.085143104 -0.063258469 -0.003797963 0.028543521 0.997581720
1341845846.417804 -0.140531167 0.581037223 0.082516648 -0.065048367 -0.002443624 0.028171277 0.997481406
1341845846.453757 -0.144278377 0.590462923 0.079962105 -0.066391401 -0.001607693 0.031325821 0.997300506
1341845846.485915 -0.139900312 0.596908629 0.079444453 -0.067817703 -0.003484641 0.032130487 0.997174144
1341845846.517804 -0.137523457 0.601724625 0.077035517 -0.069867589 -0.000695500 0.030673521 0.997084379
1341845846.553866 -0.139665812 0.600101233 0.076837793 -0.076217450 0.000650325 0.031187169 0.996603131
1341845846.585802 -0.135012075 0.601926386 0.079921365 -0.076759070 -0.001082399 0.031292051 0.996557951
1341845846.621952 -0.136784628 0.609290063 0.073710009 -0.077069156 0.000968769 0.029459538 0.996590018
1341845846.653735 -0.138429329 0.606485069 0.075534903 -0.080573387 0.001271081 0.029052060 0.996324420
1341845846.687048 -0.133255616 0.606800735 0.074358568 -0.080373093 0.001014737 0.026288476 0.996417642
1341845846.721930 -0.136734262 0.607236862 0.072572961 -0.080223136 0.003800004 0.025182102 0.996451616
1341845846.755684 -0.136309475 0.600369334 0.070434719 -0.081113704 0.003283896 0.025557833 0.996371746
1341845846.785987 -0.133255005 0.595993102 0.071652979 -0.079893984 0.002980744 0.025501238 0.996472716
1341845846.821760 -0.134053200 0.590931952 0.070804447 -0.079197831 0.004950526 0.023666961 0.996565700
1341845846.853756 -0.136683226 0.573925138 0.071966618 -0.080235682 0.005508395 0.024368236 0.996462822
1341845846.889724 -0.135388017 0.557432771 0.074405827 -0.076695018 0.003873576 0.025123311 0.996730566
1341845846.921756 -0.142663985 0.557524860 0.071482904 -0.071565524 0.005814933 0.022144549 0.997173131
1341845846.953776 -0.140695482 0.548960507 0.071080670 -0.069964305 0.005718004 0.022679569 0.997275293
1341845846.989607 -0.141428933 0.524484992 0.074540175 -0.068903945 0.004115105 0.025056168 0.997300148
1341845847.021791 -0.140012905 0.522724748 0.074870855 -0.062962122 0.002941173 0.024087524 0.997720897
1341845847.053671 -0.141916454 0.521601081 0.072937965 -0.060749907 0.002634728 0.022757675 0.997890115
1341845847.089677 -0.151115179 0.490123361 0.076370239 -0.064626321 0.001257543 0.021507241 0.997676969
1341845847.121825 -0.141318351 0.489540935 0.077723347 -0.056487396 -0.002158206 0.019663135 0.998207331
1341845847.157737 -0.135763660 0.486226469 0.075709313 -0.052550972 -0.002101438 0.019715086 0.998421431
1341845847.189613 -0.135628074 0.475736618 0.074641317 -0.049411535 -0.001189198 0.021288088 0.998550951
1341845847.221790 -0.127946943 0.466275960 0.076924510 -0.045948442 -0.000146169 0.021834224 0.998705208
1341845847.257718 -0.135773405 0.454775929 0.070766404 -0.044018239 0.003401302 0.022834009 0.998763978
1341845847.289652 -0.134130031 0.444501936 0.069851398 -0.042226747 0.002755814 0.024511272 0.998803556
1341845847.321777 -0.129880428 0.438048691 0.069486007 -0.039754089 0.003223199 0.022033582 0.998961389
1341845847.357899 -0.133004069 0.425429136 0.067928247 -0.038874466 0.005123246 0.021054989 0.999009192
1341845847.390176 -0.133672684 0.418073267 0.065712497 -0.036703840 0.005354326 0.019997884 0.999111772
1341845847.425786 -0.131014034 0.408536315 0.061452243 -0.036768388 0.006688136 0.017469969 0.999148786
1341845847.489945 -0.129286870 0.388967633 0.057802647 -0.035537530 0.006202963 0.019488130 0.999159098
1341845847.525805 -0.132435307 0.383941859 0.056044675 -0.035446960 0.005069874 0.018203607 0.999192953
1341845847.557741 -0.128379315 0.396489233 0.049011637 -0.035056382 0.002235252 0.012523631 0.999304414
1341845847.593782 -0.126579463 0.363302827 0.050054777 -0.042574167 0.000274973 0.010213329 0.999041080
1341845847.625656 -0.122678630 0.349274606 0.048068684 -0.039970584 -0.000385159 0.011404871 0.999135733
1341845847.657670 -0.125090986 0.347228259 0.041969266 -0.036427893 -0.000020613 0.013504851 0.999245048
1341845847.693751 -0.122586071 0.343899220 0.038493130 -0.035292551 -0.000125735 0.014171577 0.999276519
1341845847.725684 -0.122995615 0.326548517 0.033437207 -0.037190672 0.001418824 0.013653371 0.999213994
1341845847.757787 -0.121445924 0.315107375 0.032695178 -0.036310196 0.001061731 0.017705042 0.999183178
1341845847.793826 -0.125836506 0.313375890 0.025976500 -0.034390520 -0.000239378 0.019226955 0.999223471
1341845847.825684 -0.124580406 0.304988116 0.027637029 -0.035714112 -0.000828511 0.018283606 0.999194443
1341845847.861928 -0.128180400 0.295321673 0.022839012 -0.036262732 -0.001148596 0.018698189 0.999166727
1341845847.893697 -0.128277421 0.284012556 0.022925636 -0.037290875 -0.004180481 0.022811314 0.999035299
1341845847.925644 -0.125141680 0.287036687 0.023632377 -0.032910321 -0.006530188 0.023500616 0.999160707
1341845847.961946 -0.125333518 0.282260448 0.020801431 -0.033440430 -0.005573948 0.023247465 0.999154806
1341845847.993685 -0.127685025 0.267538190 0.018650157 -0.034008488 -0.006364675 0.026281878 0.999055684
1341845848.025620 -0.124081500 0.266681105 0.017685566 -0.032884289 -0.008047561 0.026763741 0.999068379
1341845848.061715 -0.124706119 0.256361544 0.016342985 -0.032744721 -0.007671002 0.027560150 0.999054253
1341845848.093689 -0.127817199 0.254094601 0.011844708 -0.032767095 -0.008746373 0.028017510 0.999032021
1341845848.132119 -0.125486001 0.245065272 0.012661493 -0.033595026 -0.011839497 0.027311489 0.998992205
1341845848.132119 -0.127102777 0.245141208 0.012743471 -0.033599794 -0.011588046 0.027119903 0.999000192
1341845848.167711 -0.120542683 0.241866022 0.011252911 -0.033163160 -0.012361377 0.024052501 0.999084055
1341845848.200502 -0.122925997 0.232567191 0.010480342 -0.034417938 -0.011703526 0.024260128 0.999044538
1341845848.232265 -0.122092493 0.225723669 0.009745275 -0.034843706 -0.013906431 0.024741475 0.998989701
1341845848.267873 -0.119246416 0.219076142 0.007615023 -0.033790406 -0.014210464 0.024740426 0.999021649
1341845848.301135 -0.120608151 0.219329789 0.000637132 -0.034220833 -0.013379676 0.025070801 0.999010265
1341845848.335735 -0.121906780 0.209855095 0.000318937 -0.039180689 -0.015323658 0.026307881 0.998768270
1341845848.367757 -0.117831364 0.201449990 0.000968641 -0.040736813 -0.017263999 0.024139993 0.998729110
1341845848.399644 -0.118238002 0.196495429 -0.001946100 -0.041085098 -0.017876852 0.024280036 0.998700678
1341845848.435802 -0.123011932 0.188962400 -0.005238465 -0.042532165 -0.021714631 0.026899204 0.998496890
1341845848.467705 -0.109534062 0.189853981 -0.009623231 -0.042450566 -0.023877770 0.024079937 0.998522937
1341845848.503759 -0.114523433 0.185360312 -0.008417050 -0.043649785 -0.019560695 0.022961859 0.998591483
1341845848.536036 -0.119281180 0.175801173 -0.009224745 -0.044998009 -0.019819759 0.025649460 0.998461068
1341845848.567958 -0.116015948 0.174614400 -0.012092085 -0.044093437 -0.021957045 0.026966194 0.998422086
1341845848.603657 -0.115949705 0.170284152 -0.013718492 -0.044593330 -0.021031687 0.025786527 0.998450935
1341845848.635797 -0.118652791 0.160991624 -0.012214351 -0.046233647 -0.021575300 0.026398197 0.998348653
1341845848.671815 -0.119652636 0.148255199 -0.011633714 -0.045875218 -0.022572985 0.027609473 0.998310447
1341845848.703677 -0.114144191 0.142755091 -0.012455264 -0.040857103 -0.022455985 0.028283121 0.998512149
1341845848.735781 -0.116900474 0.138042018 -0.014874118 -0.037263781 -0.020680282 0.030077530 0.998638690
1341845848.771647 -0.118266799 0.134810612 -0.013468335 -0.035163183 -0.020524576 0.032579865 0.998639524
1341845848.803783 -0.114482790 0.134292841 -0.018371498 -0.032645125 -0.019396756 0.032764841 0.998741508
1341845848.839757 -0.115107782 0.141009569 -0.022955630 -0.033120006 -0.015953122 0.030649625 0.998853922
1341845848.871829 -0.114400074 0.135781974 -0.015740683 -0.038312621 -0.013582855 0.028282704 0.998773158
1341845848.903622 -0.108957916 0.117414057 -0.011172484 -0.037699413 -0.009726699 0.026732124 0.998884141
1341845848.940608 -0.110185675 0.119847134 -0.006055028 -0.027154207 -0.003088507 0.030425966 0.999163389
1341845848.972843 -0.110823885 0.128776327 0.000542024 -0.021112541 0.000503142 0.034344714 0.999186933
1341845849.008613 -0.109463684 0.128033534 0.003855250 -0.019553710 0.002590679 0.032163057 0.999288023
1341845849.072005 -0.116644047 0.128948465 0.014725491 -0.016382203 0.008037724 0.031619836 0.999333382
1341845849.133777 -0.100311510 0.136046425 0.024130141 -0.017246468 0.012147994 0.025651352 0.999448419
1341845849.165908 -0.109124333 0.127348930 0.039014950 -0.018631598 0.017808801 0.025596837 0.999340117
1341845849.201651 -0.113778867 0.123883575 0.045309097 -0.016723631 0.018370792 0.027329938 0.999317706
1341845849.233648 -0.106812514 0.130088061 0.050672758 -0.015254946 0.018465964 0.027338704 0.999339283
1341845849.265690 -0.108282723 0.139866680 0.054013919 -0.015787963 0.021155823 0.026285624 0.999305964
1341845849.301701 -0.114945523 0.134708941 0.068088941 -0.018549968 0.021777591 0.025156869 0.999274194
1341845849.333730 -0.115583763 0.132369682 0.073359251 -0.019646347 0.019965863 0.024901995 0.999297440
1341845849.369727 -0.114208378 0.136176929 0.084606826 -0.020514535 0.019045141 0.024204293 0.999315083
1341845849.401811 -0.116466671 0.134826377 0.093034536 -0.020636482 0.018505052 0.025149627 0.999299407
1341845849.433692 -0.112767726 0.136119470 0.103027821 -0.019185118 0.018355321 0.023664005 0.999367297
1341845849.469648 -0.120935634 0.136493489 0.109920047 -0.020241138 0.019626502 0.023393106 0.999328732
1341845849.501641 -0.117076591 0.133838907 0.120402873 -0.021143150 0.018033627 0.023842786 0.999329448
1341845849.533689 -0.116785832 0.136167660 0.129798621 -0.020344870 0.019124780 0.023027699 0.999344885
1341845849.569780 -0.120085642 0.143647417 0.138299569 -0.020880915 0.019885745 0.022310905 0.999335229
1341845849.601759 -0.117599756 0.135969043 0.148939863 -0.023784854 0.019993842 0.021853209 0.999278247
1341845849.637837 -0.118612520 0.136191651 0.158805102 -0.022592574 0.022689914 0.021692947 0.999251842
1341845849.669719 -0.120833866 0.140713975 0.168457121 -0.021509852 0.024629911 0.021781661 0.999227822
1341845849.701927 -0.119263083 0.140478909 0.177327260 -0.022128355 0.026329489 0.020781154 0.999192297
1341845849.737804 -0.119958162 0.140669763 0.187832043 -0.022124477 0.029467151 0.019910503 0.999122560
1341845849.769688 -0.129673481 0.138148203 0.198619291 -0.022836396 0.031415910 0.021239260 0.999019742
1341845849.805874 -0.130240455 0.137517065 0.208255231 -0.022945186 0.029233215 0.021861980 0.999070108
1341845849.838002 -0.122505486 0.141879097 0.214920133 -0.022632197 0.027959639 0.020136692 0.999149978
1341845849.873756 -0.123749845 0.145089477 0.223930821 -0.024942521 0.029831335 0.017810464 0.999085009
1341845849.905773 -0.128726244 0.139822349 0.236835837 -0.026650377 0.029905651 0.018023551 0.999034882
1341845849.942380 -0.121178202 0.138550669 0.245001867 -0.025315704 0.029615756 0.017937332 0.999079764
1341845849.969808 -0.125817657 0.144056499 0.251169175 -0.024977369 0.033369783 0.016479807 0.998995066
1341845850.006040 -0.130921811 0.141371503 0.259986222 -0.026566183 0.034026343 0.015155517 0.998952866
1341845850.038041 -0.129012898 0.140518114 0.268392950 -0.027044008 0.033041213 0.013212687 0.999000669
1341845850.073843 -0.129997239 0.136559427 0.276586443 -0.026241465 0.033783957 0.012536698 0.999005914
1341845850.137727 -0.139446333 0.145272657 0.292532116 -0.027131915 0.033282917 0.009169547 0.999035537
1341845850.173748 -0.136037618 0.141556278 0.301830441 -0.029328937 0.029940529 0.007646077 0.999092042
1341845850.205888 -0.134278893 0.141318023 0.308381200 -0.029699044 0.028415982 0.007707773 0.999125183
1341845850.242190 -0.137273639 0.142849594 0.317493796 -0.030012118 0.027595425 0.008196763 0.999134898
1341845850.276369 -0.137142956 0.141287744 0.323033363 -0.030878985 0.025725925 0.007302783 0.999165297
1341845850.311979 -0.136631399 0.142398477 0.333262712 -0.031588510 0.024567822 0.005942442 0.999181330
1341845850.343827 -0.136463001 0.145213738 0.338762730 -0.033369895 0.022889566 0.004981005 0.999168515
1341845850.380151 -0.135924906 0.140291035 0.347253680 -0.035498261 0.022719260 0.003611143 0.999104977
1341845850.412359 -0.131821051 0.138391867 0.355870038 -0.034651399 0.023073332 0.004359917 0.999123573
1341845850.447279 -0.131851420 0.140513107 0.363577366 -0.033901084 0.024559900 0.006071849 0.999104977
1341845850.511722 -0.123191901 0.138163716 0.375758588 -0.029859111 0.026272820 0.011860748 0.999138415
1341845850.573894 -0.126369029 0.135037556 0.391753972 -0.028711500 0.028988274 0.013034659 0.999082327
1341845850.609794 -0.126356661 0.138456464 0.396289080 -0.026286323 0.029421605 0.012883130 0.999138415
1341845850.641744 -0.126613855 0.132785365 0.402382672 -0.027557731 0.028610511 0.012242867 0.999135673
1341845850.673755 -0.122427307 0.132821679 0.407592982 -0.025580863 0.028099982 0.010365814 0.999224007
1341845850.709784 -0.123032823 0.134473309 0.412969172 -0.025000364 0.030051079 0.009577215 0.999189854
1341845850.741802 -0.128310606 0.131444603 0.418473482 -0.024717866 0.029796641 0.011060573 0.999189138
1341845850.777740 -0.121103503 0.133520067 0.425229043 -0.024065034 0.027693398 0.011323677 0.999262631
1341845850.841900 -0.123783574 0.137602076 0.436273813 -0.023422936 0.028291365 0.010947438 0.999265313
1341845850.877766 -0.121995889 0.135655820 0.442773342 -0.024959091 0.027496727 0.009963313 0.999260604
1341845850.909781 -0.118736953 0.138525084 0.448269606 -0.025020488 0.027945416 0.009811258 0.999248147
1341845850.941758 -0.120070063 0.138252914 0.456831396 -0.026387848 0.028743951 0.010567747 0.999182582
1341845850.977762 -0.122597307 0.137487888 0.463420093 -0.027072815 0.028459566 0.013009011 0.999143600
1341845851.009834 -0.118603192 0.143946528 0.467627347 -0.026031099 0.026942138 0.015299936 0.999180913
1341845851.045751 -0.117368311 0.143333629 0.474691421 -0.027683016 0.027450275 0.016560324 0.999102533
1341845851.077894 -0.117837012 0.139805824 0.483565748 -0.027413912 0.028151356 0.018764297 0.999051511
1341845851.109747 -0.120167650 0.149068430 0.486422896 -0.025219817 0.028131237 0.019850861 0.999088883
1341845851.145889 -0.116858348 0.152395174 0.492167711 -0.027904017 0.025935601 0.017507136 0.999120772
1341845851.177904 -0.111663029 0.149756953 0.497693896 -0.030299481 0.026131829 0.014336665 0.999096334
1341845851.209882 -0.121165827 0.155460894 0.501807630 -0.031140760 0.028177865 0.012745546 0.999036491
1341845851.251733 -0.121939234 0.150047436 0.512201548 -0.034294408 0.024819380 0.011777995 0.999034166
1341845851.313813 -0.115216397 0.151687428 0.518351912 -0.030935040 0.026521543 0.011740508 0.999100506
1341845851.345834 -0.121052675 0.150442734 0.524724841 -0.030218039 0.025374047 0.015042497 0.999108016
1341845851.377718 -0.116221696 0.154411882 0.528096855 -0.027146857 0.022017917 0.017471740 0.999236226
1341845851.413805 -0.113120109 0.161865100 0.530822992 -0.026906226 0.021045974 0.017262224 0.999267340
1341845851.445896 -0.123314701 0.158352718 0.536261499 -0.030806679 0.020498389 0.015531619 0.999194443
1341845851.478163 -0.119774669 0.160828203 0.541162789 -0.030693775 0.016268736 0.015810423 0.999271393
1341845851.514640 -0.114176869 0.166794509 0.542335570 -0.031488001 0.015594588 0.015939366 0.999255419
1341845851.546201 -0.117661320 0.166617364 0.546768367 -0.034386527 0.016847288 0.017091772 0.999120474
1341845851.581975 -0.116134845 0.160084099 0.553084135 -0.035879608 0.016970150 0.020075396 0.999010384
1341845851.616214 -0.115317859 0.164561495 0.553122282 -0.032277960 0.017975509 0.025882250 0.998982072
1341845851.681977 -0.111547172 0.161771268 0.562925518 -0.034219760 0.015204389 0.027528113 0.998919487
1341845851.714139 -0.115797706 0.165947512 0.563392818 -0.031939082 0.016902277 0.027741414 0.998961806
1341845851.745927 -0.117929183 0.169579953 0.567451417 -0.032272533 0.014844113 0.029414421 0.998935878
1341845851.781911 -0.109173961 0.168085620 0.572352052 -0.033172734 0.011649447 0.027734170 0.998996913
1341845851.813848 -0.106808402 0.167585418 0.573871315 -0.032127075 0.013166435 0.025144227 0.999080718
1341845851.849910 -0.109648973 0.165546551 0.577534795 -0.032765735 0.013549928 0.024164706 0.999079049
1341845851.881832 -0.100900076 0.155731454 0.577692807 -0.031154908 0.011773300 0.022583609 0.999190092
1341845851.913735 -0.096300647 0.167493358 0.572930753 -0.025856221 0.013699081 0.020190993 0.999367893
1341845851.949904 -0.102780528 0.161391959 0.575284123 -0.028837087 0.016030904 0.016312575 0.999322474
1341845851.982005 -0.095810533 0.156629622 0.573530555 -0.026943870 0.016082393 0.013677590 0.999414027
1341845852.017909 -0.094728336 0.160325229 0.570861757 -0.025500551 0.018523891 0.013086932 0.999417543
1341845852.050012 -0.089629404 0.161398351 0.567734778 -0.025833575 0.019955972 0.011076595 0.999405742
1341845852.082035 -0.091245435 0.155631572 0.564914227 -0.026943993 0.024233727 0.009758266 0.999295533
1341845852.121076 -0.087084025 0.162193149 0.561829448 -0.024761299 0.026509047 0.010760305 0.999283910
1341845852.163838 -0.085181326 0.157550067 0.558114707 -0.026511537 0.029990545 0.011336670 0.999134243
1341845852.190660 -0.089101635 0.159356236 0.556571186 -0.024793524 0.033389259 0.012956372 0.999050915
1341845852.223981 -0.090634622 0.155983210 0.553736150 -0.025823038 0.033895981 0.014093670 0.998992324
1341845852.286726 -0.094870679 0.159710407 0.543095529 -0.023689050 0.033761408 0.015067065 0.999035537
1341845852.349834 -0.093685165 0.154579937 0.534417331 -0.026330985 0.030119460 0.017395400 0.999048054
1341845852.385657 -0.102270596 0.152695492 0.529080808 -0.026307559 0.029768473 0.020228650 0.999005795
1341845852.417731 -0.096371196 0.156039342 0.521521330 -0.027161721 0.025466286 0.020276485 0.999100864
1341845852.449741 -0.096157447 0.149835229 0.517095864 -0.029320905 0.025624890 0.018777767 0.999065101
1341845852.485861 -0.100959942 0.153635666 0.509847999 -0.029091125 0.024885405 0.017354624 0.999116242
1341845852.517876 -0.103756942 0.151257426 0.503527641 -0.032099210 0.022777079 0.015662145 0.999102354
1341845852.553887 -0.105091721 0.145782024 0.497622520 -0.031183988 0.021390229 0.018426413 0.999114871
1341845852.617891 -0.111866057 0.149763465 0.482227802 -0.031650946 0.018168395 0.019842625 0.999136865
1341845852.653840 -0.107962370 0.152643546 0.474049419 -0.031199433 0.016384762 0.018820992 0.999201655
1341845852.685926 -0.116113432 0.151474133 0.465603739 -0.032454394 0.018201694 0.018307628 0.999139786
1341845852.717821 -0.119541109 0.150335848 0.459941179 -0.032828599 0.016607577 0.021451635 0.999092758
1341845852.753958 -0.111943372 0.153597459 0.449661821 -0.031838700 0.015225604 0.023519771 0.999100268
1341845852.785766 -0.117574185 0.153905019 0.440227151 -0.033684127 0.018767938 0.023915509 0.998970032
1341845852.822784 -0.124368966 0.150408775 0.434685260 -0.034098793 0.018931229 0.025443612 0.998915136
1341845852.885924 -0.124570087 0.153763324 0.415668428 -0.034176346 0.021350510 0.023375336 0.998914301
1341845852.921581 -0.126027092 0.156685382 0.410525084 -0.033162199 0.021444798 0.024319869 0.998923957
1341845852.953977 -0.127332404 0.148914769 0.400276303 -0.032897830 0.023403425 0.022633146 0.998928368
1341845852.989721 -0.132520348 0.159745052 0.391514152 -0.028923653 0.025819171 0.022065610 0.999004483
1341845853.021716 -0.145928547 0.159946382 0.383697391 -0.033288747 0.024668336 0.018568465 0.998968780
1341845853.053750 -0.139401838 0.157110393 0.379368633 -0.032948062 0.021366647 0.018585833 0.999055862
1341845853.089814 -0.142695963 0.168398291 0.368818849 -0.031852525 0.021314280 0.017667126 0.999109089
1341845853.121864 -0.145537570 0.160028309 0.364948183 -0.035727765 0.020156819 0.016786572 0.999017239
1341845853.159690 -0.145171896 0.156864554 0.356968433 -0.033851694 0.020023732 0.017992465 0.999064326
1341845853.159690 -0.145788580 0.156931341 0.357073218 -0.033830959 0.020063668 0.017835883 0.999066949
1341845853.195824 -0.148972586 0.160484523 0.348605901 -0.031529780 0.020169498 0.019180773 0.999115229
1341845853.227731 -0.148754954 0.160863489 0.339056581 -0.032501932 0.018896675 0.018366933 0.999124229
1341845853.263703 -0.148353860 0.153351784 0.331553489 -0.032336891 0.019657746 0.018066069 0.999120414
1341845853.296490 -0.153423741 0.155262008 0.322313666 -0.029558446 0.021169147 0.018018316 0.999176502
1341845853.327753 -0.159946114 0.155887231 0.312866569 -0.028450819 0.020251594 0.018937785 0.999210596
1341845853.363891 -0.153359964 0.152660981 0.304977417 -0.028081030 0.018376777 0.019031473 0.999255538
1341845853.395726 -0.155809924 0.156437248 0.291880727 -0.025480760 0.020989724 0.017869074 0.999295235
1341845853.463774 -0.163794070 0.151664823 0.278223574 -0.026254609 0.019643610 0.017627137 0.999306858
1341845853.525799 -0.173756957 0.157528251 0.260821223 -0.027303893 0.020877015 0.015029406 0.999296188
1341845853.557770 -0.173347667 0.154630810 0.250849873 -0.026953489 0.018311463 0.015909133 0.999342322
1341845853.589705 -0.172649994 0.156137392 0.241302103 -0.026196493 0.018168166 0.016187739 0.999360621
1341845853.625908 -0.178735897 0.157704338 0.230831400 -0.026106952 0.018102033 0.016821885 0.999353707
1341845853.657783 -0.179171652 0.157158777 0.224001512 -0.026439404 0.016970167 0.017101044 0.999360085
1341845853.689930 -0.177174181 0.157253891 0.214156136 -0.024256261 0.017467158 0.018361166 0.999384582
1341845853.725779 -0.180967301 0.161761701 0.202712223 -0.023042979 0.018848177 0.019523116 0.999366164
1341845853.757962 -0.183636382 0.158411980 0.197759151 -0.023533318 0.019410778 0.020860661 0.999316931
1341845853.793750 -0.185638577 0.157830641 0.186916769 -0.021340404 0.019715404 0.022950443 0.999314368
1341845853.825783 -0.189447388 0.164185673 0.177410677 -0.020578545 0.020100838 0.022119468 0.999341428
1341845853.857700 -0.196858808 0.159666583 0.171538845 -0.021632889 0.020099808 0.021204967 0.999339044
1341845853.893805 -0.194972560 0.161406755 0.162927732 -0.020278927 0.017327646 0.020695841 0.999430001
1341845853.925836 -0.191846475 0.173287407 0.152724460 -0.020415356 0.016201843 0.016127180 0.999530196
1341845853.957735 -0.196982324 0.162876993 0.147529677 -0.024123177 0.018118400 0.012399316 0.999467909
1341845853.993852 -0.203659549 0.160187185 0.144000664 -0.022091266 0.018628564 0.015122198 0.999468029
1341845854.025830 -0.202814996 0.167482510 0.134324506 -0.019547362 0.017038841 0.016467100 0.999528170
1341845854.061903 -0.196423531 0.178403780 0.126152590 -0.021126393 0.017443927 0.012470483 0.999546885
1341845854.093760 -0.207763702 0.166311532 0.129314139 -0.023993513 0.019761937 0.009918234 0.999467611
1341845854.125736 -0.214330077 0.169203863 0.117796212 -0.021622863 0.017067157 0.011496847 0.999554455
1341845854.161837 -0.204858869 0.180634409 0.112021141 -0.021169312 0.013213832 0.010229556 0.999636292
1341845854.193844 -0.202218130 0.183738098 0.104616500 -0.023863107 0.015354565 0.008414451 0.999561965
1341845854.229884 -0.212359026 0.178513721 0.100242525 -0.026151935 0.017117118 0.010395279 0.999457359
1341845854.261692 -0.211245015 0.183970809 0.094991222 -0.025533710 0.014628153 0.014698884 0.999458849
1341845854.293781 -0.206352457 0.186667189 0.090091370 -0.025786964 0.014315646 0.017542807 0.999411047
1341845854.330249 -0.210752860 0.193602473 0.082608677 -0.026670430 0.016886147 0.017790440 0.999343395
1341845854.361687 -0.216150507 0.189579666 0.077222429 -0.030311350 0.017264185 0.018030815 0.999228835
1341845854.393726 -0.214116171 0.185164705 0.076528758 -0.030249402 0.016014416 0.020189438 0.999210179
1341845854.429762 -0.207411140 0.193848997 0.067013286 -0.028893651 0.017546585 0.019665113 0.999235034
1341845854.462072 -0.215230405 0.187271878 0.066926464 -0.031418670 0.021290308 0.019367311 0.999091864
1341845854.497796 -0.217546880 0.177704796 0.067637630 -0.029588092 0.022065813 0.023231478 0.999048531
1341845854.529719 -0.215433583 0.187139705 0.058938120 -0.025791530 0.022135781 0.023739414 0.999140263
1341845854.561884 -0.219107240 0.187914059 0.057004195 -0.027625032 0.023820095 0.020726878 0.999119580
1341845854.597860 -0.225910127 0.182674035 0.055544540 -0.028972706 0.023302330 0.016676905 0.999169409
1341845854.629736 -0.216828391 0.183382630 0.053338628 -0.028768199 0.019907478 0.014212597 0.999286771
1341845854.662835 -0.214797124 0.180558428 0.052875727 -0.029697122 0.019520137 0.012616914 0.999288738
1341845854.697815 -0.215944037 0.176135883 0.050960995 -0.028989200 0.019561276 0.013782114 0.999293268
1341845854.729806 -0.218115613 0.174533010 0.046885733 -0.026430756 0.019145047 0.014412804 0.999363422
1341845854.765688 -0.212237090 0.178895280 0.039925054 -0.024505921 0.017546581 0.012970046 0.999461532
1341845854.797997 -0.213453263 0.179478467 0.035567351 -0.024633499 0.018969864 0.010046897 0.999466062
1341845854.829779 -0.219318435 0.174911126 0.031242225 -0.025217477 0.019020759 0.009996338 0.999451101
1341845854.865670 -0.216049790 0.175946295 0.024902130 -0.024427054 0.016296897 0.007854044 0.999537885
1341845854.897712 -0.210867867 0.182214499 0.014037511 -0.025033435 0.017060773 0.004343718 0.999531627
1341845854.930302 -0.213055849 0.173308983 0.012257169 -0.027706701 0.019265702 0.005252408 0.999416649
1341845854.965801 -0.217548162 0.173635304 0.004235058 -0.026902014 0.019291593 0.007864890 0.999421000
1341845854.997629 -0.212172151 0.178863302 -0.005769328 -0.026810991 0.018306265 0.008553834 0.999436319
1341845855.033841 -0.212589979 0.178651869 -0.004824801 -0.028118795 0.020550106 0.008955495 0.999353290
1341845855.065777 -0.223687649 0.176055893 -0.011309974 -0.027731203 0.021391578 0.012253382 0.999311447
1341845855.097795 -0.226218119 0.181973413 -0.024303662 -0.027672650 0.017223369 0.014803118 0.999359012
1341845855.133841 -0.219486177 0.182298988 -0.027776878 -0.029433209 0.014730344 0.013530876 0.999366641
1341845855.165831 -0.224755496 0.180356234 -0.031328630 -0.030924056 0.014530681 0.012832185 0.999333739
1341845855.201780 -0.234667033 0.179364324 -0.034578141 -0.031603221 0.011315330 0.014031958 0.999337971
1341845855.233747 -0.227233320 0.182631522 -0.037454009 -0.032260314 0.006432347 0.012621791 0.999379158
1341845855.265823 -0.224822998 0.176528975 -0.039009925 -0.032936025 0.006498955 0.012082475 0.999363303
1341845855.301716 -0.231423438 0.171282202 -0.047103029 -0.031162126 0.007414056 0.015069239 0.999373257
1341845855.333726 -0.233430877 0.171096489 -0.050475303 -0.028688170 0.005718209 0.019186208 0.999387980
1341845855.365773 -0.230515927 0.176214367 -0.056782395 -0.027306262 0.003358807 0.022235075 0.999374151
1341845855.401892 -0.229204267 0.176019818 -0.058729246 -0.027233902 0.003856948 0.022575561 0.999366701
1341845855.433652 -0.235970795 0.171742141 -0.063635044 -0.025950925 0.004605578 0.024728937 0.999346733
1341845855.469817 -0.237584740 0.172685623 -0.068125337 -0.024523882 0.002277165 0.026687700 0.999340415
1341845855.502750 -0.235058993 0.173626557 -0.070767798 -0.023934802 0.000312173 0.026514513 0.999361873
1341845855.533846 -0.234331205 0.175562441 -0.075943127 -0.023010757 0.001068669 0.023122272 0.999467254
1341845855.569986 -0.241432086 0.172140881 -0.080087632 -0.023570962 0.002098141 0.020631574 0.999507070
1341845855.601707 -0.241556987 0.164832413 -0.080911651 -0.022920048 0.000012840 0.021237088 0.999511719
1341845855.633953 -0.240224063 0.168252438 -0.086459339 -0.019712478 -0.001607929 0.019571189 0.999612808
1341845855.669628 -0.244925857 0.175997838 -0.091343306 -0.019751741 -0.000924009 0.016072597 0.999675333
1341845855.701786 -0.249209121 0.165267318 -0.090830974 -0.022818992 -0.002477892 0.014812280 0.999626875
1341845855.737762 -0.247528642 0.163447380 -0.091893442 -0.020795079 -0.004725596 0.015537949 0.999651849
1341845855.769674 -0.249937296 0.167733550 -0.095012039 -0.019557474 -0.006596100 0.016692106 0.999647677
1341845855.802152 -0.247901857 0.170361564 -0.099980734 -0.020167278 -0.008677010 0.015310029 0.999641776
1341845855.837801 -0.247944564 0.163603440 -0.098620065 -0.021345258 -0.008603808 0.013646683 0.999642074
1341845855.869788 -0.247439340 0.164957762 -0.102029510 -0.019565644 -0.008393369 0.013635374 0.999680340
1341845855.901958 -0.247400239 0.167340294 -0.105710298 -0.019186059 -0.008365732 0.014305821 0.999678612
1341845855.937711 -0.243692622 0.163250506 -0.109732285 -0.019551938 -0.008884415 0.014893365 0.999658465
1341845855.969840 -0.241254300 0.164819434 -0.111780584 -0.018539784 -0.007873454 0.014702446 0.999689043
1341845856.038077 -0.241304085 0.163769320 -0.117093459 -0.018365305 -0.006536228 0.018439177 0.999639988
1341845856.069815 -0.241687521 0.169148043 -0.126030326 -0.016708240 -0.005471039 0.020829238 0.999628484
1341845856.105773 -0.246516183 0.178394169 -0.132874563 -0.018615097 -0.004607684 0.021971460 0.999574661
1341845856.137725 -0.241851836 0.172467083 -0.131986931 -0.022198644 -0.006332898 0.023514517 0.999457002
1341845856.169966 -0.240993500 0.181541577 -0.136256769 -0.023031481 -0.005797557 0.022442885 0.999466062
1341845856.205833 -0.244296774 0.181436554 -0.138037860 -0.026781561 -0.003931897 0.023103299 0.999366581
1341845856.237587 -0.244991824 0.175704390 -0.141967148 -0.028467508 -0.004621760 0.025042132 0.999270380
1341845856.273683 -0.240113601 0.179316103 -0.146837682 -0.028812369 -0.005395388 0.025591476 0.999242663
1341845856.305723 -0.239631146 0.180797949 -0.147028580 -0.029330561 -0.003895741 0.025898172 0.999226630
1341845856.337653 -0.245278001 0.178943291 -0.150312170 -0.030234195 -0.003039502 0.027052689 0.999172091
1341845856.373714 -0.245181784 0.174970925 -0.152163625 -0.029724887 -0.004411398 0.029181613 0.999122381
1341845856.405678 -0.245977461 0.182781696 -0.158733085 -0.027699234 -0.004989526 0.029056717 0.999181449
1341845856.441799 -0.247764498 0.186305299 -0.158664942 -0.028584959 -0.004744614 0.026264308 0.999235034
1341845856.473680 -0.248676345 0.178059608 -0.161429167 -0.030261360 -0.005634884 0.025606442 0.999198079
1341845856.505768 -0.251981676 0.179816127 -0.167190820 -0.029864335 -0.006643341 0.024095476 0.999241412
1341845856.541718 -0.245665416 0.189423889 -0.164312571 -0.030198557 -0.006169739 0.022778790 0.999265313
1341845856.573678 -0.248001799 0.175796628 -0.165290430 -0.032923851 -0.005046849 0.024078654 0.999155104
1341845856.605758 -0.249857113 0.179934189 -0.166815624 -0.031037135 -0.006159561 0.026096363 0.999158561
1341845856.641782 -0.245320022 0.179130629 -0.168450072 -0.030049562 -0.006266872 0.026338663 0.999181688
1341845856.673977 -0.245294288 0.186407745 -0.170817479 -0.028669957 -0.003786413 0.025916114 0.999245703
1341845856.709876 -0.251730651 0.180008635 -0.171365082 -0.031820096 -0.003231756 0.027283490 0.999115944
1341845856.741736 -0.248839036 0.170822009 -0.169241086 -0.030237984 -0.005456109 0.029914573 0.999080122
1341845856.773960 -0.245528862 0.189035580 -0.179512292 -0.026229106 -0.004171356 0.028009258 0.999254823
1341845856.809797 -0.251976848 0.188538373 -0.178359896 -0.030167198 -0.002304726 0.026848100 0.999181569
1341845856.841746 -0.253837705 0.180762902 -0.177211076 -0.031906560 -0.003996892 0.026169706 0.999140203
1341845856.873762 -0.249201179 0.191107407 -0.177565917 -0.031266928 -0.004199943 0.025310867 0.999181747
1341845856.915904 -0.250465959 0.195124879 -0.180450663 -0.033275422 -0.003076220 0.025014231 0.999128461
1341845856.977900 -0.248804972 0.187714383 -0.181002468 -0.037183881 -0.002433062 0.026480462 0.998954594
1341845857.009735 -0.246090740 0.186458945 -0.182231054 -0.036747858 -0.002820200 0.029718110 0.998878658
1341845857.041737 -0.243812770 0.187671319 -0.186352000 -0.035243575 -0.002447795 0.031586912 0.998876512
1341845857.077896 -0.245416790 0.191473082 -0.189378381 -0.034093399 -0.001142058 0.031717896 0.998914599
1341845857.109633 -0.247686848 0.194648638 -0.194730029 -0.034734685 -0.000932180 0.029907638 0.998948514
1341845857.141583 -0.244284108 0.192003742 -0.197265595 -0.036623638 -0.001122290 0.027549740 0.998948753
1341845857.178255 -0.237872049 0.188412726 -0.204469100 -0.037096523 0.000045055 0.025006469 0.998998821
1341845857.209846 -0.245564505 0.191212848 -0.208596170 -0.037484366 0.002802407 0.022397786 0.999042332
1341845857.245767 -0.241149515 0.183862239 -0.208866403 -0.038744919 0.001307079 0.022451350 0.998996019
1341845857.277737 -0.238178015 0.184308514 -0.213405892 -0.037127960 0.001611256 0.021154057 0.999085367
1341845857.309994 -0.241709620 0.183984622 -0.219570681 -0.036115799 0.003290113 0.020507133 0.999131799
1341845857.345862 -0.242091984 0.187556192 -0.225706458 -0.036161289 0.003283121 0.019677849 0.999146879
1341845857.377787 -0.239666238 0.177540764 -0.221303061 -0.037124161 0.002863823 0.019869644 0.999109030
1341845857.413693 -0.243393928 0.185170442 -0.228379086 -0.035050984 0.003030454 0.019421095 0.999192238
1341845857.445790 -0.244209275 0.187190697 -0.227900937 -0.037177332 0.001900899 0.019761574 0.999111474
1341845857.477853 -0.242163077 0.179619670 -0.228540927 -0.038080506 0.000656335 0.020107469 0.999072194
1341845857.513902 -0.241252691 0.186883301 -0.233073831 -0.036233250 0.001604795 0.018337328 0.999173880
1341845857.545992 -0.238718033 0.180493265 -0.229125023 -0.038102049 0.001769350 0.018750640 0.999096394
1341845857.613882 -0.232531101 0.175048023 -0.236060694 -0.034961313 0.003546232 0.019847533 0.999185264
1341845857.646056 -0.229286045 0.177652761 -0.235815048 -0.032843214 0.005674237 0.021482170 0.999213517
1341845857.681834 -0.224518090 0.175741255 -0.236831382 -0.032147970 0.007361562 0.023480710 0.999180198
1341845857.713765 -0.222257465 0.170389950 -0.242727324 -0.030471124 0.011175208 0.021684604 0.999237955
1341845857.745825 -0.226303533 0.167010829 -0.245547771 -0.028524965 0.015450784 0.023328058 0.999201417
1341845857.781799 -0.222493976 0.172928333 -0.252374202 -0.026698254 0.015611198 0.023438280 0.999246836
1341845857.813817 -0.215337873 0.173434466 -0.253635257 -0.027103923 0.016301919 0.021794161 0.999262035
1341845857.846046 -0.215327233 0.170036837 -0.256586999 -0.027411951 0.018607013 0.021997746 0.999208987
1341845857.881939 -0.218662098 0.177394882 -0.261977404 -0.027704962 0.019592606 0.021221926 0.999198854
1341845857.913666 -0.215150341 0.179547325 -0.268259823 -0.031904850 0.018938353 0.019239061 0.999126315
1341845857.949845 -0.216430202 0.174112588 -0.268477201 -0.035914179 0.017497312 0.017925018 0.999040961
1341845857.982166 -0.218448952 0.173892319 -0.272554398 -0.037907083 0.015364816 0.017773639 0.999005020
1341845858.013803 -0.215063035 0.171511620 -0.276596248 -0.040049903 0.012436906 0.019219233 0.998935401
1341845858.050247 -0.210521132 0.175810590 -0.278156787 -0.040120009 0.010467120 0.020255011 0.998934746
1341845858.081715 -0.213521317 0.187245145 -0.284466684 -0.042160779 0.010275563 0.019390434 0.998869896
1341845858.113782 -0.213184386 0.180647090 -0.282995373 -0.047325388 0.008536956 0.019348823 0.998655617
1341845858.149725 -0.212312564 0.185776293 -0.288131982 -0.049392954 0.007442540 0.019877953 0.998553872
1341845858.181831 -0.209031969 0.177341670 -0.285307825 -0.053632203 0.006186927 0.022422932 0.998289824
1341845858.217730 -0.209546223 0.178247586 -0.290202290 -0.053624958 0.003853276 0.023830080 0.998269379
1341845858.281842 -0.206485242 0.180070370 -0.291841596 -0.056922100 0.004245165 0.018372394 0.998200595
1341845858.317768 -0.214188933 0.177210301 -0.296843380 -0.056741275 0.002847328 0.018940398 0.998205185
1341845858.349904 -0.206075490 0.182787299 -0.299045175 -0.055574067 -0.000567095 0.018404868 0.998284817
1341845858.381855 -0.201672673 0.182443351 -0.301187992 -0.056181982 -0.000217375 0.016995057 0.998275936
1341845858.417827 -0.203341126 0.177121997 -0.297232151 -0.056304224 0.001546236 0.016654884 0.998273611
1341845858.449872 -0.204023480 0.177166015 -0.299310148 -0.054149203 0.000172607 0.017122950 0.998386085
1341845858.485842 -0.204297513 0.182399005 -0.302557200 -0.053451180 -0.000614489 0.015109527 0.998456001
1341845858.517682 -0.204446226 0.179584384 -0.302155167 -0.053981476 -0.001013260 0.013182801 0.998454452
1341845858.549803 -0.207870021 0.175548762 -0.305276722 -0.053453889 -0.001328870 0.012347713 0.998493135
1341845858.585823 -0.205748215 0.177335322 -0.306085885 -0.052731875 -0.002826026 0.012407626 0.998527706
1341845858.618138 -0.199265361 0.184282288 -0.310015172 -0.053110696 -0.002868514 0.009464014 0.998539686
1341845858.654134 -0.202316463 0.175300062 -0.309128553 -0.055828039 -0.001537061 0.010114578 0.998387992
1341845858.685756 -0.205345616 0.173890591 -0.312917262 -0.055861164 -0.002689496 0.012553577 0.998356044
1341845858.717690 -0.196469277 0.178868890 -0.317476153 -0.054991152 -0.003226223 0.011897583 0.998410761
1341845858.753674 -0.197721481 0.186740711 -0.324182779 -0.055728104 -0.000344960 0.009521124 0.998400509
1341845858.785618 -0.200081676 0.179436028 -0.316635907 -0.059725579 0.000652164 0.010419997 0.998160243
1341845858.817756 -0.201355591 0.171321124 -0.316674858 -0.059704639 0.000037978 0.012354123 0.998139679
1341845858.853864 -0.198295191 0.180469751 -0.325584710 -0.056995146 0.000706094 0.011792633 0.998304605
1341845858.885702 -0.199521467 0.180707023 -0.326661766 -0.058917306 0.002428302 0.009369747 0.998216033
1341845858.922000 -0.198503718 0.172730550 -0.324595004 -0.060779028 0.002139313 0.008925758 0.998109043
1341845858.954158 -0.196540385 0.170483127 -0.328793585 -0.059573721 0.002217704 0.007449496 0.998193681
1341845858.985944 -0.192266807 0.178103119 -0.333467960 -0.058712959 0.003728447 0.006661818 0.998245776
1341845859.021830 -0.192993611 0.182447210 -0.338354349 -0.061516922 0.004918518 0.005857670 0.998076797
1341845859.053720 -0.193135485 0.175571188 -0.332311332 -0.064857766 0.005071400 0.004585583 0.997871161
1341845859.085862 -0.187342107 0.174403742 -0.340284348 -0.065379970 0.005025987 0.005377884 0.997833312
1341845859.121873 -0.192522287 0.180258423 -0.346687734 -0.066555262 0.007006096 0.004468132 0.997748196
1341845859.153800 -0.187428191 0.172774240 -0.339648098 -0.069753632 0.007361495 0.003966266 0.997529268
1341845859.189853 -0.189110845 0.172229230 -0.343949497 -0.069395706 0.008108204 0.004102126 0.997547865
1341845859.221654 -0.186247796 0.175455689 -0.346594423 -0.069354638 0.008530033 0.002464070 0.997552574
1341845859.253689 -0.186755806 0.174424469 -0.347644061 -0.071110368 0.010269769 -0.001898742 0.997413874
1341845859.289745 -0.187765032 0.175391451 -0.349145055 -0.073124819 0.011942653 -0.005123696 0.997238159
1341845859.321911 -0.192053810 0.165641904 -0.345329463 -0.074946195 0.012826335 -0.006755990 0.997082233
1341845859.353758 -0.179174274 0.166850954 -0.350740105 -0.073961370 0.012600574 -0.007400153 0.997154117
1341845859.389950 -0.182624564 0.165083870 -0.347613543 -0.073890612 0.015310232 -0.007829188 0.997118115
1341845859.421715 -0.178624034 0.161276206 -0.360066116 -0.073955625 0.016584439 -0.009804718 0.997075498
1341845859.457807 -0.180243433 0.162477627 -0.355925262 -0.073927052 0.019228566 -0.011492882 0.997012079
1341845859.489859 -0.177995026 0.162774608 -0.358636647 -0.074188128 0.020484893 -0.011647963 0.996965826
1341845859.521735 -0.185194537 0.152334839 -0.355866700 -0.075505592 0.022954550 -0.012921710 0.996797442
1341845859.557712 -0.177683637 0.154203236 -0.362864524 -0.072742425 0.023416208 -0.012324112 0.996999741
1341845859.589783 -0.176851466 0.152528614 -0.369858950 -0.073182017 0.025461411 -0.013890242 0.996896803
1341845859.625646 -0.176064059 0.153607786 -0.363413930 -0.072754972 0.027485892 -0.013869856 0.996874571
1341845859.657759 -0.174651787 0.148852780 -0.368318647 -0.072493151 0.031433184 -0.015195749 0.996757686
1341845859.689869 -0.176609203 0.152997360 -0.366380930 -0.071854487 0.034023717 -0.012539743 0.996755779
1341845859.725812 -0.175427034 0.146172345 -0.363589525 -0.069802739 0.033984311 -0.009135805 0.996939898
1341845859.757824 -0.169877172 0.149733394 -0.369859725 -0.066896722 0.035500582 -0.009210839 0.997085690
1341845859.789818 -0.172397912 0.148198187 -0.368967623 -0.065248266 0.038228434 -0.008847905 0.997097313
1341845859.825831 -0.177223563 0.142486811 -0.366513669 -0.062704280 0.038471770 -0.008021282 0.997258127
1341845859.857647 -0.172673032 0.145295024 -0.369998068 -0.058838237 0.037863646 -0.006916524 0.997525275
1341845859.893646 -0.167064399 0.151897117 -0.377319068 -0.057362393 0.038451187 -0.006713203 0.997590125
1341845859.925740 -0.171480700 0.152500972 -0.375847697 -0.058022875 0.039202090 -0.008382986 0.997510076
1341845859.957775 -0.173700616 0.147340730 -0.368957490 -0.058049601 0.038101666 -0.009988841 0.997536361
1341845859.993847 -0.174856827 0.142727539 -0.371027499 -0.055324178 0.036224309 -0.011165338 0.997748733
1341845860.025774 -0.171764135 0.149941519 -0.372734606 -0.053011406 0.034507096 -0.011857490 0.997927129
1341845860.057745 -0.180750623 0.147139713 -0.375091940 -0.052146804 0.031507224 -0.012889153 0.998059094
1341845860.093794 -0.177068725 0.150150955 -0.371035725 -0.050973568 0.027008422 -0.013946828 0.998237312
1341845860.125763 -0.174982548 0.145347044 -0.372228682 -0.049246717 0.024584033 -0.014799396 0.998374403
1341845860.161703 -0.176428705 0.149365619 -0.377989948 -0.047617652 0.021491654 -0.014500475 0.998529136
1341845860.193724 -0.178951934 0.143048018 -0.372329563 -0.046958324 0.016625691 -0.016526127 0.998621762
1341845860.225730 -0.175020128 0.142749473 -0.372209281 -0.043512974 0.012667364 -0.020282311 0.998766661
1341845860.261716 -0.177927360 0.146636665 -0.371837795 -0.041404955 0.010417541 -0.022779193 0.998828471
1341845860.294553 -0.185662881 0.137749851 -0.377556086 -0.039669774 0.006211939 -0.024764597 0.998886645
1341845860.325872 -0.185701564 0.140511483 -0.377772868 -0.035270978 0.001394382 -0.026460739 0.999026477
1341845860.361673 -0.177476376 0.139795974 -0.382047921 -0.034259841 -0.001715490 -0.027082324 0.999044538
1341845860.393714 -0.179805979 0.138478220 -0.376764864 -0.031583548 -0.004541203 -0.027123172 0.999122739
1341845860.429768 -0.180129811 0.146783262 -0.381332606 -0.030320961 -0.008095089 -0.028257186 0.999108016
1341845860.461780 -0.179066136 0.142814979 -0.377779365 -0.031121980 -0.011992487 -0.028849630 0.999027193
1341845860.493718 -0.174821168 0.142288178 -0.378997415 -0.030836992 -0.014345350 -0.027825693 0.999034047
1341845860.529831 -0.177264184 0.147267476 -0.382781923 -0.030410534 -0.016011279 -0.026789341 0.999050200
1341845860.567950 -0.174440101 0.149945870 -0.383270770 -0.031504583 -0.018027501 -0.027599497 0.998959839
1341845860.567950 -0.175286859 0.150097400 -0.383434027 -0.031497121 -0.017961886 -0.027512746 0.998963714
1341845860.604131 -0.171542823 0.146160319 -0.384468555 -0.034086414 -0.019001808 -0.029141869 0.998813212
1341845860.638227 -0.172682464 0.148477390 -0.385669142 -0.035148468 -0.019629972 -0.029352916 0.998758137
1341845860.668441 -0.177594200 0.147139966 -0.380056918 -0.035469327 -0.021273421 -0.027427344 0.998767853
1341845860.706028 -0.172675148 0.144723356 -0.379890949 -0.034797553 -0.023612617 -0.025636470 0.998786509
1341845860.736338 -0.174999937 0.153674096 -0.387062401 -0.034621023 -0.024768669 -0.023924727 0.998807013
1341845860.772400 -0.178606406 0.148257881 -0.386655390 -0.037367154 -0.028160123 -0.022197060 0.998658121
1341845860.803824 -0.175776005 0.153933764 -0.389277965 -0.037302792 -0.031135937 -0.024319224 0.998522758
1341845860.871717 -0.181888700 0.147508964 -0.387106210 -0.040794693 -0.034181785 -0.023352467 0.998309612
1341845860.929775 -0.175560862 0.154899925 -0.387012273 -0.040319864 -0.037229974 -0.026136937 0.998150945
1341845860.965899 -0.181493357 0.148145333 -0.384199589 -0.041334219 -0.037719700 -0.027494509 0.998054564
1341845860.997827 -0.179554522 0.145752981 -0.383174032 -0.040366959 -0.039536282 -0.027147569 0.998033285
1341845861.029961 -0.179071918 0.146952257 -0.384887367 -0.038713239 -0.040459502 -0.027529972 0.998051345
1341845861.065806 -0.175355479 0.154725939 -0.384509385 -0.039010808 -0.040070079 -0.028802618 0.998019576
1341845861.097631 -0.178399637 0.143920466 -0.382388681 -0.039425794 -0.039461020 -0.030066755 0.997990251
1341845861.133786 -0.177460417 0.151344806 -0.382282406 -0.037744854 -0.038398631 -0.030792382 0.998074591
1341845861.165622 -0.173658445 0.153074220 -0.382618099 -0.039116349 -0.037815705 -0.030814407 0.998043299
1341845861.197704 -0.174480304 0.144835308 -0.378622830 -0.039468985 -0.036933467 -0.030599171 0.998069048
1341845861.233683 -0.170030892 0.148720309 -0.381369144 -0.038101919 -0.035869680 -0.030560352 0.998162150
1341845861.265692 -0.178081244 0.143789306 -0.378379017 -0.038691118 -0.034297604 -0.029533902 0.998225689
1341845861.297700 -0.172648996 0.149216890 -0.379073799 -0.037218828 -0.035536721 -0.027783882 0.998288512
1341845861.333616 -0.168646067 0.152398914 -0.377892256 -0.038168121 -0.034328811 -0.028911846 0.998262942
1341845861.365694 -0.176960617 0.141399473 -0.375216961 -0.039194573 -0.032867096 -0.028394150 0.998287261
1341845861.407792 -0.175400719 0.148284391 -0.377212584 -0.036899690 -0.034298688 -0.027011313 0.998364866
1341845861.407792 -0.175656691 0.148357689 -0.377201259 -0.036875073 -0.034266438 -0.027062049 0.998365521
1341845861.440894 -0.172623038 0.144241706 -0.376151681 -0.037670009 -0.034230549 -0.026793513 0.998344362
1341845861.472256 -0.174014360 0.141616493 -0.373440087 -0.036594011 -0.033973567 -0.027341660 0.998378277
1341845861.507634 -0.172274649 0.145478785 -0.377703160 -0.036340833 -0.034396034 -0.028368851 0.998344421
1341845861.539675 -0.173771992 0.140411660 -0.371688008 -0.036075108 -0.034727395 -0.029033514 0.998323441
1341845861.571790 -0.171242580 0.144156635 -0.373001724 -0.035046622 -0.034071077 -0.029572088 0.998366892
1341845861.607759 -0.173396543 0.142317072 -0.373117864 -0.035855826 -0.033908490 -0.029256010 0.998353004
1341845861.639739 -0.170631573 0.138573602 -0.369400769 -0.035164952 -0.034279175 -0.029726041 0.998351038
1341845861.671875 -0.170045048 0.139774472 -0.367513150 -0.033412263 -0.033886716 -0.028678577 0.998455286
1341845861.707829 -0.170103207 0.134563223 -0.365193039 -0.032536458 -0.034076683 -0.028661324 0.998478174
1341845861.739782 -0.166816637 0.142223015 -0.369530261 -0.030080320 -0.033401903 -0.033839192 0.998416007
1341845861.775717 -0.163889557 0.142914042 -0.368896872 -0.031496547 -0.032184083 -0.037736051 0.998272598
1341845861.807676 -0.169248343 0.132483944 -0.362577587 -0.032724522 -0.031630699 -0.038329642 0.998228192
1341845861.839701 -0.167895973 0.135171995 -0.361185253 -0.030519143 -0.033539794 -0.036527917 0.998303294
1341845861.875772 -0.164241105 0.136989564 -0.360697061 -0.029956307 -0.034996510 -0.035241507 0.998316526
1341845861.907742 -0.160370931 0.137153000 -0.357678652 -0.029872935 -0.035762612 -0.034422334 0.998320520
1341845861.939697 -0.160147011 0.134879276 -0.357802719 -0.029733256 -0.036399271 -0.032726184 0.998358727
1341845861.975661 -0.160529375 0.137883902 -0.356889188 -0.028797334 -0.037641563 -0.034014653 0.998296976
1341845862.007930 -0.153963551 0.136955678 -0.357394904 -0.029553315 -0.037503351 -0.035937306 0.998212695
1341845862.039647 -0.157304540 0.129782662 -0.350483447 -0.029241547 -0.036028676 -0.035465091 0.998293161
1341845862.075738 -0.156114981 0.129321471 -0.353798419 -0.026668048 -0.035103925 -0.034019750 0.998448491
1341845862.107644 -0.150980517 0.137816653 -0.351278961 -0.024073834 -0.033651948 -0.034520820 0.998547196
1341845862.143904 -0.147225738 0.145076424 -0.363338053 -0.024916386 -0.030019201 -0.038097005 0.998512208
1341845862.175702 -0.154583320 0.140915379 -0.355416715 -0.028090801 -0.027786354 -0.037878148 0.998500943
1341845862.207672 -0.148429438 0.143867940 -0.359507531 -0.029332913 -0.027588366 -0.039918162 0.998391271
1341845862.243827 -0.148675829 0.151536196 -0.361541778 -0.032576837 -0.025083192 -0.041538745 0.998290598
1341845862.275754 -0.151143044 0.140976697 -0.354028523 -0.037483361 -0.024946950 -0.039377682 0.998209476
1341845862.311739 -0.153912753 0.136543810 -0.343258351 -0.037478577 -0.025542514 -0.036379747 0.998308301
1341845862.343750 -0.146187603 0.135769844 -0.346994519 -0.036449581 -0.025319001 -0.032620583 0.998481989
1341845862.375792 -0.144631922 0.138632104 -0.344584107 -0.035302144 -0.022532603 -0.030157929 0.998667419
1341845862.411748 -0.137620807 0.134401977 -0.345053226 -0.034544755 -0.020325975 -0.027700050 0.998812437
1341845862.443696 -0.142494977 0.134358719 -0.341977924 -0.031981800 -0.016621584 -0.024608023 0.999047220
1341845862.479688 -0.140304849 0.134048939 -0.342608929 -0.029544210 -0.014888499 -0.021906273 0.999212563
1341845862.511723 -0.135587722 0.143650100 -0.349286795 -0.027741687 -0.011962069 -0.022948805 0.999280095
1341845862.543776 -0.139535785 0.140233546 -0.345707655 -0.029368868 -0.009458087 -0.022950750 0.999260426
1341845862.579869 -0.138961285 0.137685597 -0.345805258 -0.028403850 -0.009117008 -0.021618914 0.999321163
1341845862.611759 -0.131210163 0.140639335 -0.348764241 -0.027354054 -0.008506135 -0.020803116 0.999373138
1341845862.647939 -0.131150991 0.143592641 -0.355719686 -0.027456965 -0.005726355 -0.021940792 0.999365747
1341845862.679727 -0.136485070 0.138682812 -0.348454386 -0.028405508 -0.003688299 -0.021626199 0.999355793
1341845862.712299 -0.133209050 0.141297042 -0.349683613 -0.027162103 -0.003180646 -0.020893749 0.999407589
1341845862.747743 -0.129996732 0.143884942 -0.352916360 -0.026971484 -0.001228602 -0.022016691 0.999392986
1341845862.779732 -0.133885667 0.136129141 -0.349899501 -0.026836693 0.000981197 -0.023025606 0.999374151
1341845862.815767 -0.135438293 0.141096309 -0.350990951 -0.024782201 0.000971934 -0.023413690 0.999418199
1341845862.847856 -0.138019934 0.141099870 -0.350538343 -0.024425508 0.000375939 -0.024096467 0.999411225
1341845862.879714 -0.139196143 0.139299378 -0.354730278 -0.024083247 -0.000346033 -0.024581362 0.999407709
1341845862.915725 -0.139454871 0.141103446 -0.354228586 -0.023796225 -0.001477600 -0.024598341 0.999413133
1341845862.947913 -0.136454821 0.135969177 -0.348724276 -0.023166876 -0.001967229 -0.024044985 0.999440491
1341845862.983749 -0.132983938 0.139955997 -0.359149247 -0.021138938 -0.000515268 -0.023888992 0.999491036
1341845863.015854 -0.138964877 0.144370288 -0.361735165 -0.021807343 0.001388409 -0.024021912 0.999472678
1341845863.048281 -0.141224384 0.138594791 -0.356194824 -0.022517832 0.000688971 -0.024764994 0.999439478
1341845863.083795 -0.136533692 0.141591400 -0.360357642 -0.021210410 0.000596464 -0.025709856 0.999444246
1341845863.115808 -0.141541585 0.144363061 -0.362253606 -0.022330642 0.001295774 -0.026341828 0.999402761
1341845863.151916 -0.142799959 0.136371195 -0.360074013 -0.022563264 0.000034759 -0.025905132 0.999409735
1341845863.183716 -0.139143601 0.140380576 -0.365133941 -0.021406176 -0.000705147 -0.025582939 0.999443293
1341845863.215844 -0.138856858 0.141756952 -0.365902901 -0.021857306 -0.000517409 -0.025265897 0.999441743
1341845863.251883 -0.138611808 0.141218439 -0.367733151 -0.022809923 -0.000212774 -0.025845388 0.999405742
1341845863.283627 -0.140732825 0.138168991 -0.366477489 -0.023694783 0.000334216 -0.025425950 0.999395847
1341845863.315718 -0.140430555 0.141402885 -0.368021041 -0.023203777 0.000262432 -0.024791125 0.999423325
