1341845820.751833 0.000000000 0.000000000 0.000000000 -0.000000000 -0.000000000 -0.000000000 1.000000000
1341845820.787768 0.002427639 -0.005253476 0.000990799 -0.000409283 -0.001504709 -0.002144551 0.999996483
1341845820.819654 0.005234180 -0.002214045 -0.004222955 0.000625535 -0.001311781 -0.004194002 0.999990165
1341845820.851997 0.004992853 -0.002356738 -0.002072113 0.000415954 -0.001091342 -0.004847154 0.999987602
1341845820.887882 0.004102886 0.000030389 -0.004831211 0.001093344 -0.000809007 -0.006416591 0.999978483
1341845820.920082 0.001704920 0.000361497 -0.008867668 0.000017722 -0.000665172 -0.006558270 0.999978304
1341845820.955790 -0.000602873 0.001560553 -0.006294471 -0.001313937 -0.001352173 -0.006256465 0.999978662
1341845820.987817 0.003152109 -0.002989360 -0.010208172 -0.002470807 -0.002078418 -0.006690434 0.999972463
1341845821.019783 -0.000964668 -0.001945604 -0.004846587 -0.002464248 -0.001711592 -0.006889817 0.999971807
1341845821.055706 -0.002091577 -0.004171554 -0.008044864 -0.002238803 -0.002297066 -0.005585399 0.999979258
1341845821.087831 0.001090657 -0.002762559 0.000522342 -0.000840737 -0.004358145 -0.002875173 0.999985993
1341845821.119871 0.013418735 -0.003266684 -0.001339719 0.001176839 -0.005072232 -0.001291893 0.999985635
1341845821.155881 0.011248136 0.002204342 0.000409414 0.001990959 -0.001596312 -0.000462340 0.999996662
1341845821.188556 0.001717610 -0.005085289 -0.002180615 0.000857827 0.001638505 0.000763093 0.999998033
1341845821.223751 0.010178374 -0.013818643 -0.002651300 0.002774286 0.000846270 0.004063867 0.999987543
1341845821.256005 0.012049431 0.000680697 -0.004238764 0.005548706 0.002122482 0.003050321 0.999977708
1341845821.287883 0.009959061 -0.002549753 -0.002179824 0.003358871 0.005154625 0.002090529 0.999978900
1341845821.323879 0.016239872 -0.004428401 0.003219623 0.003682569 0.006542572 0.000211388 0.999971807
1341845821.355690 0.017392872 0.000427792 -0.001468779 0.004792426 0.008533165 0.002036636 0.999950051
1341845821.388161 0.007754341 -0.005366333 -0.002426929 0.004111680 0.010572165 0.002184208 0.999933302
1341845821.424470 0.016028911 -0.006954433 0.001102546 0.006006890 0.011032033 0.003650811 0.999914467
1341845821.455778 0.013873885 -0.005855699 -0.000225300 0.006348166 0.013912404 0.001886961 0.999881327
1341845821.488014 0.009710077 -0.011703074 -0.001148919 0.005518518 0.015446448 0.001809673 0.999863863
1341845821.524370 0.015070328 -0.014881789 0.002223020 0.006820421 0.015349279 0.002485593 0.999855876
1341845821.555644 0.011065725 -0.011171810 -0.001484256 0.009141435 0.017375479 0.001681126 0.999805868
1341845821.587677 0.012618810 -0.007573592 -0.001823655 0.009491292 0.016626239 0.001801680 0.999815106
1341845821.623761 0.011946860 -0.008303463 -0.002567572 0.008940653 0.016048519 0.000141492 0.999831319
1341845821.655725 0.012023702 -0.006920505 -0.004133947 0.008878740 0.016092366 -0.000918115 0.999830663
1341845821.691884 0.009836533 -0.007663168 -0.003223708 0.007566126 0.016266769 -0.001465788 0.999838054
1341845821.724228 0.005980687 -0.013453135 -0.001692208 0.006792226 0.015898794 -0.001176184 0.999849916
1341845821.755681 0.004990654 -0.012832197 -0.006517406 0.007933347 0.014888264 -0.000708714 0.999857485
1341845821.791636 0.008462307 -0.011422012 -0.000420897 0.009280922 0.013822062 0.000189206 0.999861419
1341845821.823697 0.009696042 -0.009684154 -0.003560782 0.010159710 0.014315969 -0.001251748 0.999845207
1341845821.855574 0.008236408 -0.010351500 -0.003089916 0.008865478 0.015181170 -0.003085834 0.999840736
1341845821.891741 0.007225909 -0.014770497 -0.003303543 0.009197476 0.014989565 -0.003229152 0.999840200
1341845821.923730 0.008126209 -0.014600084 -0.004963812 0.010743972 0.015037663 -0.003233050 0.999823987
1341845821.955750 0.006181611 -0.014140347 -0.005628822 0.011392863 0.015668027 -0.002321987 0.999809623
1341845821.991786 0.007239349 -0.011618433 -0.006049620 0.011187578 0.015894525 -0.003614791 0.999804556
1341845822.023863 0.000480858 -0.013562131 -0.004872598 0.010772872 0.017287724 -0.003357691 0.999786913
1341845822.059759 -0.000911960 -0.013358556 -0.005155223 0.010633483 0.017266866 -0.002796098 0.999790490
1341845822.091719 -0.000928335 -0.020559864 -0.003232704 0.009690151 0.017412143 -0.003173754 0.999796391
1341845822.123689 -0.004655623 -0.020630056 -0.003787025 0.011716983 0.018998642 -0.004069435 0.999742627
1341845822.185916 -0.009898466 -0.019587599 -0.000594801 0.010760606 0.019084644 -0.001687898 0.999758601
1341845822.221838 -0.013091560 -0.018872770 -0.002602126 0.012732886 0.017733319 -0.001427360 0.999760687
1341845822.254004 -0.012496995 -0.013684668 -0.004225321 0.012790035 0.016692124 -0.001605849 0.999777555
1341845822.289876 -0.015542006 -0.018692814 0.002939866 0.011347735 0.015862811 -0.002689242 0.999806225
1341845822.321804 -0.023950268 -0.020087309 0.001123207 0.012504986 0.016586108 -0.004295251 0.999775052
1341845822.353784 -0.026216656 -0.019943224 0.005079722 0.013150614 0.016464375 -0.004670358 0.999767065
1341845822.391662 -0.029785175 -0.021735646 0.006792447 0.013799690 0.017070774 -0.004837406 0.999747396
1341845822.391662 -0.029590275 -0.018192688 0.003858393 0.014211453 0.017185336 -0.004753471 0.999740064
1341845822.428074 -0.028819738 -0.013227076 0.001015053 0.015397199 0.016447451 -0.003674761 0.999739468
1341845822.459970 -0.026135383 -0.008165004 0.005743614 0.015315678 0.014614937 -0.003162778 0.999770880
1341845822.495728 -0.032584053 -0.015550526 0.004611383 0.014401030 0.014632513 -0.003205151 0.999784172
1341845822.527724 -0.040152863 -0.014500226 0.003426673 0.014507500 0.014706082 -0.003136153 0.999781728
1341845822.559648 -0.037129488 -0.013899527 -0.001525124 0.013501709 0.012909230 -0.001896166 0.999823749
1341845822.595852 -0.039659489 -0.008004856 0.011453719 0.014514294 0.012414489 -0.001785869 0.999816060
1341845822.627724 -0.050052639 -0.006809516 0.005219841 0.013658269 0.014163317 -0.001806963 0.999804735
1341845822.663716 -0.075493388 -0.024535453 0.009275137 0.011318811 0.015948413 -0.001001087 0.999808311
1341845822.695601 -0.066341572 -0.021988887 0.014517846 0.016350793 0.011260151 0.003389254 0.999797165
1341845822.731816 -0.063222997 -0.016453048 0.005192875 0.019277420 0.010087235 0.005040323 0.999750674
1341845822.789911 -0.074017510 -0.017279182 0.000853815 0.020167556 0.011649720 0.004454344 0.999718845
1341845822.825897 -0.076703392 -0.016984280 0.002155485 0.019349186 0.012453380 0.005561917 0.999719799
1341845822.859721 -0.087528788 -0.026378883 0.005520781 0.019303640 0.012917026 0.007149863 0.999704719
1341845822.889712 -0.085922450 -0.022769365 0.018538577 0.022127366 0.010200311 0.009846893 0.999654651
1341845822.925900 -0.104360849 -0.029802347 0.006421593 0.022012185 0.011937086 0.007394276 0.999659121
1341845822.957708 -0.098714150 -0.031751662 0.003245453 0.022126615 0.011492097 0.006270723 0.999669492
1341845822.989939 -0.104823805 -0.035515629 0.009944303 0.022760132 0.012382870 0.005742054 0.999647796
1341845823.025889 -0.108012244 -0.035664417 0.005639522 0.025004502 0.012404478 0.005047151 0.999597609
1341845823.057775 -0.101550788 -0.032801826 0.012768655 0.026979806 0.012734951 0.005852051 0.999537706
1341845823.093671 -0.109611258 -0.034040425 0.011286613 0.028094554 0.015911669 0.005936919 0.999461055
1341845823.125951 -0.115248755 -0.030178079 0.008565023 0.029510569 0.017215710 0.007033261 0.999391556
1341845823.157773 -0.120438688 -0.038449988 0.003590022 0.029164281 0.018889088 0.006332258 0.999376059
1341845823.193885 -0.124340519 -0.022010984 0.008923831 0.031621922 0.019089378 0.007237235 0.999291420
1341845823.225800 -0.135869980 -0.026538715 0.009219000 0.028887967 0.018792480 0.006506019 0.999384880
1341845823.261842 -0.137183622 -0.029412700 0.011526615 0.028218843 0.017474173 0.005473825 0.999434114
1341845823.293622 -0.139312387 -0.013617108 0.013023828 0.028742382 0.017561931 0.005166205 0.999419212
1341845823.325746 -0.134782135 -0.024696585 0.014735884 0.023724217 0.018924380 0.003716825 0.999532580
1341845823.361852 -0.140236050 -0.035440885 0.015240768 0.023006894 0.022916701 0.004480655 0.999462605
1341845823.394013 -0.145826265 -0.038144272 0.013687258 0.025219589 0.025963914 0.007509508 0.999316573
1341845823.426028 -0.162806749 -0.038835894 0.024284806 0.026419966 0.028753007 0.008958263 0.999197185
1341845823.461869 -0.162563875 -0.038096219 0.022044854 0.027460570 0.027360739 0.010163511 0.999196708
1341845823.493758 -0.162611693 -0.038840923 0.022128044 0.027788786 0.028035540 0.010533364 0.999165118
1341845823.529780 -0.163958222 -0.038511168 0.019595822 0.028013924 0.029260850 0.011924982 0.999108016
1341845823.561916 -0.166481599 -0.037819941 0.014808498 0.028620515 0.027530527 0.014700935 0.999103069
1341845823.593678 -0.166230187 -0.038343411 0.014533568 0.028968593 0.023856249 0.016482227 0.999159694
1341845823.629815 -0.176470175 -0.043489110 0.017915467 0.027819771 0.025474845 0.014789077 0.999178886
1341845823.661750 -0.190318629 -0.045980580 0.020795658 0.026930619 0.027765816 0.014760975 0.999142647
1341845823.695523 -0.208559901 -0.059343357 0.025312850 0.027317991 0.027590321 0.014888166 0.999135077
1341845823.729635 -0.212558940 -0.060068682 0.026394976 0.031381853 0.024766603 0.016250450 0.999068439
1341845823.761810 -0.216225550 -0.057247985 0.024085650 0.034216903 0.022800600 0.017485503 0.999001324
1341845823.797871 -0.228584200 -0.054176494 0.023897469 0.034840044 0.020666497 0.017035317 0.999033988
1341845823.829660 -0.229821056 -0.055775169 0.030699680 0.034142975 0.016786918 0.014837785 0.999165833
1341845823.861808 -0.241105080 -0.058686625 0.027786229 0.034719113 0.014230904 0.012373284 0.999219179
1341845823.929826 -0.250646472 -0.059893612 0.026520234 0.034997325 0.007295772 0.008862862 0.999321520
1341845823.961797 -0.253371269 -0.057642758 0.017562797 0.033753395 0.006262021 0.005876965 0.999393344
1341845823.998070 -0.260533392 -0.064169906 0.027169989 0.031777579 0.006279675 0.002844957 0.999471188
1341845824.029656 -0.261935323 -0.065553308 0.026119741 0.032516241 0.006029435 0.003424550 0.999447167
1341845824.065768 -0.259930044 -0.061686769 0.029579187 0.032753062 0.007213604 0.005508071 0.999422312
1341845824.097956 -0.245814115 -0.057276130 0.027099473 0.032060523 0.010514167 0.005670819 0.999414563
1341845824.130299 -0.202628151 -0.042348582 0.031955492 0.028276376 0.021620663 0.005739348 0.999349833
1341845824.165751 -0.241028950 -0.048282828 0.029198861 0.021488696 0.039224397 0.006820337 0.998976052
1341845824.197930 -0.290375292 -0.069745935 0.039350048 0.017642271 0.048363369 0.007517794 0.998645723
1341845824.229907 -0.300297141 -0.081646964 0.031633474 0.020734120 0.049318496 0.007100175 0.998542666
1341845824.265800 -0.312122881 -0.070961043 0.039247181 0.024961557 0.046074398 0.008125948 0.998593032
1341845824.298080 -0.316904813 -0.070233330 0.036239494 0.026332716 0.037955325 0.008399541 0.998897135
1341845824.333783 -0.292252213 -0.080996722 0.038751908 0.027851345 0.031410620 0.007115896 0.999093175
1341845824.365821 -0.315168738 -0.074854776 0.033139840 0.031053092 0.033585768 0.006492036 0.998932242
1341845824.398039 -0.332432657 -0.077320121 0.020935940 0.030060787 0.033806380 0.006469696 0.998955309
1341845824.433843 -0.340085357 -0.082156487 0.025200211 0.029320616 0.030813208 0.006159345 0.999076068
1341845824.465921 -0.337954521 -0.083566941 0.021268951 0.030433608 0.026041884 0.009126910 0.999155819
1341845824.501802 -0.336727947 -0.075055398 0.014804431 0.031351466 0.023532432 0.014422489 0.999127269
1341845824.533723 -0.348133564 -0.077357814 0.010292697 0.028856866 0.021573327 0.018496634 0.999179602
1341845824.565735 -0.355408788 -0.080940157 0.007815002 0.026536914 0.018952727 0.021982657 0.999226391
1341845824.601758 -0.358898789 -0.082720026 0.015097262 0.025996251 0.016768435 0.025004495 0.999208570
1341845824.633861 -0.368109345 -0.077170223 0.015417769 0.026010105 0.015292592 0.028902892 0.999126732
1341845824.665789 -0.373311996 -0.079753786 0.025702160 0.025461484 0.013404530 0.032507766 0.999057233
1341845824.701769 -0.380832732 -0.083465807 0.019716125 0.025671810 0.010829266 0.034746107 0.999007761
1341845824.733585 -0.385657907 -0.083380997 0.015272116 0.026993832 0.008306524 0.036040030 0.998951197
1341845824.769643 -0.397145838 -0.065338008 0.011132192 0.027596742 0.007585225 0.036575735 0.998921037
1341845824.801632 -0.401573926 -0.076902539 0.015002912 0.022279611 0.004174538 0.037074834 0.999055445
1341845824.833654 -0.399444431 -0.092881009 0.015772086 0.022080651 0.001031745 0.036199547 0.999100089
1341845824.869926 -0.406680703 -0.084449843 0.014506045 0.026778549 0.001514993 0.036879569 0.998959780
1341845824.902071 -0.417260587 -0.076667294 0.011540022 0.026777104 0.001233700 0.037012469 0.998955309
1341845824.933752 -0.412624836 -0.085630618 0.019748271 0.026043911 0.000216468 0.034040563 0.999081016
1341845824.969855 -0.415964603 -0.077988692 0.012561867 0.027348207 0.001809921 0.032437593 0.999097884
1341845825.001907 -0.420829177 -0.079612233 0.009623533 0.025405413 0.004917285 0.031866182 0.999157131
1341845825.037975 -0.426909238 -0.086017050 0.016086543 0.024468312 0.008371728 0.030843657 0.999189675
1341845825.075793 -0.442425102 -0.102236785 0.012383441 0.025155315 0.008711893 0.032179665 0.999127507
1341845825.075793 -0.443146110 -0.102204069 0.011762580 0.025160696 0.008766606 0.032235559 0.999125123
1341845825.107881 -0.439890087 -0.102044500 0.021695625 0.031420186 0.007775757 0.034559712 0.998878419
1341845825.143675 -0.439335227 -0.089056902 0.023548862 0.036090773 0.009386959 0.033164326 0.998754025
1341845825.175707 -0.447141081 -0.094221458 0.022184929 0.036057025 0.011326019 0.030758474 0.998812139
1341845825.211865 -0.452343494 -0.095841669 0.018655097 0.037133705 0.011788030 0.030316202 0.998780847
1341845825.243814 -0.450091511 -0.106180280 0.021124754 0.038106371 0.012935956 0.031512015 0.998692930
1341845825.275795 -0.465230107 -0.098756276 0.016305596 0.041712098 0.015537350 0.031872384 0.998500347
1341845825.311665 -0.482497483 -0.102678411 0.008958297 0.041768886 0.015591353 0.031730399 0.998501658
1341845825.343650 -0.476345927 -0.092102870 0.013316453 0.042922877 0.012649532 0.033842478 0.998424888
1341845825.379771 -0.483015388 -0.099689350 0.012352815 0.039745700 0.012849377 0.035287246 0.998503864
1341845825.411924 -0.500445604 -0.103220567 0.003308704 0.040086642 0.013029792 0.035121650 0.998493791
1341845825.443786 -0.510552526 -0.083425581 0.000453878 0.039168306 0.011094881 0.036880139 0.998490214
1341845825.480278 -0.516763031 -0.097055010 0.013353430 0.033668306 0.006927972 0.040175471 0.998601258
1341845825.511636 -0.513802230 -0.097681552 0.004426639 0.032255560 0.003238893 0.041287694 0.998621285
1341845825.547911 -0.524722755 -0.092704572 0.003815240 0.030266345 0.001178587 0.041882351 0.998663366
1341845825.579744 -0.519981682 -0.100029439 0.007022609 0.028665461 -0.000993442 0.045738354 0.998541653
1341845825.611784 -0.512319982 -0.094518721 0.022679202 0.031035202 -0.003551940 0.048329949 0.998342872
1341845825.648004 -0.507704437 -0.088427819 0.023113916 0.032636411 -0.004394304 0.045956980 0.998400509
1341845825.679708 -0.513509691 -0.092424132 0.025538700 0.033850104 -0.001589549 0.045651954 0.998382509
1341845825.711937 -0.529778898 -0.093166627 0.015272489 0.034073606 -0.003209081 0.046525300 0.998330712
1341845825.747617 -0.529890716 -0.080709204 0.026796358 0.033926152 -0.005960212 0.043433420 0.998462319
1341845825.779688 -0.539284289 -0.083768949 0.023851030 0.030654039 -0.007543987 0.041321725 0.998647094
1341845825.815954 -0.539305508 -0.082713656 0.026296021 0.028183278 -0.010245712 0.038056109 0.998825610
1341845825.847829 -0.547753930 -0.085261911 0.025788497 0.026077103 -0.010848101 0.036049459 0.998950899
1341845825.879767 -0.554819107 -0.090698369 0.029265827 0.024991861 -0.013309157 0.036736250 0.998923779
1341845825.915646 -0.556463540 -0.085800715 0.024181077 0.025655476 -0.014615623 0.036965929 0.998880267
1341845825.947881 -0.562136889 -0.086613029 0.018342659 0.024853623 -0.014291560 0.038159437 0.998860300
1341845825.979700 -0.563525617 -0.086650975 0.031193459 0.024238752 -0.015969891 0.041583020 0.998713315
1341845826.015845 -0.568064392 -0.085633248 0.024346752 0.024195706 -0.016999962 0.043019410 0.998636544
1341845826.047945 -0.565810800 -0.088242233 0.026900111 0.023580760 -0.017815325 0.042339284 0.998666108
1341845826.079731 -0.571839571 -0.091264293 0.016067483 0.024683973 -0.018467814 0.044347122 0.998540401
1341845826.115655 -0.566956520 -0.090144843 0.024155473 0.024758171 -0.021182649 0.045061976 0.998452723
1341845826.147949 -0.566353261 -0.087319851 0.012645171 0.025362628 -0.020504341 0.040539149 0.998645544
1341845826.183767 -0.574427307 -0.085713372 0.010992352 0.024088640 -0.019761834 0.035784040 0.998873770
1341845826.215780 -0.575905025 -0.085816979 0.015310332 0.022666227 -0.020806184 0.034456197 0.998932540
1341845826.247732 -0.583021760 -0.088847145 0.008207177 0.022235438 -0.021277184 0.039054941 0.998763025
1341845826.283763 -0.585983276 -0.091177486 0.004471883 0.020992976 -0.023742385 0.044447146 0.998508930
1341845826.315658 -0.582832217 -0.091441177 0.009933937 0.020885311 -0.027670637 0.046363078 0.998322904
1341845826.347773 -0.589589357 -0.086481482 0.004945684 0.020236837 -0.028830517 0.046085600 0.998316288
1341845826.383718 -0.590642691 -0.090356767 0.012343335 0.018641498 -0.031635489 0.046712749 0.998233259
1341845826.415712 -0.591692805 -0.095283642 0.008838635 0.018230349 -0.034361713 0.048761502 0.998052716
1341845826.447806 -0.592376769 -0.101282008 0.002283069 0.018808385 -0.036556620 0.048214573 0.997990608
1341845826.483677 -0.592461884 -0.093742408 0.002911526 0.019182069 -0.037354968 0.048040625 0.997962296
1341845826.515677 -0.595217109 -0.095400311 0.004831480 0.018627904 -0.038435906 0.051295154 0.997769773
1341845826.551684 -0.592106462 -0.087731950 0.003163116 0.018217389 -0.039515465 0.049661338 0.997817814
1341845826.583716 -0.601807117 -0.093046926 -0.001089626 0.016022099 -0.037800930 0.047074869 0.998047292
1341845826.615875 -0.601792812 -0.092963599 0.009094531 0.014578489 -0.040888552 0.050869647 0.997761488
1341845826.651722 -0.598504066 -0.087849982 0.008205517 0.015148934 -0.041951504 0.053597011 0.997566044
1341845826.683753 -0.603134096 -0.081635922 0.000152490 0.012858668 -0.041673888 0.051632531 0.997713447
1341845826.715643 -0.600538969 -0.078708425 0.010716752 0.008826805 -0.042921983 0.047879938 0.997891426
1341845826.751884 -0.608243167 -0.078050986 -0.007541155 0.005460352 -0.041679125 0.049173195 0.997905374
1341845826.783713 -0.606778860 -0.076690406 0.007953423 0.002139955 -0.043479946 0.051983900 0.997698724
1341845826.819713 -0.597243190 -0.063528933 -0.002201831 -0.000634557 -0.042311788 0.048396602 0.997931421
1341845826.851701 -0.605359793 -0.068836689 0.010360043 -0.006126461 -0.038172379 0.047777604 0.998109579
1341845826.884460 -0.605054617 -0.073623866 0.014538866 -0.007998364 -0.040057175 0.054202061 0.997694194
1341845826.945792 -0.596296787 -0.054980882 0.012916965 -0.018225877 -0.033074256 0.046267223 0.998215079
1341845826.981873 -0.602263272 -0.063569069 0.025065765 -0.022538928 -0.034271080 0.051212806 0.997845054
1341845827.013745 -0.599519968 -0.047053508 0.006692615 -0.022170411 -0.035477165 0.056585047 0.997520924
1341845827.045694 -0.585579097 -0.033520564 0.004043153 -0.027004749 -0.031706959 0.057877373 0.997454584
1341845827.082458 -0.597055197 -0.042912569 0.030628545 -0.037010979 -0.027143875 0.052139845 0.997584522
1341845827.113645 -0.592091501 -0.056869477 0.041759953 -0.039148226 -0.030940585 0.057677802 0.997087538
1341845827.145773 -0.583950579 -0.030482929 0.036094055 -0.037102543 -0.030279858 0.056609247 0.997247219
1341845827.182474 -0.588599086 -0.038166512 0.034493737 -0.042921286 -0.025942957 0.050761554 0.997450769
1341845827.213974 -0.585876465 -0.053645846 0.047291566 -0.043980807 -0.026282806 0.051519010 0.997356892
1341845827.251751 -0.585717082 -0.045770064 0.038304176 -0.039625894 -0.026084585 0.054762833 0.997371793
1341845827.313888 -0.582987547 -0.045373604 0.044621564 -0.049302198 -0.019281056 0.052176580 0.997233748
1341845827.349700 -0.579824626 -0.050148565 0.053297721 -0.044761766 -0.022457646 0.058973558 0.997002602
1341845827.381963 -0.573706508 -0.036240570 0.053747877 -0.042992905 -0.022760471 0.058524188 0.997100055
1341845827.413850 -0.580855250 -0.043067150 0.035703823 -0.044863421 -0.019782342 0.054025922 0.997335017
1341845827.449725 -0.577098787 -0.050996311 0.049898963 -0.044461291 -0.019546807 0.052098330 0.997460246
1341845827.488394 -0.573940158 -0.051554531 0.055907097 -0.041499812 -0.022111479 0.054099113 0.997427762
1341845827.488394 -0.576395094 -0.051209122 0.051281393 -0.041449830 -0.021848159 0.053928576 0.997444868
1341845827.555964 -0.569603205 -0.045017883 0.055530295 -0.038697060 -0.020189779 0.051271833 0.997730494
1341845827.623688 -0.564916849 -0.051092561 0.054522846 -0.035453774 -0.021026939 0.055326585 0.997617126
1341845827.623688 -0.572307467 -0.051525500 0.038283326 -0.035253696 -0.020647990 0.055401687 0.997627974
1341845827.656212 -0.568196356 -0.036070108 0.032876339 -0.034574825 -0.019756107 0.052389152 0.997832477
1341845827.687624 -0.562956154 -0.045554753 0.036421765 -0.039824296 -0.017621273 0.045936100 0.997994721
1341845827.723697 -0.561950326 -0.057203364 0.037129529 -0.039954979 -0.015325772 0.047510408 0.997953713
1341845827.755778 -0.557482421 -0.052258242 0.041248783 -0.037550360 -0.014677977 0.051814441 0.997842550
1341845827.791657 -0.548878670 -0.044944204 0.041615564 -0.036442779 -0.012128253 0.049878426 0.998016536
1341845827.823845 -0.546018422 -0.050271172 0.049575076 -0.037367262 -0.008342176 0.049187370 0.998055458
1341845827.855606 -0.546886027 -0.054344479 0.051838640 -0.035449803 -0.006764491 0.050872386 0.998052895
1341845827.891685 -0.532433987 -0.050538134 0.047838904 -0.032170355 -0.005049923 0.051862460 0.998123169
1341845827.923824 -0.531442225 -0.046168972 0.048307493 -0.031062253 -0.000346670 0.051242243 0.998203039
1341845827.959777 -0.530108452 -0.050194539 0.057202093 -0.031340063 0.002784813 0.051721834 0.998165846
1341845827.991672 -0.520796359 -0.046160072 0.053591423 -0.029343531 0.004447453 0.053689037 0.998116612
1341845828.023726 -0.513543189 -0.039392870 0.054190710 -0.030262047 0.008236244 0.053041864 0.998099685
1341845828.059622 -0.510300457 -0.044571165 0.057433020 -0.031614456 0.011730446 0.053248029 0.998011827
1341845828.091720 -0.506060660 -0.044131991 0.061474059 -0.031388607 0.013796318 0.054187056 0.997942030
1341845828.127612 -0.504507482 -0.037786085 0.060991101 -0.031052265 0.015464216 0.054316510 0.997921050
1341845828.159638 -0.495049208 -0.039629061 0.059180386 -0.032522731 0.017014695 0.054457851 0.997841299
1341845828.191711 -0.489609003 -0.043621629 0.072319821 -0.032705054 0.019460265 0.052459799 0.997897685
1341845828.227644 -0.483633548 -0.040320355 0.065404586 -0.031064034 0.020688994 0.052857962 0.997904360
1341845828.259785 -0.480369687 -0.040090382 0.067259699 -0.030729571 0.023353944 0.055854898 0.997692645
1341845828.291687 -0.476976931 -0.043454431 0.064869799 -0.029507851 0.024863020 0.057859186 0.997578800
1341845828.327803 -0.471195012 -0.034397051 0.066340685 -0.027919943 0.026394758 0.057485990 0.997606754
1341845828.359694 -0.465496957 -0.032852016 0.070747972 -0.028889038 0.028123930 0.056994136 0.997560143
1341845828.395928 -0.475975186 -0.048299730 0.055915330 -0.030511482 0.032126576 0.060930412 0.997158229
1341845828.427803 -0.457451761 -0.032574374 0.068770364 -0.028583352 0.032132547 0.058567725 0.997356713
1341845828.459660 -0.447004288 -0.035222050 0.071840689 -0.028526805 0.032744773 0.058856573 0.997321427
1341845828.495761 -0.439540833 -0.028212897 0.079904936 -0.026972475 0.034775432 0.060510620 0.997196913
1341845828.527686 -0.458951056 -0.037490156 0.051032469 -0.030197494 0.038243812 0.061912101 0.996891439
1341845828.595750 -0.446776003 -0.042346667 0.055942535 -0.031177605 0.040486172 0.061259840 0.996812999
1341845828.654055 -0.434539855 -0.041639134 0.055091672 -0.033378933 0.043489024 0.061673686 0.996589661
1341845828.689681 -0.412575245 -0.025740333 0.078683443 -0.029935539 0.043028723 0.059643790 0.996842563
1341845828.721870 -0.411374122 -0.022923775 0.073972926 -0.030348767 0.043257218 0.060653966 0.996759236
1341845828.757706 -0.419998318 -0.037545998 0.058670778 -0.032798871 0.045286383 0.064642802 0.996340632
1341845828.789650 -0.417642415 -0.040567007 0.056919467 -0.032137051 0.045722563 0.067540281 0.996150136
1341845828.821914 -0.412947774 -0.034435142 0.057161510 -0.031252295 0.044093128 0.070188753 0.996068597
1341845828.857781 -0.394178241 -0.026189866 0.073109299 -0.031469572 0.042010438 0.070105992 0.996157587
1341845828.889770 -0.391110629 -0.027211659 0.072956532 -0.031662874 0.041798130 0.071139991 0.996087074
1341845828.931671 -0.389576048 -0.026886810 0.072533183 -0.031614643 0.040924449 0.070721634 0.996154666
1341845828.989696 -0.379135519 -0.027103774 0.072375700 -0.029738108 0.037788760 0.068751179 0.996474266
1341845829.025626 -0.375010192 -0.021163344 0.068765290 -0.029041391 0.036578178 0.067231245 0.996643662
1341845829.063840 -0.363951027 -0.021765273 0.070200957 -0.030021153 0.035845809 0.065545313 0.996753573
1341845829.089737 -0.361978471 -0.019057037 0.067876600 -0.029855067 0.036657225 0.065591514 0.996726036
1341845829.125754 -0.350643665 -0.022707090 0.065572888 -0.030827275 0.035553083 0.066375986 0.996684492
1341845829.158048 -0.337454796 -0.021384474 0.068164326 -0.030096546 0.036184896 0.065539390 0.996739447
1341845829.193669 -0.333563149 -0.025784859 0.070672795 -0.028605832 0.037768818 0.067471750 0.996595621
1341845829.225742 -0.328366846 -0.027967963 0.067039177 -0.024943270 0.037543055 0.069614880 0.996555150
1341845829.257763 -0.322459161 -0.024692398 0.066381894 -0.021984199 0.036686100 0.069884069 0.996637881
1341845829.293851 -0.315810204 -0.024598839 0.060697991 -0.019609505 0.035891678 0.069130681 0.996768892
1341845829.325861 -0.312755913 -0.028819133 0.061507702 -0.017823908 0.035106938 0.067848638 0.996918499
1341845829.357901 -0.308857471 -0.030373970 0.054361481 -0.014524058 0.032129701 0.067733347 0.997080207
1341845829.393704 -0.299356073 -0.025164211 0.057879549 -0.012118696 0.030339228 0.066352263 0.997261286
1341845829.425831 -0.297491252 -0.019623287 0.056275081 -0.011838386 0.029303383 0.063712165 0.997467816
1341845829.461720 -0.286773384 -0.030132143 0.056949288 -0.012857265 0.026918247 0.063882254 0.997511506
1341845829.493662 -0.283602417 -0.032592680 0.060276151 -0.006995565 0.024748545 0.067044832 0.997418463
1341845829.525846 -0.275429308 -0.016699141 0.053940944 -0.004793962 0.021964453 0.065635987 0.997590363
1341845829.561864 -0.278406084 -0.020905128 0.034857135 -0.008081011 0.023166593 0.063436940 0.997684240
1341845829.593763 -0.271312684 -0.032634649 0.036877189 -0.010446731 0.023873724 0.062847368 0.997682929
1341845829.625785 -0.260869682 -0.033258475 0.055391885 -0.005052974 0.021905094 0.064056553 0.997693062
1341845829.661787 -0.252800941 -0.016636558 0.052916434 -0.001019525 0.018945429 0.064279914 0.997751594
1341845829.693835 -0.249831185 -0.010124824 0.032200977 -0.003586263 0.020709725 0.061504163 0.997885585
1341845829.729747 -0.242403805 -0.020724101 0.050753046 -0.007412485 0.021777755 0.056404296 0.998142958
1341845829.761817 -0.247791618 -0.025266685 0.052364856 -0.003626897 0.017862516 0.056734100 0.998222947
1341845829.793840 -0.229117215 -0.016428618 0.056050934 0.000271888 0.010555717 0.056342501 0.998355687
1341845829.829803 -0.216227308 -0.012472267 0.050063334 0.001252019 0.010504517 0.051848970 0.998598933
1341845829.861640 -0.230251536 -0.013733116 0.041892570 -0.000209280 0.010283716 0.049771070 0.998707712
1341845829.897840 -0.215675056 -0.027660377 0.053140398 0.000184160 0.003315335 0.051775288 0.998653293
1341845829.929703 -0.197796121 -0.015669500 0.039130233 0.004928107 0.002591113 0.052838601 0.998587608
1341845829.962023 -0.215202004 -0.020121964 0.020064579 0.002193854 0.006006792 0.054995328 0.998466194
1341845829.997954 -0.219479725 -0.037914645 0.028143497 0.002672528 0.003419239 0.056058954 0.998418093
1341845830.029819 -0.181265682 -0.025751347 0.050840378 0.011087697 -0.001273262 0.055256795 0.998409867
1341845830.061836 -0.197812751 -0.011545953 0.024974635 0.012199594 0.002461225 0.056451045 0.998327792
1341845830.097885 -0.190069705 -0.025920760 0.026987277 0.008712260 0.002676038 0.056697018 0.998349905
1341845830.129668 -0.175746962 -0.036059443 0.038725466 0.013745093 0.002718008 0.056745686 0.998290360
1341845830.165590 -0.184827328 -0.019349065 0.033896755 0.018849490 0.001779863 0.059680250 0.998038054
1341845830.197779 -0.180538476 -0.018790131 0.035469316 0.017637355 -0.004016900 0.063092627 0.997843742
1341845830.229883 -0.165245101 -0.017305408 0.022634780 0.019644393 -0.003826989 0.065247990 0.997668386
1341845830.265730 -0.167508110 -0.007823230 0.028820995 0.019469440 -0.002865845 0.064325981 0.997734904
1341845830.297873 -0.160066113 -0.021618681 0.035549499 0.017964769 -0.006613281 0.067841865 0.997512460
1341845830.329863 -0.141090497 -0.016583739 0.031174239 0.021371508 -0.009201477 0.069997981 0.997275770
1341845830.365740 -0.150435209 -0.014240014 0.019031074 0.020723863 -0.007808106 0.070581980 0.997260153
1341845830.397779 -0.139942870 -0.015529510 0.020472677 0.019433066 -0.010761466 0.069614768 0.997326612
1341845830.433725 -0.116906986 -0.020545986 0.020499045 0.019627769 -0.011521656 0.066884443 0.997501135
1341845830.465762 -0.129040018 -0.017192045 0.015317978 0.020800469 -0.008263049 0.065747760 0.997585297
1341845830.507859 -0.121592984 -0.024520004 0.016729319 0.021407859 -0.011113198 0.067103930 0.997454405
1341845830.565943 -0.095989853 -0.007958988 0.013811505 0.024336688 -0.006689315 0.065715693 0.997519195
1341845830.597841 -0.095109172 -0.016279925 0.016630566 0.022707129 -0.007413137 0.067756407 0.997415900
1341845830.633627 -0.073046587 -0.016677417 0.026449766 0.024688188 -0.009834337 0.068754897 0.997279584
1341845830.665700 -0.069880396 -0.007147326 0.023536045 0.025943296 -0.007484494 0.067814082 0.997332573
1341845830.701788 -0.063299984 -0.008345573 0.020107696 0.024628038 -0.006866910 0.066486038 0.997459769
1341845830.733901 -0.049395904 -0.002648695 0.018395375 0.023557100 -0.005276578 0.062630631 0.997744799
1341845830.765759 -0.046414152 -0.000565827 0.023851287 0.021484716 -0.002808932 0.058676742 0.998041868
1341845830.801839 -0.033667140 -0.008204700 0.028809920 0.020097151 -0.000990929 0.056689650 0.998189092
1341845830.833774 -0.035409272 -0.012922822 0.026688173 0.021380611 0.002085592 0.055703096 0.998216331
1341845830.865751 -0.025425896 -0.002339967 0.018587293 0.022798222 0.002253951 0.055082545 0.998218954
1341845830.901883 -0.015300081 -0.004787489 0.016841870 0.020781200 0.004562054 0.051604688 0.998440921
1341845830.933811 -0.018729640 -0.010124792 0.027493749 0.021204986 0.006995185 0.049921561 0.998503566
1341845830.969705 -0.013823999 -0.004122571 0.018866882 0.022899264 0.006182851 0.050270412 0.998453975
1341845831.001855 -0.006403907 -0.000573410 0.018583668 0.021660421 0.005590413 0.047309987 0.998629749
1341845831.033886 0.003042290 -0.002260726 0.027730174 0.020323006 0.006266159 0.044458546 0.998784840
1341845831.069727 0.002516874 -0.005245513 0.031338729 0.020683546 0.008041755 0.042875431 0.998833954
1341845831.101853 0.011674784 -0.002439986 0.019932160 0.021466507 0.007521555 0.043465700 0.998795986
1341845831.137817 0.023506552 0.003173313 0.013834864 0.020730270 0.008714780 0.042959969 0.998823702
1341845831.169942 0.021830451 -0.003193320 0.018530875 0.019159472 0.011211966 0.041640684 0.998886049
1341845831.201715 0.023267463 -0.009541875 0.020626169 0.020233158 0.010794685 0.042587463 0.998829603
1341845831.237723 0.032828618 -0.003577486 0.013080987 0.023403505 0.010144264 0.043263495 0.998738050
1341845831.269903 0.034008361 -0.000348764 0.006239315 0.022937546 0.010431061 0.042995613 0.998757482
1341845831.301755 0.030953951 -0.001739562 0.010976611 0.022262378 0.007914374 0.042840324 0.998802543
1341845831.337779 0.041461173 -0.007061331 0.007962059 0.022695154 0.003527421 0.042535771 0.998830974
1341845831.369742 0.050686885 -0.003131248 0.008212179 0.024041036 -0.000258248 0.042059548 0.998825788
1341845831.405710 0.066559426 0.005798912 0.006870249 0.023528205 -0.001669590 0.040319458 0.998908401
1341845831.437646 0.073473148 -0.001474203 0.005910594 0.021185534 0.000363776 0.037504129 0.999071836
1341845831.469752 0.071005069 -0.009904805 0.006958708 0.021316953 0.001094364 0.037534956 0.999067307
1341845831.505745 0.084380835 0.001921700 0.009241779 0.023344450 -0.001171333 0.037777998 0.999012828
1341845831.537844 0.104855798 0.009449644 0.004464832 0.020695137 0.000712749 0.034711793 0.999182880
1341845831.569610 0.100625798 -0.002747384 0.001479750 0.016284164 0.004461782 0.032704934 0.999322474
1341845831.605848 0.100052163 -0.007029512 0.004661277 0.015830869 0.005003643 0.033030476 0.999316514
1341845831.637789 0.109912038 0.005506394 0.003524991 0.015440278 0.005560376 0.032385860 0.999340773
1341845831.673597 0.124922507 0.010826925 0.006860557 0.010246483 0.007735271 0.031139238 0.999432683
1341845831.705652 0.127582267 -0.002265387 0.009397401 0.005868753 0.012445635 0.031915747 0.999395847
1341845831.737705 0.136735678 -0.001610840 0.005652504 0.006079366 0.014521891 0.036881961 0.999195695
1341845831.773629 0.143668354 0.002393539 -0.001140658 0.006147414 0.015571614 0.040071208 0.999056637
1341845831.805810 0.152334705 0.010384907 -0.000693719 0.004070564 0.017478807 0.040990442 0.998998404
1341845831.837719 0.143967569 0.009326618 0.009742536 0.000990503 0.019745737 0.041297387 0.998951316
1341845831.873791 0.156609058 0.008132583 0.004245725 -0.000069083 0.018241568 0.042800829 0.998917103
1341845831.905728 0.165477544 0.021726843 0.012124722 -0.001605850 0.019733787 0.041757192 0.998931646
1341845831.941628 0.167825192 0.011210911 0.017800296 -0.004633036 0.021709668 0.040516127 0.998932302
1341845831.973784 0.177686870 0.013626114 0.015872400 -0.004811241 0.023150826 0.039700523 0.998931885
1341845832.005729 0.186619714 0.015087321 0.018514674 -0.004352658 0.024879703 0.039102774 0.998915911
1341845832.041627 0.196845144 0.022728859 0.018697990 -0.004848761 0.027192319 0.037728854 0.998906255
1341845832.073865 0.197030127 0.021621497 0.014696816 -0.006641563 0.030565884 0.035697103 0.998873115
1341845832.109730 0.196358010 0.012012308 0.019852964 -0.007020843 0.030546108 0.036162619 0.998854339
1341845832.141683 0.212437958 0.017542329 0.012430836 -0.004645456 0.028960861 0.036901265 0.998888433
1341845832.173988 0.214217201 0.029393321 0.019399023 -0.004654557 0.031074936 0.035559535 0.998873532
1341845832.209956 0.214963898 0.018913435 0.014884226 -0.006541872 0.030007521 0.035174042 0.998909175
1341845832.241796 0.228131831 0.021920342 -0.000653175 -0.005450015 0.027070291 0.035887558 0.998974323
1341845832.273776 0.241213292 0.032857429 -0.006333691 -0.006070280 0.026847886 0.036347002 0.998960078
1341845832.309916 0.238479599 0.037483536 0.002560916 -0.009035882 0.028622672 0.036290001 0.998890519
1341845832.341687 0.242774442 0.035315882 0.007816602 -0.011062804 0.026972419 0.037508436 0.998870969
1341845832.377708 0.250891209 0.041487221 0.003332275 -0.011402898 0.025680399 0.038312770 0.998870730
1341845832.409802 0.251187265 0.043123335 0.011887201 -0.013620489 0.025308233 0.038886923 0.998830259
1341845832.442187 0.260263830 0.043060943 0.003671164 -0.014842204 0.024142755 0.039347038 0.998823643
1341845832.477743 0.265708625 0.046422042 0.003353421 -0.015638543 0.023843175 0.039582450 0.998809397
1341845832.509635 0.270725697 0.047131658 0.003121451 -0.016778363 0.023870626 0.040199954 0.998765588
1341845832.541586 0.278074324 0.049966324 0.009312468 -0.017496767 0.024179464 0.040786948 0.998722017
1341845832.577871 0.282508165 0.050726611 0.005001210 -0.017954813 0.024516568 0.041746065 0.998666108
1341845832.609738 0.288165838 0.052711677 0.006634980 -0.017955814 0.023630256 0.043215390 0.998624921
1341845832.645699 0.295379430 0.059449125 0.000783125 -0.018220322 0.023882292 0.043475632 0.998602808
1341845832.677817 0.294154108 0.061016575 0.002812031 -0.020349119 0.024635632 0.041985799 0.998607159
1341845832.710177 0.304367363 0.055920944 -0.000314141 -0.022339372 0.024905337 0.042396531 0.998540521
1341845832.745710 0.306431413 0.055048980 -0.008647829 -0.022618176 0.026418535 0.044366639 0.998409867
1341845832.777849 0.309747070 0.057415690 -0.008309493 -0.023327116 0.027907703 0.046395153 0.998260736
1341845832.810110 0.317666292 0.062364046 -0.009553646 -0.024071064 0.028840549 0.048038185 0.998138905
1341845832.845797 0.325403303 0.068114549 -0.012374059 -0.025162194 0.030511174 0.048180092 0.998055458
1341845832.877696 0.325145811 0.065441802 -0.006210448 -0.026103728 0.032156222 0.049416922 0.997919142
1341845832.913787 0.335016936 0.069456935 -0.014545991 -0.025371838 0.031960282 0.050642580 0.997882903
1341845832.945664 0.342015386 0.073817253 -0.016034240 -0.026544154 0.033166207 0.049340960 0.997878253
1341845832.978015 0.341525704 0.069202773 -0.010532256 -0.027823795 0.034269091 0.049354620 0.997805357
1341845833.045857 0.356317550 0.075193614 -0.014833706 -0.028430820 0.034345407 0.049786098 0.997764230
1341845833.077785 0.363461941 0.075461514 -0.014515152 -0.030179482 0.035687011 0.049273081 0.997691274
1341845833.113636 0.373669028 0.069686025 -0.015471816 -0.030701006 0.036739379 0.049142491 0.997643590
1341845833.145767 0.380717665 0.079348020 -0.024598842 -0.030408798 0.038611572 0.050168432 0.997530758
1341845833.181891 0.390710890 0.082796536 -0.026998729 -0.033971634 0.040643185 0.047568254 0.997462451
1341845833.213878 0.390032917 0.076543182 -0.018155998 -0.035889655 0.042774659 0.047748845 0.997297525
1341845833.245714 0.390255034 0.071011573 -0.009754583 -0.034605894 0.040965863 0.049059648 0.997355223
1341845833.281847 0.410278201 0.069831029 -0.016252210 -0.031373508 0.040050618 0.051006377 0.997401655
1341845833.313771 0.418376535 0.079959743 -0.026117047 -0.028519921 0.042840391 0.051727913 0.997334242
1341845833.349756 0.422807485 0.083133325 -0.030314310 -0.029545009 0.043932915 0.052291710 0.997227490
1341845833.381840 0.440532297 0.077806279 -0.042725258 -0.030653339 0.045271274 0.052074462 0.997145474
1341845833.414644 0.436244458 0.084729947 -0.037575256 -0.030758148 0.049072381 0.051794864 0.996977031
1341845833.449819 0.429820627 0.072798088 -0.037152611 -0.032581810 0.049705159 0.052109227 0.996871352
1341845833.488616 0.445130676 0.076247230 -0.042460322 -0.030958470 0.048504915 0.051994435 0.996988237
1341845833.549835 0.441612095 0.072563604 -0.036569573 -0.035130985 0.050019212 0.051005434 0.996826172
1341845833.581733 0.449460298 0.070823275 -0.033124011 -0.032057669 0.047916241 0.051737193 0.996995330
1341845833.617817 0.452282429 0.080566928 -0.041723646 -0.030990636 0.047192682 0.053399187 0.996975958
1341845833.649899 0.449825883 0.079306185 -0.035914298 -0.033707350 0.046619531 0.051770389 0.997000635
1341845833.681671 0.456997812 0.071779720 -0.032034215 -0.033839073 0.046092808 0.051446158 0.997037470
1341845833.717606 0.458370656 0.076814078 -0.048874933 -0.032116670 0.044841006 0.054074097 0.997012436
1341845833.752940 0.462817430 0.086640686 -0.040467910 -0.033511452 0.041511580 0.053769916 0.997127175
1341845833.817827 0.459572554 0.082915999 -0.034895800 -0.037037354 0.043221001 0.052267577 0.997009695
1341845833.849860 0.470501333 0.080474600 -0.038287576 -0.037122250 0.040379059 0.053305000 0.997070730
1341845833.885667 0.476772785 0.084398501 -0.039687194 -0.036033973 0.041441143 0.051862851 0.997143149
1341845833.917724 0.468429416 0.089152060 -0.038931429 -0.037720781 0.043211795 0.051510498 0.997023880
1341845833.949675 0.465750188 0.074516073 -0.030611571 -0.038730271 0.042745288 0.050929766 0.997035086
1341845833.985662 0.479611158 0.081959203 -0.042998329 -0.036156263 0.042870373 0.051390197 0.997102797
1341845834.018158 0.465890557 0.094720513 -0.034292739 -0.037018489 0.045147993 0.049727347 0.997054935
1341845834.049769 0.462913215 0.080873854 -0.032456975 -0.040098753 0.043873474 0.048574012 0.997049570
1341845834.085753 0.470876306 0.082990602 -0.037734184 -0.039395243 0.043094903 0.046602882 0.997205615
1341845834.153871 0.459696084 0.080999367 -0.036039557 -0.041707817 0.045662850 0.045889586 0.997030377
1341845834.185736 0.458307832 0.080882229 -0.040573187 -0.042409204 0.046332974 0.043747045 0.997066200
1341845834.217802 0.446182728 0.085246436 -0.036421496 -0.042712156 0.047835831 0.042628616 0.997030735
1341845834.253824 0.433872223 0.095753327 -0.036551964 -0.045071661 0.046904333 0.041309219 0.997026622
1341845834.285756 0.428946495 0.077655688 -0.029953957 -0.049843352 0.044984989 0.038390603 0.997004569
1341845834.321783 0.430663377 0.071405530 -0.024187159 -0.047991436 0.044460095 0.039242614 0.997085810
1341845834.355135 0.422189265 0.066453576 -0.027565449 -0.042270515 0.045360833 0.041937709 0.997194469
1341845834.385801 0.420038372 0.077112406 -0.034168307 -0.038641829 0.045904577 0.043537457 0.997248292
1341845834.421748 0.409384310 0.076422334 -0.035714019 -0.039341070 0.047461826 0.041896850 0.997218311
1341845834.453840 0.393915623 0.076040886 -0.030998385 -0.039921109 0.047285601 0.040229514 0.997272253
1341845834.485639 0.391359091 0.072172746 -0.028713500 -0.040317841 0.045116305 0.038035817 0.997442842
1341845834.521785 0.386886895 0.071965165 -0.030938040 -0.039569408 0.045295686 0.036990296 0.997504056
1341845834.553727 0.378380805 0.073996395 -0.035655666 -0.039983582 0.045748014 0.037299614 0.997455359
1341845834.589787 0.364272028 0.065016180 -0.037145946 -0.040921677 0.044791967 0.036756851 0.997480869
1341845834.621791 0.365968138 0.071123347 -0.019393820 -0.038526051 0.040979251 0.037949450 0.997695506
1341845834.653808 0.365673691 0.081198372 -0.032870438 -0.039461404 0.041009452 0.035627514 0.997743368
1341845834.689847 0.345328361 0.076249413 -0.026422799 -0.043162264 0.041854903 0.032678165 0.997655988
1341845834.721856 0.333544642 0.067024849 -0.016313914 -0.044577483 0.039112985 0.032501824 0.997710764
1341845834.753919 0.334527612 0.060091719 -0.024277577 -0.042015180 0.036534321 0.032161657 0.997930706
1341845834.789834 0.329259098 0.068384074 -0.026257902 -0.040126719 0.037038732 0.032284915 0.997985840
1341845834.821826 0.310389638 0.068569355 -0.018052643 -0.041713133 0.037692290 0.032493293 0.997889519
1341845834.857804 0.301635981 0.064049430 -0.024013018 -0.042330809 0.035004824 0.031591427 0.997990370
1341845834.889796 0.296521425 0.059827145 -0.026921701 -0.042915378 0.033463661 0.030340759 0.998057067
1341845834.921771 0.277059168 0.057826091 -0.017831640 -0.042137828 0.033320062 0.029910544 0.998108029
1341845834.957942 0.263794184 0.059214599 -0.015944257 -0.040830798 0.030824643 0.030299125 0.998230815
1341845834.989806 0.254102349 0.057489861 -0.018476916 -0.040222451 0.028419655 0.029153366 0.998360932
1341845835.021804 0.243319511 0.054302875 -0.016546523 -0.039241672 0.026396452 0.029299458 0.998451233
1341845835.058003 0.236765251 0.053199101 -0.018838592 -0.037430353 0.024438515 0.029483419 0.998565197
1341845835.089820 0.219376996 0.050477814 -0.011502374 -0.036334060 0.023095157 0.029562503 0.998635411
1341845835.125663 0.210311458 0.057570051 -0.019136596 -0.035821553 0.019936126 0.030901596 0.998681426
1341845835.157750 0.201024637 0.054433729 -0.015060481 -0.037331451 0.017407471 0.030048551 0.998699367
1341845835.189830 0.191205397 0.042531766 -0.013634020 -0.036537010 0.015444216 0.029736748 0.998770416
1341845835.225912 0.179973900 0.040880498 -0.020238779 -0.032705098 0.012946152 0.031589936 0.998881876
1341845835.258001 0.175486892 0.047656815 -0.030299546 -0.031321209 0.010758742 0.031129140 0.998966575
1341845835.290164 0.157016918 0.042226847 -0.016949760 -0.033162653 0.010207240 0.028543772 0.998990178
1341845835.325788 0.145337656 0.034417033 -0.016823819 -0.032178480 0.007371427 0.028686361 0.999043226
1341845835.363902 0.138118044 0.035593934 -0.018583888 -0.030354215 0.005743593 0.027106710 0.999155104
1341845835.363902 0.137711540 0.034897108 -0.019929985 -0.030420404 0.005788443 0.027118038 0.999152541
1341845835.431742 0.109805509 0.039469831 -0.014814852 -0.029440975 0.001500505 0.024730407 0.999259412
1341845835.493790 0.111560859 0.023325980 -0.022374526 -0.027900012 -0.005242867 0.024642859 0.999293208
1341845835.527633 0.085768349 0.030493917 -0.020815393 -0.025790552 -0.005836271 0.026420206 0.999301195
1341845835.561788 0.078052714 0.032889575 -0.029034447 -0.026568096 -0.010670588 0.025997149 0.999252021
1341845835.594173 0.081744216 0.028898811 -0.027165743 -0.028327117 -0.012468886 0.025270537 0.999201477
1341845835.625859 0.072392873 0.016616339 -0.028397592 -0.027224705 -0.011713016 0.025283735 0.999240935
1341845835.661923 0.058498036 0.018056674 -0.024107356 -0.022321027 -0.014530538 0.028782763 0.999230862
1341845835.693994 0.061203860 0.019734751 -0.023874940 -0.019333487 -0.017070685 0.030114722 0.999213696
1341845835.725724 0.051945355 0.016091708 -0.028839193 -0.017872402 -0.013855983 0.029692240 0.999303281
1341845835.761816 0.034180976 0.011165312 -0.023851234 -0.015201343 -0.014209350 0.031962190 0.999272525
1341845835.793927 0.030731654 0.021388400 -0.021666372 -0.011926349 -0.017503487 0.035057694 0.999160886
1341845835.829809 0.028890599 0.022752462 -0.024303500 -0.012598024 -0.017311972 0.034149110 0.999187410
1341845835.868224 0.012094887 0.012124808 -0.018615646 -0.012784511 -0.015487152 0.033906315 0.999223232
1341845835.868224 0.011487506 0.012572875 -0.017475938 -0.012734414 -0.015511421 0.034014586 0.999219835
1341845835.903857 0.008489719 0.015566796 -0.018221812 -0.009826287 -0.019412164 0.036979560 0.999079168
1341845835.935727 0.004688460 0.018672282 -0.023711072 -0.008867471 -0.020527655 0.037873965 0.999032319
1341845835.967812 0.005811158 0.013025784 -0.021886015 -0.009262349 -0.018965621 0.036087986 0.999125719
1341845836.003789 -0.007707663 0.007555597 -0.019054556 -0.006486753 -0.018772349 0.039404381 0.999025941
1341845836.035920 -0.010893093 0.013972593 -0.022335002 -0.002845783 -0.019994562 0.040449068 0.998977482
1341845836.067671 -0.017472388 0.016949574 -0.022590438 -0.002462023 -0.017698901 0.038761094 0.999088764
1341845836.104034 -0.033714958 0.006927469 -0.023030147 -0.001974707 -0.017349893 0.038833022 0.999093115
1341845836.135769 -0.044948898 0.010794692 -0.029263111 0.000751459 -0.020533759 0.039354946 0.999014080
1341845836.172097 -0.047082804 0.015445835 -0.029809592 0.000688541 -0.023484167 0.038514357 0.998981833
1341845836.203642 -0.047686312 0.008773879 -0.030354969 -0.001339578 -0.022662008 0.037065744 0.999054968
1341845836.235687 -0.065035738 0.001998539 -0.025764639 0.000159827 -0.021614164 0.038117677 0.999039531
1341845836.271774 -0.069817275 0.000051272 -0.036701448 0.002890792 -0.025889941 0.040478878 0.998840749
1341845836.303797 -0.069991872 0.010879995 -0.030317638 0.004664770 -0.027995745 0.042676546 0.998685777
1341845836.335742 -0.073556907 0.012631770 -0.026354412 0.003510240 -0.026282571 0.041541401 0.998784900
1341845836.372549 -0.082071014 -0.004221637 -0.025144991 0.003611194 -0.023382202 0.044426598 0.998732448
1341845836.403992 -0.090869501 0.003978856 -0.027758244 0.007865205 -0.022862952 0.047846410 0.998562038
1341845836.435705 -0.079627670 0.006731774 -0.031402752 0.009041868 -0.022501471 0.049852304 0.998462141
1341845836.471817 -0.093145750 0.011185183 -0.033244558 0.009843148 -0.017981324 0.048995525 0.998588622
1341845836.503945 -0.108768128 0.008590240 -0.028849123 0.009788046 -0.017153578 0.050675113 0.998519897
1341845836.539832 -0.115496688 0.011073616 -0.036725517 0.010346446 -0.018614177 0.051112067 0.998465896
1341845836.571973 -0.109521814 0.014744124 -0.035697643 0.009721610 -0.019642353 0.051393643 0.998438001
1341845836.604373 -0.119930483 0.015549831 -0.038399786 0.007851440 -0.018202195 0.049923830 0.998556316
1341845836.639724 -0.123435393 0.006279067 -0.036205985 0.005440737 -0.018610917 0.048543390 0.998632908
1341845836.672049 -0.125333935 -0.003667695 -0.031507567 0.006770656 -0.019064434 0.047235277 0.998678982
1341845836.704020 -0.127000704 -0.009467354 -0.032298535 0.008973407 -0.018461507 0.047548555 0.998658061
1341845836.739779 -0.125284746 -0.033988044 -0.035313930 0.012200152 -0.019838182 0.049028665 0.998525858
1341845836.771652 -0.121733218 -0.039155830 -0.039480779 0.021359589 -0.019703219 0.050766163 0.998287737
1341845836.803601 -0.127692699 -0.029835608 -0.036103368 0.028389614 -0.017570700 0.052164856 0.998080254
1341845836.839643 -0.132699281 -0.043611381 -0.043027997 0.030237745 -0.018708503 0.053427320 0.997938514
1341845836.871771 -0.128330722 -0.051453520 -0.037041325 0.033387382 -0.020498220 0.054326106 0.997754395
1341845836.907663 -0.125195742 -0.043494649 -0.023498645 0.035682198 -0.018777212 0.055383042 0.997650683
1341845836.939824 -0.136602864 -0.058728557 -0.024736002 0.035239805 -0.015693523 0.058373909 0.997549176
1341845836.971802 -0.132110387 -0.061273836 -0.024095742 0.037895929 -0.017672762 0.058715664 0.997398674
1341845837.007714 -0.116578653 -0.042539280 -0.024343835 0.037348799 -0.016101066 0.058792721 0.997441411
1341845837.039752 -0.128099918 -0.070179492 -0.026246507 0.029707950 -0.009113827 0.059797786 0.997726738
1341845837.071715 -0.133724898 -0.094573997 -0.032601237 0.032307636 -0.007835939 0.058940820 0.997707784
1341845837.107691 -0.123804398 -0.084522158 -0.023593863 0.035227403 -0.007972424 0.060843900 0.997493625
1341845837.139763 -0.115024157 -0.108577810 -0.027369907 0.033627376 -0.004648051 0.060130525 0.997613132
1341845837.171636 -0.126303464 -0.118174292 -0.023080347 0.037718505 -0.000882422 0.054459326 0.997802973
1341845837.207675 -0.131962389 -0.114259332 -0.036894351 0.038175210 -0.002460507 0.053786479 0.997819483
1341845837.239749 -0.124462970 -0.129901677 -0.030550683 0.035234887 -0.004259158 0.048030350 0.998215199
1341845837.275755 -0.121045135 -0.149808779 -0.032972544 0.035439052 -0.002414090 0.043275077 0.998431563
1341845837.307686 -0.128809959 -0.173253775 -0.030435935 0.038514726 -0.002286226 0.046504971 0.998172700
1341845837.339628 -0.126493692 -0.178218961 -0.029067421 0.044037018 -0.004886792 0.047986135 0.997864902
1341845837.375710 -0.115666978 -0.179265603 -0.021458266 0.048886295 -0.004608178 0.045730542 0.997746348
1341845837.407709 -0.117312051 -0.168884307 -0.042086489 0.050142214 -0.000867658 0.042566769 0.997834206
1341845837.439656 -0.120128527 -0.175052777 -0.040739227 0.043626573 0.002129505 0.040433425 0.998227119
1341845837.475671 -0.116679594 -0.198503733 -0.024962081 0.038965058 0.003022656 0.037963491 0.998514593
1341845837.507973 -0.104590192 -0.202411890 -0.031284198 0.038690735 0.006097749 0.037635028 0.998523653
1341845837.543708 -0.113331661 -0.207336739 -0.028310139 0.034794625 0.011233583 0.035952371 0.998684466
1341845837.575706 -0.106962763 -0.230789229 -0.037164450 0.031936161 0.012578629 0.033307575 0.998855650
1341845837.607609 -0.104319997 -0.240272641 -0.035657633 0.032552019 0.014992690 0.030271593 0.998899102
1341845837.643704 -0.102474026 -0.248895720 -0.036260761 0.033763960 0.017639840 0.028171385 0.998876989
1341845837.675706 -0.104361482 -0.267828256 -0.044540726 0.035001501 0.019862866 0.026042432 0.998850465
1341845837.711803 -0.099810332 -0.261459231 -0.038795535 0.038158987 0.021323498 0.025220800 0.998725772
1341845837.743935 -0.098766051 -0.268188268 -0.038837127 0.037907340 0.024148317 0.023244955 0.998718977
1341845837.775698 -0.099911809 -0.281193405 -0.033988055 0.039627433 0.026767850 0.022310968 0.998606741
1341845837.811909 -0.094899639 -0.265091985 -0.041794058 0.041542672 0.029140456 0.023012096 0.998446584
1341845837.843915 -0.096975774 -0.276823580 -0.038585074 0.038446944 0.032214884 0.021097211 0.998518407
1341845837.879790 -0.096916832 -0.296498626 -0.035061214 0.038329381 0.034528073 0.019533802 0.998477459
1341845837.911946 -0.103022493 -0.302817136 -0.038200989 0.042178933 0.035876207 0.021560447 0.998232961
1341845837.946188 -0.101368152 -0.293479174 -0.037362169 0.045081165 0.035263486 0.023880659 0.998075128
1341845837.979709 -0.082071789 -0.288996041 -0.040574461 0.044914696 0.036161903 0.022245752 0.998088241
1341845838.041927 -0.098409019 -0.296324521 -0.042395566 0.037941854 0.042345449 0.017952593 0.998220980
1341845838.073905 -0.095247053 -0.318896681 -0.033325367 0.035816975 0.041613407 0.015414571 0.998372614
1341845838.105792 -0.098336317 -0.323745042 -0.030026309 0.038265724 0.043044996 0.015644297 0.998217523
1341845838.141667 -0.097416736 -0.314635545 -0.030862873 0.039397061 0.043190945 0.016375910 0.998155475
1341845838.173678 -0.089037977 -0.310248405 -0.029756131 0.036871143 0.043209530 0.012659844 0.998305202
1341845838.205767 -0.081747226 -0.307932556 -0.033172783 0.032480024 0.044847719 0.008406145 0.998430371
1341845838.241893 -0.095725901 -0.319602042 -0.033326924 0.025149774 0.048846390 0.004805865 0.998478115
1341845838.273791 -0.103946991 -0.342126250 -0.021252582 0.021538818 0.048742075 0.002231211 0.998576641
1341845838.309852 -0.105659015 -0.346441388 -0.023289997 0.021819927 0.046297032 0.001585935 0.998688161
1341845838.341805 -0.099818975 -0.351522803 -0.016989047 0.021334985 0.044053853 0.004339417 0.998791933
1341845838.373872 -0.097703710 -0.365070939 -0.021672679 0.021875227 0.044302888 0.005149477 0.998765409
1341845838.409713 -0.102169342 -0.360331267 -0.027493356 0.023061458 0.044353452 0.006918060 0.998725712
1341845838.441818 -0.095444992 -0.353371710 -0.020294234 0.021707917 0.042826023 0.009783235 0.998798788
1341845838.473754 -0.091700181 -0.366041124 -0.026214071 0.018260837 0.043181449 0.007399913 0.998872995
1341845838.509713 -0.092992716 -0.375479549 -0.027398173 0.016942371 0.044778742 0.004567921 0.998842835
1341845838.541649 -0.099685632 -0.381337762 -0.019640278 0.017198894 0.045053605 0.004931615 0.998824358
1341845838.577804 -0.092047788 -0.393573076 -0.023011327 0.019125419 0.044230107 0.001812383 0.998836637
1341845838.609807 -0.086039454 -0.390809268 -0.016089775 0.022276362 0.045456883 -0.000655855 0.998717666
1341845838.641690 -0.087601639 -0.393710464 -0.017235802 0.023594202 0.047666937 -0.000472667 0.998584509
1341845838.677850 -0.093200147 -0.394997180 -0.018881394 0.024579613 0.048632141 -0.001483961 0.998513162
1341845838.709635 -0.086755849 -0.393954456 -0.034172393 0.024198782 0.048616484 -0.003655169 0.998517692
1341845838.745913 -0.065946043 -0.372681618 -0.032620382 0.020853411 0.050948903 -0.004687157 0.998472571
1341845838.777723 -0.086830907 -0.392020434 -0.022812944 0.012268888 0.056197658 -0.006931469 0.998320282
1341845838.809656 -0.091659367 -0.399984568 -0.013988462 0.009661755 0.054953743 -0.007322709 0.998415291
1341845838.845874 -0.078649722 -0.410027057 -0.023155086 0.009289862 0.053303372 -0.007406725 0.998507738
1341845838.877695 -0.059537441 -0.397239476 -0.032594845 0.006662453 0.055207614 -0.007159628 0.998427033
1341845838.909636 -0.072318815 -0.410445452 -0.021087758 0.000845368 0.059714917 -0.011138391 0.998153031
1341845838.945837 -0.079025783 -0.425554812 -0.019389542 -0.000399349 0.060371384 -0.013153283 0.998089254
1341845838.977758 -0.072622396 -0.427752316 -0.018748706 0.001241732 0.059974216 -0.012281213 0.998123646
1341845839.013907 -0.060654655 -0.423099846 -0.020697549 0.002426591 0.061055910 -0.012179452 0.998057067
1341845839.046225 -0.066359594 -0.416733325 -0.026129143 0.001879766 0.064222865 -0.014401476 0.997829914
1341845839.077750 -0.073759347 -0.422626436 -0.022728693 -0.001644655 0.063186437 -0.015517539 0.997879803
1341845839.113934 -0.066521391 -0.440671563 -0.012592841 -0.002572751 0.060419302 -0.014775298 0.998060465
1341845839.145852 -0.061632365 -0.437772661 -0.019098181 0.001023983 0.060005013 -0.012584383 0.998118222
1341845839.177741 -0.054923028 -0.430743665 -0.018220413 0.001332680 0.059763797 -0.011033175 0.998150706
1341845839.214000 -0.049946290 -0.442695260 -0.016402239 0.000870193 0.061092187 -0.011959024 0.998060167
1341845839.246198 -0.048848204 -0.449108541 -0.022515278 0.003111731 0.063348301 -0.011541427 0.997919917
1341845839.281774 -0.045427814 -0.441391170 -0.017744267 0.004559200 0.064695090 -0.009167160 0.997852623
1341845839.314004 -0.032614462 -0.444486856 -0.015184364 0.003959254 0.066546105 -0.011120796 0.997713506
1341845839.345945 -0.048490297 -0.456982255 -0.027731050 0.003672786 0.070079915 -0.013011959 0.997449756
1341845839.381741 -0.048100572 -0.463404775 -0.028735455 0.004984525 0.069579251 -0.009111216 0.997522354
1341845839.413801 -0.038287345 -0.464693129 -0.027211998 0.007384079 0.069527231 -0.007488507 0.997524679
1341845839.445714 -0.034586899 -0.457041621 -0.032724470 0.009638214 0.071540400 -0.007127858 0.997365713
1341845839.481741 -0.028575039 -0.450465351 -0.035151243 0.008819767 0.072058834 -0.006360171 0.997341096
1341845839.514001 -0.021381095 -0.458887875 -0.027120240 0.006646113 0.073278405 -0.007304853 0.997262657
1341845839.549791 -0.025664378 -0.468203455 -0.037096310 0.007771183 0.075351574 -0.007389402 0.997099400
1341845839.587666 -0.027664572 -0.457830787 -0.035882644 0.009505686 0.075221740 -0.005654673 0.997105479
1341845839.681817 -0.031700496 -0.455746740 -0.036520537 0.009161935 0.078550614 -0.006424410 0.996847332
1341845839.713876 -0.024271892 -0.456244171 -0.030382745 0.008254982 0.076731384 -0.007066030 0.996992588
1341845839.749808 -0.018438287 -0.456257343 -0.033332780 0.008227169 0.077467233 -0.007221480 0.996934772
1341845839.781785 -0.027633840 -0.446395099 -0.030811694 0.007820735 0.078887135 -0.005270666 0.996838987
1341845839.817825 -0.028971516 -0.450097769 -0.032795042 0.005807236 0.077283204 -0.005747669 0.996975720
1341845839.849994 -0.029156422 -0.445418805 -0.035598967 0.004966112 0.077161208 -0.006036340 0.996987998
1341845839.881829 -0.034124099 -0.440688670 -0.034240935 0.002819165 0.077372439 -0.005990396 0.996980309
1341845839.917855 -0.042039480 -0.443203628 -0.033815593 0.000169947 0.076266944 -0.006591781 0.997065663
1341845839.950283 -0.039418008 -0.432221085 -0.025639331 -0.000874429 0.073307507 -0.005369435 0.997294605
1341845839.985757 -0.037502304 -0.424979985 -0.022410825 -0.002746293 0.071255907 -0.005385434 0.997439742
1341845840.017660 -0.042168912 -0.418640703 -0.019538688 -0.006473643 0.070078284 -0.006676700 0.997498155
1341845840.049741 -0.049765140 -0.419538587 -0.020397546 -0.011412319 0.069306135 -0.007584883 0.997501373
1341845840.085650 -0.055259530 -0.417789549 -0.006004890 -0.014544366 0.067135349 -0.006384656 0.997617424
1341845840.117698 -0.054953374 -0.410439044 -0.010276578 -0.015386265 0.065384381 -0.004863069 0.997729659
1341845840.149796 -0.054931980 -0.396237850 -0.015727650 -0.017477840 0.064170524 -0.002933261 0.997781634
1341845840.186069 -0.054417599 -0.394100279 -0.016380876 -0.022666469 0.063281827 -0.003211115 0.997733116
1341845840.217657 -0.055478550 -0.388636172 -0.019560833 -0.026581436 0.064250484 -0.003986588 0.997571766
1341845840.253694 -0.071493253 -0.388971150 -0.005637723 -0.030864006 0.065027431 -0.003606133 0.997399569
1341845840.285914 -0.073280253 -0.378000915 -0.008725113 -0.032165010 0.062082734 -0.002596374 0.997549236
1341845840.317753 -0.070404820 -0.372107178 -0.009610563 -0.034652296 0.059700977 -0.000973977 0.997614264
1341845840.353861 -0.066544846 -0.364803761 -0.002644771 -0.036836881 0.059047218 0.000643893 0.997575164
1341845840.385775 -0.069961041 -0.352813065 -0.005037828 -0.039104048 0.059744138 -0.000859888 0.997447193
1341845840.417676 -0.077115119 -0.353142321 -0.007850546 -0.043193504 0.059188701 -0.002600288 0.997308552
1341845840.453598 -0.078048222 -0.349049866 0.003685967 -0.045579415 0.058134180 -0.001934168 0.997265875
1341845840.485943 -0.077613689 -0.350485861 -0.013306543 -0.046385549 0.058390617 -0.002428442 0.997212648
1341845840.521810 -0.087305844 -0.336398512 -0.002824061 -0.046859324 0.058756143 -0.001400123 0.997170985
1341845840.553677 -0.088489376 -0.335331589 0.000269529 -0.049714044 0.056547094 0.000050618 0.997161508
1341845840.585765 -0.087006800 -0.335804284 0.003524924 -0.051447242 0.055029675 -0.001193974 0.997157753
1341845840.621850 -0.088778883 -0.324391812 0.007137809 -0.051782764 0.054887224 -0.002415534 0.997146010
1341845840.653789 -0.096601054 -0.317931652 -0.000134858 -0.056002095 0.054409187 -0.003663769 0.996940315
1341845840.685850 -0.096739285 -0.329074591 0.004705517 -0.058782391 0.053149838 -0.006197016 0.996835709
1341845840.721832 -0.101532243 -0.334092915 0.003956749 -0.056883361 0.053272750 -0.008047554 0.996926069
1341845840.753824 -0.118042618 -0.323961139 0.017766364 -0.052752227 0.050985508 -0.004947474 0.997292936
1341845840.789783 -0.103469208 -0.321571529 0.003566806 -0.050013646 0.046594404 -0.003079315 0.997656345
1341845840.821733 -0.100446217 -0.311222881 0.001451244 -0.047588505 0.047637928 -0.004996071 0.997717917
1341845840.853661 -0.111321814 -0.308114409 0.002098256 -0.047777548 0.049409170 -0.004416285 0.997625470
1341845840.889737 -0.117295720 -0.303493559 0.014908418 -0.047853049 0.048124149 -0.002699264 0.997690797
1341845840.921786 -0.106132135 -0.290930688 0.005857293 -0.047056202 0.047589965 -0.002440631 0.997754991
1341845840.957782 -0.107406884 -0.280811936 0.004930891 -0.049018271 0.050740510 -0.003400378 0.997502446
1341845840.989777 -0.113659173 -0.281625897 0.007555974 -0.051861428 0.052473173 -0.003592953 0.997268319
1341845841.021755 -0.116793409 -0.285076469 0.011459940 -0.051613908 0.053235870 -0.002959730 0.997242808
1341845841.057797 -0.112953924 -0.286616981 0.009290732 -0.048048299 0.054094102 -0.003067700 0.997374475
1341845841.089861 -0.112357147 -0.273660690 0.011589459 -0.043110449 0.056100957 -0.003218772 0.997488797
1341845841.127763 -0.121287324 -0.264604062 0.010683887 -0.041666672 0.057147544 -0.005401465 0.997481287
1341845841.189794 -0.122131094 -0.256328881 0.014653644 -0.038370982 0.056024753 -0.013338806 0.997602642
1341845841.225871 -0.122397810 -0.252166808 0.010960398 -0.034852441 0.055642538 -0.015594020 0.997720420
1341845841.257769 -0.125095889 -0.243776903 0.014172031 -0.031358004 0.055466723 -0.017317558 0.997817755
1341845841.289834 -0.125233576 -0.232981831 0.008474348 -0.029559195 0.054246668 -0.016199211 0.997958481
1341845841.325856 -0.119664460 -0.218750298 0.000412580 -0.030450352 0.053354528 -0.014338517 0.998008311
1341845841.357778 -0.125472143 -0.215625837 0.016029852 -0.032676209 0.053053979 -0.014585009 0.997950315
1341845841.389747 -0.130811021 -0.222879201 0.014397063 -0.031316970 0.050414246 -0.012832950 0.998154819
1341845841.425648 -0.127602339 -0.221054047 0.032511484 -0.025690483 0.047200821 -0.009387570 0.998510957
1341845841.457784 -0.126606166 -0.214963689 0.027561277 -0.016799880 0.046168990 -0.004077712 0.998784065
1341845841.493636 -0.122503772 -0.187552109 0.023672791 -0.010108005 0.044909962 0.000108938 0.998939931
1341845841.525800 -0.118991166 -0.172849968 0.020165015 -0.011841189 0.044494230 0.001413129 0.998938560
1341845841.557776 -0.120092869 -0.171212688 0.018485989 -0.015491106 0.045068853 0.001871083 0.998862088
1341845841.593697 -0.123974286 -0.172928452 0.026081676 -0.017766172 0.044071183 0.003751803 0.998863339
1341845841.625800 -0.121889219 -0.175929099 0.028903646 -0.016165806 0.042263161 0.005184132 0.998962343
1341845841.657778 -0.117360182 -0.168834403 0.022217663 -0.013043176 0.042067580 0.007071110 0.999004662
1341845841.693890 -0.121622436 -0.159960896 0.025312077 -0.011468727 0.042016916 0.008420126 0.999015629
1341845841.725831 -0.120410182 -0.158379167 0.022540608 -0.012519518 0.041102022 0.010185253 0.999024630
1341845841.761977 -0.120952219 -0.152847961 0.024263101 -0.011616666 0.040789239 0.008305647 0.999065757
1341845841.793705 -0.125731021 -0.139384598 0.020231234 -0.012675473 0.040024910 0.008586378 0.999081433
1341845841.825907 -0.127475843 -0.142744794 0.031828947 -0.015433106 0.038346805 0.008099190 0.999112546
1341845841.862456 -0.128248066 -0.148177192 0.026812784 -0.015343321 0.036774769 0.007455185 0.999177992
1341845841.893840 -0.127581328 -0.151030421 0.024221819 -0.011125186 0.034436185 0.011388635 0.999280155
1341845841.925729 -0.124244295 -0.137777612 0.026138745 -0.006729281 0.031755492 0.014903475 0.999361932
1341845841.961799 -0.122058399 -0.129681259 0.028163830 -0.006421964 0.030858817 0.014214855 0.999402046
1341845841.994063 -0.118373379 -0.120409183 0.022809764 -0.006067690 0.032038324 0.011891463 0.999397516
1341845842.030345 -0.131850362 -0.110743374 0.023826197 -0.008039386 0.033081122 0.011087442 0.999358892
1341845842.061842 -0.127284542 -0.121278428 0.029881608 -0.010436831 0.030373912 0.012513275 0.999405861
1341845842.095648 -0.122955441 -0.110263824 0.032130804 -0.009092087 0.029811537 0.013889281 0.999417722
1341845842.130144 -0.125137269 -0.108740166 0.030619735 -0.009758862 0.030482156 0.015053527 0.999374270
1341845842.168651 -0.126039147 -0.098118089 0.037066016 -0.009477654 0.030296134 0.017386831 0.999344826
1341845842.204415 -0.126596019 -0.096684225 0.026817866 -0.009714823 0.030586332 0.018072631 0.999321580
1341845842.236995 -0.133379370 -0.092781752 0.043740019 -0.007977695 0.029643610 0.020060830 0.999327362
1341845842.298056 -0.123682663 -0.083146699 0.044074953 -0.003765422 0.023496551 0.025026478 0.999403536
1341845842.330531 -0.129035905 -0.071399130 0.042503674 -0.001660449 0.025301628 0.024906861 0.999368191
1341845842.362365 -0.132650077 -0.059931487 0.041496016 -0.003116645 0.023873765 0.026021855 0.999371409
1341845842.399606 -0.129161522 -0.059876904 0.039712399 -0.006670206 0.022935219 0.025978284 0.999377191
1341845842.439754 -0.125148773 -0.060208343 0.040067188 -0.007696590 0.023256551 0.026157714 0.999357700
1341845842.472222 -0.132520169 -0.057845935 0.039315440 -0.007920846 0.023955461 0.026982903 0.999317467
1341845842.506051 -0.133071303 -0.056666624 0.038883381 -0.007937164 0.021726040 0.028005706 0.999340117
1341845842.539739 -0.123525172 -0.055049926 0.030795731 -0.007410323 0.021124326 0.026622260 0.999394894
1341845842.597810 -0.136984408 -0.054128081 0.053674489 -0.005930664 0.022356082 0.024937535 0.999421477
1341845842.671782 -0.130403191 -0.035633009 0.047811743 -0.001183103 0.021519680 0.025932861 0.999431431
1341845842.733828 -0.136638626 -0.042033490 0.044318579 -0.000702988 0.020436445 0.031518567 0.999294043
1341845842.772554 -0.133838758 -0.024721928 0.045095146 0.001909120 0.019633407 0.033902209 0.999230504
1341845842.772554 -0.134072781 -0.024930095 0.044728179 0.001910078 0.019651238 0.033819679 0.999232948
1341845842.803667 -0.135677621 -0.013731356 0.052965760 0.000108325 0.019537583 0.036103282 0.999157131
1341845842.839779 -0.131375372 -0.016947942 0.046334568 -0.001761477 0.019831330 0.036000118 0.999153495
1341845842.871951 -0.138786346 -0.009340787 0.045530383 -0.001440728 0.021588612 0.034625139 0.999166131
1341845842.903766 -0.140668198 -0.000664478 0.048813876 -0.002671629 0.020516990 0.034958027 0.999174595
1341845842.939694 -0.136317208 0.001146493 0.050433800 -0.005240723 0.020829678 0.034002874 0.999190927
1341845842.971703 -0.140645057 0.000692193 0.052124143 -0.004873551 0.021831209 0.033464871 0.999189615
1341845843.003637 -0.149253294 0.008511796 0.053703085 -0.003941924 0.020536941 0.035515495 0.999150336
1341845843.039687 -0.137015373 0.009090042 0.044657346 -0.004443820 0.018568778 0.038188498 0.999088109
1341845843.071786 -0.137918293 0.019291876 0.055495184 -0.003418196 0.020250766 0.038212188 0.999058604
1341845843.103725 -0.148320034 0.018602636 0.055500124 -0.003535227 0.020888165 0.039896846 0.998979211
1341845843.139742 -0.147840664 0.023618385 0.053240843 -0.001399027 0.017471679 0.042581148 0.998939276
1341845843.171825 -0.140382141 0.039367933 0.045493271 -0.001624691 0.016701601 0.041187208 0.999010623
1341845843.207907 -0.145462781 0.045155510 0.041115910 -0.004771424 0.018144060 0.036900613 0.999142885
1341845843.240014 -0.150276527 0.047493923 0.047674481 -0.008485525 0.017537290 0.033592470 0.999245703
1341845843.281910 -0.153191298 0.045804124 0.044679619 -0.009909827 0.015702305 0.033110674 0.999279201
1341845843.307930 -0.152278498 0.053273514 0.046247069 -0.008939312 0.014070023 0.032238904 0.999341190
1341845843.339844 -0.150309533 0.054379545 0.049954653 -0.008534940 0.013228385 0.033564448 0.999312639
1341845843.407961 -0.148569360 0.076270476 0.046388298 -0.003231691 0.016702622 0.036460217 0.999190331
1341845843.469698 -0.138961509 0.092345722 0.044870496 -0.004420212 0.018306710 0.037108105 0.999133825
1341845843.501755 -0.154272929 0.099619493 0.052954674 -0.005941827 0.022789458 0.035587210 0.999089122
1341845843.537749 -0.159250796 0.099622458 0.058345035 -0.007128367 0.020821048 0.038887307 0.999001265
1341845843.601912 -0.155463338 0.122880585 0.056702323 -0.011146958 0.021466214 0.037135854 0.999017477
1341845843.637854 -0.149677664 0.127032042 0.061453596 -0.013884398 0.020227049 0.036927726 0.999016762
1341845843.669935 -0.145843387 0.126073927 0.069110103 -0.014774013 0.022132555 0.037067223 0.998958409
1341845843.705705 -0.142736167 0.142449602 0.061627585 -0.013258576 0.024482829 0.039541919 0.998830020
1341845843.738087 -0.145695150 0.145153344 0.071444258 -0.015537876 0.027052561 0.041009314 0.998671651
1341845843.769868 -0.146682218 0.139243841 0.069796443 -0.014706116 0.027980978 0.043086097 0.998571277
1341845843.805741 -0.142908499 0.152420461 0.068970501 -0.012095211 0.029427005 0.044987015 0.998480856
1341845843.837731 -0.139824539 0.160964638 0.072002687 -0.012507071 0.031766430 0.046039637 0.998356104
1341845843.869723 -0.141911283 0.161952406 0.079455733 -0.013684468 0.034954052 0.044845238 0.998288512
1341845843.905817 -0.141506240 0.162985533 0.082908973 -0.010991319 0.035885952 0.047956865 0.998144031
1341845843.937846 -0.136425063 0.164585277 0.080398388 -0.007708627 0.037430938 0.051234044 0.997955263
1341845843.973843 -0.126449063 0.176125199 0.075047038 -0.004361975 0.041395131 0.052340578 0.997761488
1341845844.005877 -0.139450282 0.175158426 0.082634300 -0.004103706 0.045531157 0.052603204 0.997568607
1341845844.037839 -0.141544819 0.181626543 0.081553869 -0.001470253 0.044711951 0.051740572 0.997658134
1341845844.073843 -0.131292894 0.189608544 0.072088480 -0.002054978 0.045406662 0.048009638 0.997812212
1341845844.105844 -0.134342492 0.188889593 0.078785196 -0.002518681 0.048412811 0.045252766 0.997798622
1341845844.137727 -0.134561062 0.198092684 0.079164624 -0.001405127 0.048947569 0.044901475 0.997790575
1341845844.173729 -0.133910716 0.199261516 0.076954670 0.000243917 0.048848070 0.043992486 0.997836888
1341845844.205772 -0.136490688 0.214025378 0.077167191 -0.000069886 0.050489482 0.041843574 0.997847676
1341845844.241826 -0.136549592 0.202666745 0.091972873 -0.001513913 0.049805932 0.042889286 0.997836471
1341845844.273743 -0.131231070 0.209978878 0.086983040 0.005892698 0.048432279 0.045194790 0.997786105
1341845844.305737 -0.133355424 0.224536180 0.078880720 0.008806385 0.049074546 0.049557026 0.997526109
1341845844.341702 -0.134042501 0.239034295 0.073323496 0.007083550 0.048618332 0.049018610 0.997588694
1341845844.373700 -0.138490394 0.240425467 0.075038165 0.002885128 0.048763297 0.047720701 0.997665584
1341845844.409780 -0.138499811 0.249063924 0.077707499 0.001787924 0.047946334 0.050426498 0.997574627
1341845844.441868 -0.138087943 0.257979900 0.074125364 -0.000043032 0.047105331 0.052038848 0.997533500
1341845844.473633 -0.131624103 0.264236540 0.081769861 -0.001835192 0.047481868 0.053740572 0.997423708
1341845844.509732 -0.136324733 0.271800160 0.076378003 -0.002910412 0.049520265 0.054733686 0.997268081
1341845844.541734 -0.144699708 0.280409664 0.078640014 -0.005579392 0.049354549 0.055656131 0.997213900
1341845844.573798 -0.139479294 0.287714154 0.081180543 -0.008299424 0.047216672 0.055834237 0.997288465
1341845844.609774 -0.140254393 0.289850801 0.081206918 -0.010277977 0.047465462 0.056471389 0.997222364
1341845844.641742 -0.146802053 0.291714072 0.090247527 -0.010593519 0.045826465 0.057720929 0.997224212
1341845844.677619 -0.146766186 0.297284216 0.090455249 -0.007030892 0.040548518 0.061610665 0.997251511
1341845844.709820 -0.149903595 0.316602379 0.081385694 -0.006631074 0.038333710 0.061720777 0.997335076
1341845844.741764 -0.156346798 0.313878030 0.089011967 -0.010303239 0.034756836 0.062723912 0.997372329
1341845844.778110 -0.159462869 0.321443528 0.087998651 -0.011616897 0.031388365 0.061395202 0.997552276
1341845844.811162 -0.159854248 0.327459425 0.093148284 -0.011579203 0.026457863 0.061157078 0.997710288
1341845844.842336 -0.178100199 0.347931564 0.082805075 -0.012717595 0.023995861 0.055736899 0.998076141
1341845844.883762 -0.171301067 0.334751576 0.092231698 -0.017073037 0.020061255 0.054027487 0.998191893
1341845844.947016 -0.169779003 0.348791122 0.093555488 -0.015535801 0.009572787 0.053120632 0.998421371
1341845844.977793 -0.163282380 0.359304011 0.083812945 -0.015583892 0.006312323 0.049895968 0.998612940
1341845845.009670 -0.165195227 0.356586993 0.096306667 -0.017749824 0.005054022 0.046942953 0.998727083
1341845845.045698 -0.167321369 0.362665385 0.092418216 -0.016261356 0.000160437 0.043793388 0.998908281
1341845845.077748 -0.160975844 0.379006594 0.090038076 -0.015529867 -0.002098956 0.037847903 0.999160647
1341845845.109679 -0.158158302 0.383097678 0.091668554 -0.017361268 -0.001105791 0.035236288 0.999227583
1341845845.145640 -0.158181980 0.380559742 0.100893334 -0.018534942 -0.001477093 0.034018461 0.999248266
1341845845.177719 -0.153621465 0.387650400 0.085154176 -0.017358443 -0.001777134 0.034397766 0.999255896
1341845845.213604 -0.151504457 0.394129813 0.075240016 -0.018314110 0.001696956 0.031087825 0.999347448
1341845845.245741 -0.152743340 0.389900476 0.081310943 -0.021497298 0.003379601 0.031840742 0.999256074
1341845845.277905 -0.149645180 0.389197111 0.085867546 -0.020767508 0.003172588 0.032825623 0.999240339
1341845845.314159 -0.149455518 0.405840993 0.076972455 -0.018486170 0.003094557 0.032945957 0.999281406
1341845845.345748 -0.146496341 0.410754323 0.082950108 -0.020307928 0.002987668 0.032574579 0.999258578
1341845845.381704 -0.147035226 0.410704762 0.081139527 -0.022045931 0.002146757 0.032950070 0.999211550
1341845845.413648 -0.145009160 0.417951465 0.087102704 -0.022513932 0.000295256 0.034061190 0.999166131
1341845845.445777 -0.143499807 0.425552040 0.079294235 -0.022492087 -0.002690609 0.034482148 0.999148667
1341845845.481809 -0.135389671 0.444333017 0.077752113 -0.024367232 -0.003960508 0.028347589 0.999293327
1341845845.514332 -0.145942986 0.437108606 0.081336617 -0.028709626 -0.003363358 0.027930176 0.999191880
1341845845.545717 -0.145067096 0.444201350 0.078811981 -0.028795894 -0.006238371 0.029557588 0.999128759
1341845845.581658 -0.140596539 0.461209893 0.083864942 -0.028841276 -0.008675707 0.026988752 0.999181986
1341845845.613959 -0.151408568 0.481207579 0.077780001 -0.029980149 -0.005547574 0.022107519 0.999290645
1341845845.649696 -0.168800488 0.459926307 0.080448881 -0.038118344 -0.002087386 0.022897545 0.999008775
1341845845.682034 -0.168319747 0.468862325 0.085138425 -0.035318356 -0.005694930 0.025347508 0.999038398
1341845845.714232 -0.152431488 0.497430742 0.077001065 -0.032395173 -0.008799639 0.024028057 0.999147594
1341845845.751971 -0.151543543 0.497310281 0.081907474 -0.038988445 -0.007933934 0.022409592 0.998956859
1341845845.787747 -0.150996909 0.488711208 0.087823510 -0.042695019 -0.007315237 0.020022014 0.998860717
1341845845.820616 -0.164359257 0.496841669 0.085291408 -0.041835267 -0.005719343 0.021241678 0.998882353
1341845845.887653 -0.152097389 0.510678887 0.089460723 -0.043440290 -0.006556630 0.017583655 0.998879850
1341845845.949895 -0.142411619 0.529048383 0.091642171 -0.041650891 -0.005700931 0.019911952 0.998917580
1341845845.981855 -0.147528842 0.539147079 0.088183627 -0.041714720 -0.002658685 0.019386297 0.998937964
1341845846.017822 -0.149585679 0.529033482 0.086340286 -0.046067774 -0.001401847 0.019605482 0.998744965
1341845846.049788 -0.152631134 0.531518281 0.088922702 -0.044448316 -0.000007165 0.019967360 0.998812199
1341845846.081697 -0.149636507 0.541437924 0.081679553 -0.043793172 -0.001222787 0.020789418 0.998823583
1341845846.117753 -0.150961474 0.545045078 0.087300479 -0.045704570 -0.001751167 0.019660823 0.998759985
1341845846.149729 -0.155625552 0.558800578 0.090168394 -0.044340882 -0.001906736 0.020446789 0.998805463
1341845846.185551 -0.148030683 0.585571706 0.090961613 -0.042037982 -0.005184407 0.024557155 0.998800755
1341845846.217670 -0.145455495 0.593057394 0.090388820 -0.043022413 -0.005498838 0.025122631 0.998743117
1341845846.249670 -0.151550531 0.602807224 0.085346632 -0.046159975 -0.004323932 0.027164809 0.998555303
1341845846.285621 -0.144161567 0.598269701 0.088763855 -0.049886417 -0.006319738 0.028988050 0.998314142
1341845846.318706 -0.140105605 0.610063791 0.085711382 -0.051390536 -0.005934216 0.028473498 0.998255074
1341845846.349746 -0.144205108 0.610748589 0.087734625 -0.055276424 -0.004273895 0.029936204 0.998013139
1341845846.385823 -0.143122956 0.614489377 0.084856287 -0.057274297 -0.005010237 0.031683482 0.997843087
1341845846.417804 -0.144055337 0.626361966 0.083024085 -0.058580868 -0.002807940 0.029919105 0.997830331
1341845846.453757 -0.148748845 0.622843623 0.083743468 -0.063317791 -0.002144978 0.034265105 0.997402787
1341845846.485915 -0.143720865 0.636625946 0.081368089 -0.063319273 -0.004031405 0.034439582 0.997390807
1341845846.517804 -0.140745252 0.640280068 0.077365778 -0.065444745 -0.001493437 0.032425076 0.997328162
1341845846.553866 -0.140106946 0.642293990 0.081380457 -0.070619747 -0.000798134 0.033714619 0.996933103
1341845846.585802 -0.133525446 0.642905653 0.081320077 -0.071808323 -0.002850213 0.033855174 0.996839702
1341845846.621952 -0.142550573 0.653659165 0.077120379 -0.071282268 0.000821118 0.031741936 0.996950686
1341845846.653735 -0.141543016 0.645383477 0.079297125 -0.075960584 0.000728381 0.030388093 0.996647418
1341845846.687048 -0.131175384 0.645335436 0.076579623 -0.075940073 -0.000576724 0.028913986 0.996692896
1341845846.721930 -0.135022819 0.643971443 0.074361660 -0.076120898 0.002073004 0.027316093 0.996722221
1341845846.755684 -0.136622652 0.643736005 0.078748412 -0.075644828 0.001973950 0.027105687 0.996764421
1341845846.785987 -0.135928586 0.623434484 0.077285036 -0.077475138 0.002145548 0.027654771 0.996608377
1341845846.821760 -0.136586756 0.630844951 0.073882267 -0.074391313 0.004374214 0.025203099 0.996901035
1341845846.853756 -0.138698071 0.617743134 0.075296387 -0.074036442 0.004514510 0.025515348 0.996918857
1341845846.889724 -0.146302968 0.600224197 0.073648527 -0.070836380 0.004764199 0.024923556 0.997165143
1341845846.921756 -0.134122834 0.609672368 0.073198132 -0.064040914 0.002824349 0.024008844 0.997654498
1341845846.953776 -0.139109537 0.593335032 0.073468752 -0.063779071 0.003952213 0.024321852 0.997659802
1341845846.989607 -0.150381356 0.562787414 0.079372145 -0.063978612 0.004348502 0.024460077 0.997642040
1341845847.021791 -0.138424858 0.552825749 0.077828296 -0.059043013 0.001452723 0.024360817 0.997957110
1341845847.053671 -0.137262285 0.557702899 0.079206534 -0.055649638 0.000588249 0.023814250 0.998166144
1341845847.089677 -0.147617459 0.534341753 0.076140828 -0.057777401 -0.000740895 0.022731829 0.998070419
1341845847.121825 -0.149301410 0.529053271 0.077954479 -0.051018659 -0.001605370 0.019251196 0.998510897
1341845847.157737 -0.153036118 0.514493227 0.075899519 -0.048766412 0.000353618 0.018312210 0.998642266
1341845847.189613 -0.142580330 0.489651173 0.076010667 -0.048080191 -0.000783852 0.021119962 0.998619914
1341845847.221790 -0.133872747 0.492134929 0.074309550 -0.042995740 -0.000053204 0.022204595 0.998828471
1341845847.257718 -0.137099728 0.484621525 0.073252596 -0.039937314 0.002630311 0.023370450 0.998925447
1341845847.289652 -0.138849482 0.475294977 0.070154548 -0.038302042 0.002641272 0.025254315 0.998943567
1341845847.321777 -0.125543699 0.461990774 0.072603136 -0.036398236 0.001382986 0.023191327 0.999067307
1341845847.357899 -0.138841733 0.460139632 0.065244175 -0.033461653 0.005094207 0.021430787 0.999197245
1341845847.390176 -0.128354847 0.451060921 0.062952884 -0.031631429 0.003270524 0.020604467 0.999281883
1341845847.425786 -0.123525776 0.437503964 0.057007566 -0.032455947 0.004180210 0.018945275 0.999284923
1341845847.489945 -0.129305601 0.421742588 0.060026783 -0.030399876 0.005235218 0.020028887 0.999323487
1341845847.525805 -0.134348437 0.416726083 0.055181723 -0.030204158 0.004575156 0.018347487 0.999364913
1341845847.557741 -0.138874054 0.410929650 0.042509381 -0.033949126 0.003497515 0.013022897 0.999332607
1341845847.593782 -0.135521814 0.385498285 0.048647806 -0.039721008 0.001235145 0.010603499 0.999153852
1341845847.625656 -0.126963809 0.370074749 0.043333020 -0.037299622 -0.000265840 0.011396738 0.999239087
1341845847.657670 -0.122498281 0.368919283 0.040193874 -0.034209426 -0.001258733 0.014651221 0.999306500
1341845847.693751 -0.131432414 0.360603929 0.037161827 -0.033499531 0.000963354 0.014023677 0.999339879
1341845847.725684 -0.131765887 0.347202182 0.031162830 -0.034621205 0.002417934 0.013345003 0.999308527
1341845847.757787 -0.134491757 0.332557350 0.034950227 -0.034311187 0.002743634 0.016952518 0.999263704
1341845847.793826 -0.133784950 0.332813919 0.026165372 -0.032126371 0.000528853 0.019327993 0.999296784
1341845847.825684 -0.128963888 0.327545434 0.030348172 -0.032829240 -0.000729772 0.018013896 0.999298394
1341845847.861928 -0.125108153 0.321884722 0.027006304 -0.032873429 -0.002463287 0.019713236 0.999262094
1341845847.893697 -0.135184377 0.299674273 0.021883888 -0.035589874 -0.003630316 0.023711858 0.999078572
1341845847.925644 -0.129830524 0.297631443 0.017946925 -0.032172710 -0.006361012 0.024978403 0.999149919
1341845847.961946 -0.128336102 0.293806255 0.015876273 -0.032773364 -0.005527320 0.024306690 0.999151945
1341845847.993685 -0.134585485 0.282137185 0.018138895 -0.032688618 -0.005595008 0.026206749 0.999106348
1341845848.025620 -0.125831589 0.285849124 0.018550230 -0.030702537 -0.008230386 0.027381374 0.999119639
1341845848.061715 -0.124460429 0.274678349 0.015143745 -0.030630035 -0.008276031 0.028744482 0.999083161
1341845848.093689 -0.130186826 0.273790628 0.014485538 -0.030459858 -0.008932170 0.029103275 0.999072313
1341845848.132119 -0.128477946 0.261004657 0.015206685 -0.031857878 -0.011951853 0.028560786 0.999012768
1341845848.132119 -0.130144447 0.260455966 0.014896730 -0.031906568 -0.011654318 0.028440310 0.999018192
1341845848.167711 -0.132111490 0.253192693 0.011586918 -0.031991407 -0.010874639 0.023408834 0.999154806
1341845848.200502 -0.137644738 0.243188709 0.008142886 -0.033097871 -0.009825690 0.023504578 0.999127388
1341845848.232265 -0.139274761 0.234525651 0.012874516 -0.033765640 -0.011521849 0.023974841 0.999075770
1341845848.267873 -0.134122968 0.225854114 0.011594346 -0.033044115 -0.012237490 0.024141930 0.999087393
1341845848.301135 -0.129322141 0.231152654 -0.001311163 -0.032832026 -0.012152473 0.024825739 0.999078691
1341845848.335735 -0.133818209 0.223130897 -0.001744377 -0.037416313 -0.013557362 0.025933815 0.998871207
1341845848.367757 -0.128532097 0.211508051 0.001987145 -0.039303645 -0.015649417 0.023399813 0.998830736
1341845848.399644 -0.132384509 0.207859322 -0.004465038 -0.039467055 -0.015739668 0.023159878 0.998828471
1341845848.435802 -0.136993885 0.201149404 -0.007408625 -0.040837243 -0.019695310 0.026152793 0.998629332
1341845848.467705 -0.128337175 0.199877843 -0.011801218 -0.041044809 -0.021114241 0.022084931 0.998690069
1341845848.503759 -0.130721554 0.193611026 -0.011558252 -0.042396158 -0.017203994 0.021286592 0.998725951
1341845848.536036 -0.136978969 0.181382105 -0.013802247 -0.044081431 -0.017196834 0.024602499 0.998576939
1341845848.567958 -0.134725913 0.181284457 -0.009559231 -0.042947058 -0.019051671 0.024454080 0.998596311
1341845848.603657 -0.131836608 0.179186568 -0.016907303 -0.043177724 -0.018738961 0.024249280 0.998597324
1341845848.635797 -0.135673463 0.165131345 -0.017970465 -0.045248713 -0.018935375 0.025471210 0.998471498
1341845848.671815 -0.134258315 0.155749887 -0.016559515 -0.044895735 -0.020570856 0.026491042 0.998428524
1341845848.703677 -0.130461812 0.147608608 -0.019312104 -0.039938908 -0.019931477 0.026150547 0.998661041
1341845848.735781 -0.128480792 0.141269788 -0.017432727 -0.036756158 -0.018965218 0.029365869 0.998712659
1341845848.771647 -0.132183284 0.138114378 -0.014721934 -0.034406848 -0.018542334 0.031146869 0.998750389
1341845848.803783 -0.126685187 0.138128638 -0.018357910 -0.032002445 -0.017662311 0.031975619 0.998820066
1341845848.839757 -0.127496630 0.146694452 -0.027215527 -0.032034710 -0.014294808 0.029891761 0.998937428
1341845848.871829 -0.128414571 0.141775280 -0.015711671 -0.037189066 -0.011530704 0.027666412 0.998858690
1341845848.903622 -0.121903658 0.114826076 0.000485390 -0.037980825 -0.008400228 0.026494365 0.998891830
1341845848.940608 -0.122250713 0.113896921 0.004021953 -0.028304311 -0.001596749 0.028767861 0.999184072
1341845848.972843 -0.125709653 0.118639626 -0.003831683 -0.022257525 0.002622329 0.032688923 0.999214292
1341845849.008613 -0.124843679 0.125340894 0.000637242 -0.019795587 0.004647134 0.030507619 0.999327719
1341845849.072005 -0.127275139 0.126735404 0.014524669 -0.016891709 0.009096986 0.029989781 0.999366105
1341845849.133777 -0.107825428 0.134384781 0.034617245 -0.017837353 0.012810846 0.025307566 0.999438524
1341845849.165908 -0.119119555 0.130131230 0.037474424 -0.018530840 0.018840330 0.024386952 0.999353290
1341845849.201651 -0.123729676 0.126114279 0.046213254 -0.016687909 0.019301854 0.026893714 0.999312639
1341845849.233648 -0.113615930 0.135288566 0.049818646 -0.014933699 0.018977148 0.027758658 0.999322951
1341845849.265690 -0.117478512 0.139717102 0.059610754 -0.015879961 0.021946089 0.025350349 0.999311626
1341845849.301701 -0.127354965 0.139250264 0.063643716 -0.018372675 0.022991449 0.024511971 0.999266267
1341845849.333730 -0.126418531 0.138578758 0.074465379 -0.019241208 0.020845691 0.025038552 0.999283910
1341845849.369727 -0.126196072 0.141154081 0.079475351 -0.020008275 0.020172033 0.023811884 0.999312699
1341845849.401811 -0.127918750 0.135118574 0.097986415 -0.020768153 0.019705124 0.023454217 0.999314964
1341845849.433692 -0.125103101 0.140638873 0.102905817 -0.018812774 0.019621750 0.022779835 0.999370873
1341845849.469648 -0.132004887 0.145455346 0.118380018 -0.019195924 0.020745449 0.022838268 0.999339640
1341845849.501641 -0.131695628 0.139715180 0.122492611 -0.020316113 0.019670164 0.022791801 0.999340296
1341845849.533689 -0.128196344 0.140451327 0.131459638 -0.019880978 0.020304387 0.022850228 0.999334991
1341845849.569780 -0.131257012 0.148550346 0.135302261 -0.020491635 0.021180810 0.021881534 0.999326169
1341845849.601759 -0.129661217 0.141616970 0.149670407 -0.023095347 0.021335663 0.021107225 0.999282718
1341845849.637837 -0.129062414 0.139300346 0.156680331 -0.022279095 0.023848353 0.021222537 0.999242008
1341845849.669719 -0.130462974 0.145443723 0.169953749 -0.021134775 0.025654443 0.020990513 0.999227047
1341845849.701927 -0.128712729 0.146302581 0.180345565 -0.021556238 0.027225828 0.020938594 0.999177516
1341845849.737804 -0.128978342 0.142247573 0.187280431 -0.022047358 0.030379612 0.020115236 0.999092817
1341845849.769688 -0.135822386 0.147245944 0.202528179 -0.021608775 0.032009698 0.020629974 0.999041021
1341845849.805874 -0.140376195 0.144980118 0.217610598 -0.022039436 0.030407416 0.021520961 0.999062836
1341845849.838002 -0.134585246 0.148133978 0.220520630 -0.021810560 0.029274192 0.020330060 0.999126613
1341845849.873756 -0.134046108 0.150176436 0.226089358 -0.024185995 0.031029543 0.017648133 0.999069929
1341845849.905773 -0.139613658 0.144548699 0.240774468 -0.026101056 0.031155962 0.017282756 0.999024272
1341845849.942380 -0.134837121 0.143506885 0.246244013 -0.024702428 0.031268973 0.016700786 0.999066114
1341845849.969808 -0.134799361 0.152617544 0.263230592 -0.024086785 0.034187362 0.016160848 0.998994470
1341845850.006040 -0.141682535 0.150855720 0.264964759 -0.025464397 0.035206247 0.015522135 0.998935044
1341845850.038041 -0.139933333 0.147066399 0.273441821 -0.026195055 0.034273200 0.012832545 0.998986840
1341845850.073843 -0.139167681 0.144123331 0.284748763 -0.025110658 0.034730341 0.012241861 0.999006212
1341845850.137727 -0.147602186 0.153402850 0.302239984 -0.026042378 0.033892762 0.010207755 0.999033988
1341845850.173748 -0.146604598 0.146148816 0.309072703 -0.028516846 0.031158408 0.007765046 0.999077439
1341845850.205888 -0.145465553 0.146910727 0.318707794 -0.028680857 0.029735845 0.007198529 0.999120295
1341845850.242190 -0.146721378 0.148793370 0.325071305 -0.028807171 0.028599409 0.008634713 0.999138534
1341845850.276369 -0.145775452 0.148648709 0.333445132 -0.029677680 0.026535071 0.007874719 0.999176264
1341845850.311979 -0.144717649 0.148355901 0.339062393 -0.030454120 0.025338667 0.006188615 0.999195755
1341845850.343827 -0.147147194 0.153177187 0.345281303 -0.032011073 0.024184009 0.004756434 0.999183655
1341845850.380151 -0.143234536 0.147811905 0.356850624 -0.034109559 0.023387063 0.004029427 0.999136329
1341845850.412359 -0.142456114 0.143382177 0.360117406 -0.033434484 0.024505962 0.003110269 0.999135613
1341845850.447279 -0.140106231 0.147986725 0.367830515 -0.032550290 0.025604010 0.005267289 0.999128222
1341845850.511722 -0.134615749 0.144342184 0.386229753 -0.028674919 0.027741857 0.011346851 0.999139369
1341845850.573894 -0.136164650 0.141241580 0.394920975 -0.027288113 0.030396605 0.012826444 0.999083042
1341845850.609794 -0.134059429 0.144929036 0.399462759 -0.024936976 0.030434076 0.012363431 0.999149203
1341845850.641744 -0.135953099 0.143749684 0.407157809 -0.025242668 0.029774502 0.011967930 0.999166250
1341845850.673755 -0.130443335 0.141023114 0.410358846 -0.023798641 0.029060606 0.010452402 0.999239683
1341845850.709784 -0.128662273 0.144993216 0.416630298 -0.022830706 0.030600227 0.008887512 0.999231458
1341845850.741802 -0.135892525 0.141075179 0.425798833 -0.022669287 0.030917037 0.009715471 0.999217629
1341845850.777740 -0.129429564 0.144223422 0.430008888 -0.021771643 0.028850215 0.010436358 0.999292135
1341845850.841900 -0.129199237 0.147439569 0.444781452 -0.021365842 0.028968291 0.010659958 0.999295115
1341845850.877766 -0.130391181 0.147401512 0.450057894 -0.022675782 0.028422477 0.009650119 0.999292195
1341845850.909781 -0.127371535 0.147435859 0.451882780 -0.022934690 0.029167278 0.009619130 0.999265134
1341845850.941758 -0.126743227 0.149634615 0.461204052 -0.024048993 0.029614426 0.009786078 0.999224126
1341845850.977762 -0.129557565 0.146844894 0.467030674 -0.024741618 0.029333243 0.012488155 0.999185383
1341845851.009834 -0.125034168 0.151376382 0.472255498 -0.024160368 0.027851423 0.014951167 0.999208212
1341845851.045751 -0.122305334 0.153891385 0.477734655 -0.025296625 0.028114701 0.015786579 0.999159932
1341845851.077894 -0.122514166 0.148253724 0.484394968 -0.025562044 0.028491354 0.018492967 0.999096036
1341845851.109747 -0.125641793 0.156204015 0.489922404 -0.023431551 0.028676536 0.019690510 0.999120116
1341845851.145889 -0.126814753 0.163008943 0.496704310 -0.025517533 0.027337246 0.017601034 0.999145508
1341845851.177904 -0.119839512 0.160038784 0.505128920 -0.027879486 0.027281826 0.013787176 0.999143898
1341845851.209882 -0.126742944 0.164598867 0.508752823 -0.028920118 0.028970027 0.012644323 0.999081910
1341845851.251733 -0.126341760 0.161879122 0.520122290 -0.031841263 0.025218962 0.012116577 0.999101281
1341845851.313813 -0.120683625 0.162656158 0.525775850 -0.028555427 0.027201237 0.010603624 0.999165773
1341845851.345834 -0.129025683 0.160299227 0.532920659 -0.027937477 0.026277957 0.013903038 0.999167562
1341845851.377718 -0.125622571 0.163503170 0.536979079 -0.025138404 0.023447065 0.016213678 0.999277472
1341845851.413805 -0.126862332 0.173251241 0.536883950 -0.024439190 0.023008252 0.016104015 0.999306798
1341845851.445896 -0.134168595 0.168972492 0.546222448 -0.028395033 0.022013115 0.015375841 0.999236047
1341845851.478163 -0.131486028 0.170372382 0.550023854 -0.028260931 0.018024519 0.015333168 0.999320447
1341845851.514640 -0.124227487 0.176653415 0.550677001 -0.029278733 0.016738221 0.014965868 0.999319136
1341845851.546201 -0.129345700 0.176477611 0.557378352 -0.032235969 0.018754609 0.015746444 0.999180317
1341845851.581975 -0.124475703 0.172471523 0.559202433 -0.033264522 0.018050252 0.018824112 0.999106288
1341845851.616214 -0.122584715 0.170446813 0.558908999 -0.030704131 0.018965272 0.024630588 0.999045074
1341845851.681977 -0.126335263 0.172812745 0.567665696 -0.031946767 0.017424807 0.027089782 0.998970509
1341845851.714139 -0.122327633 0.175617531 0.573830485 -0.029704858 0.017772319 0.027006269 0.999035776
1341845851.745927 -0.126986042 0.176148996 0.577136219 -0.030584104 0.016263962 0.029066376 0.998977065
1341845851.781911 -0.118327886 0.178909972 0.584309638 -0.030777466 0.012898440 0.027440239 0.999066293
1341845851.813848 -0.116716601 0.175975472 0.579628348 -0.030464163 0.014555255 0.024553195 0.999128222
1341845851.849910 -0.118237957 0.177350834 0.580272079 -0.030468965 0.014745858 0.023828831 0.999142826
1341845851.881832 -0.114277378 0.167119682 0.586221159 -0.029264916 0.013865788 0.021578271 0.999242544
1341845851.913735 -0.107656419 0.175603405 0.583089292 -0.024173284 0.015540744 0.019121049 0.999404073
1341845851.949904 -0.114832275 0.172375023 0.584585071 -0.026746161 0.018087329 0.015510723 0.999358237
1341845851.982005 -0.106106699 0.167887360 0.581834197 -0.024789266 0.017710725 0.012663580 0.999455571
1341845852.017909 -0.103524536 0.173074156 0.579591274 -0.022959653 0.019760786 0.012835588 0.999458671
1341845852.050012 -0.097361840 0.175183833 0.573695004 -0.022980617 0.021103542 0.010802985 0.999454796
1341845852.082035 -0.097061299 0.173108414 0.569341362 -0.023738308 0.025078373 0.009187695 0.999361396
1341845852.121076 -0.096186437 0.174258500 0.568154693 -0.022435045 0.027928041 0.009679598 0.999311268
1341845852.163838 -0.092195302 0.172077298 0.563400030 -0.023888888 0.030989328 0.010757525 0.999176323
1341845852.190660 -0.094668493 0.173205510 0.559890866 -0.022346497 0.033979908 0.012739154 0.999091506
1341845852.223981 -0.096740551 0.170675367 0.559980214 -0.023002625 0.034563042 0.014036110 0.999039233
1341845852.286726 -0.100056984 0.174582347 0.548700511 -0.020855049 0.034361765 0.015327502 0.999074340
1341845852.349834 -0.097610340 0.167352676 0.539109111 -0.023950959 0.030609127 0.017348871 0.999093831
1341845852.385657 -0.102383085 0.166866705 0.541161418 -0.023468366 0.029675122 0.019918371 0.999085546
1341845852.417731 -0.102276295 0.170360252 0.531062663 -0.024548518 0.026116103 0.020465536 0.999147892
1341845852.449741 -0.101941191 0.165428296 0.526902318 -0.026311470 0.026181301 0.019253548 0.999125421
1341845852.485861 -0.108016245 0.169585049 0.518862903 -0.026291914 0.025760196 0.018420069 0.999152601
1341845852.517876 -0.108849466 0.166060746 0.515050292 -0.029346999 0.023306563 0.015899582 0.999171019
1341845852.553887 -0.108956061 0.158640355 0.506298482 -0.028932361 0.021718597 0.017953370 0.999184132
1341845852.617891 -0.117023334 0.162799791 0.486905485 -0.029465226 0.018827967 0.020135796 0.999185622
1341845852.653840 -0.114381805 0.164581835 0.477502137 -0.029195961 0.017141912 0.019656677 0.999233425
1341845852.685926 -0.118214734 0.164034724 0.471956998 -0.030112864 0.018012792 0.018305527 0.999216557
1341845852.717821 -0.124791138 0.162175536 0.464594036 -0.030639401 0.017168893 0.020855745 0.999165416
1341845852.753958 -0.120016068 0.164256349 0.453645587 -0.029870175 0.016262326 0.023569848 0.999143541
1341845852.785766 -0.123742521 0.168634430 0.442343295 -0.031071927 0.019383412 0.024098437 0.999038577
1341845852.822784 -0.130368948 0.163113505 0.436053127 -0.031728107 0.019511936 0.025493933 0.998980880
1341845852.885924 -0.129841283 0.165780872 0.420891672 -0.032164045 0.021700297 0.024173245 0.998954594
1341845852.921581 -0.134504616 0.166820958 0.410644948 -0.031350467 0.022468083 0.024580307 0.998953581
1341845852.953977 -0.129809290 0.163759142 0.405223966 -0.030525692 0.023165099 0.023170317 0.998996854
1341845852.989721 -0.135847405 0.170596153 0.393818617 -0.027112490 0.025762372 0.022620432 0.999044359
1341845853.021716 -0.144571215 0.179312602 0.393067569 -0.029872403 0.023900291 0.019592430 0.999075890
1341845853.053750 -0.143570170 0.168639794 0.383354992 -0.031106478 0.021731602 0.018914707 0.999100804
1341845853.089814 -0.144597098 0.178218216 0.372685194 -0.030081613 0.021124836 0.018509608 0.999152780
1341845853.121864 -0.149426013 0.175907224 0.369642049 -0.033175781 0.020343855 0.017266911 0.999093294
1341845853.159690 -0.148038477 0.168890357 0.361194223 -0.031952403 0.020049723 0.017851045 0.999128819
1341845853.159690 -0.147745207 0.168908805 0.360674173 -0.031943090 0.019916780 0.018077824 0.999127746
1341845853.195824 -0.151336610 0.174478725 0.351122022 -0.029428653 0.019970948 0.020021152 0.999166787
1341845853.227731 -0.151673377 0.175167933 0.342668951 -0.030020015 0.018793954 0.019227309 0.999187648
1341845853.263703 -0.155150056 0.168858811 0.334104806 -0.029774163 0.020343393 0.017761035 0.999191821
1341845853.296490 -0.157868490 0.170102909 0.330094278 -0.027285412 0.021453684 0.018458806 0.999226987
1341845853.327753 -0.164072469 0.168866903 0.317393184 -0.026489284 0.020433284 0.019456547 0.999250889
1341845853.363891 -0.165624455 0.165066540 0.311791778 -0.026150534 0.020047883 0.017620986 0.999301672
1341845853.395726 -0.160530642 0.169581681 0.294554681 -0.023688268 0.021122757 0.018989218 0.999315798
1341845853.463774 -0.170837149 0.164801076 0.285211921 -0.024383241 0.020358311 0.017675389 0.999339104
1341845853.525799 -0.183563530 0.169462696 0.269035906 -0.025597742 0.022132628 0.014161629 0.999327004
1341845853.557770 -0.178931922 0.166579589 0.255626112 -0.025329938 0.018866142 0.015863301 0.999375224
1341845853.589705 -0.177155927 0.169154540 0.243349910 -0.024364360 0.018269535 0.016755838 0.999395728
1341845853.625908 -0.187657818 0.165512994 0.239362106 -0.024956128 0.019197177 0.016379805 0.999369979
1341845853.657783 -0.188495204 0.164047644 0.230752558 -0.025520664 0.018079471 0.016914139 0.999367654
1341845853.689930 -0.184433073 0.168049276 0.215145364 -0.022912338 0.018096706 0.018862277 0.999395728
1341845853.725779 -0.191319853 0.169617787 0.207771912 -0.022022013 0.020196011 0.018904388 0.999374688
1341845853.757962 -0.196268708 0.167496681 0.201485574 -0.022201611 0.020965794 0.020188017 0.999329805
1341845853.793750 -0.195896953 0.166607961 0.190947756 -0.020127418 0.021014372 0.022234954 0.999329209
1341845853.825783 -0.201319456 0.173525453 0.179969788 -0.019311650 0.021580188 0.021328086 0.999353051
1341845853.857700 -0.208177939 0.170041785 0.174073845 -0.020200357 0.021681922 0.020173911 0.999357224
1341845853.893805 -0.208462238 0.169106841 0.169057354 -0.019089881 0.019086920 0.020050921 0.999434531
1341845853.925836 -0.206986189 0.180178300 0.155381799 -0.019648386 0.017918766 0.015983213 0.999518633
1341845853.957735 -0.208294794 0.173266485 0.149961993 -0.022778846 0.019394398 0.011685438 0.999484122
1341845853.993852 -0.213039637 0.164610401 0.143442318 -0.021698162 0.019721728 0.014571699 0.999463856
1341845854.025830 -0.215933099 0.175498098 0.131798595 -0.018598337 0.018538767 0.015928604 0.999528289
1341845854.061903 -0.213723943 0.187817723 0.130115882 -0.020015612 0.019578841 0.012017745 0.999535739
1341845854.093760 -0.221395746 0.174165264 0.124194421 -0.023197558 0.021452229 0.009327578 0.999457181
1341845854.125736 -0.227380559 0.176643685 0.119350500 -0.020733964 0.018743103 0.010797100 0.999551058
1341845854.161837 -0.221990317 0.188070655 0.111332200 -0.020316090 0.015366313 0.009994416 0.999625623
1341845854.193844 -0.216404334 0.192660913 0.103131287 -0.022790760 0.017028056 0.007701076 0.999565601
1341845854.229884 -0.224716023 0.185139492 0.100282237 -0.025423083 0.018741889 0.009337248 0.999457538
1341845854.261692 -0.227172375 0.190710008 0.094637252 -0.024949344 0.016391471 0.014125201 0.999454498
1341845854.293781 -0.222282514 0.193313166 0.090830371 -0.024955299 0.016215378 0.016858064 0.999414921
1341845854.330249 -0.224674702 0.201695099 0.079200208 -0.025648618 0.018561197 0.016815897 0.999357283
1341845854.361687 -0.228621230 0.197874963 0.078256898 -0.029455662 0.018840898 0.017672941 0.999232233
1341845854.393726 -0.227875888 0.191105142 0.075570390 -0.029728092 0.017464917 0.020541118 0.999194384
1341845854.429762 -0.223724753 0.204370335 0.070222639 -0.027704103 0.019472564 0.019231100 0.999241412
1341845854.462072 -0.229056388 0.197523758 0.067002028 -0.030451305 0.022913281 0.019169217 0.999089777
1341845854.497796 -0.230576426 0.185369477 0.068163060 -0.028851477 0.023620971 0.022765158 0.999045312
1341845854.529719 -0.228545323 0.193533868 0.053454343 -0.025011713 0.023650369 0.023632521 0.999127984
1341845854.561884 -0.232864827 0.198158547 0.054630015 -0.026468998 0.025341049 0.021234754 0.999102771
1341845854.597860 -0.237528875 0.190829724 0.051561061 -0.028057117 0.024690887 0.017792037 0.999142945
1341845854.629736 -0.234522372 0.192244887 0.051658183 -0.027731588 0.022169622 0.013716884 0.999275386
1341845854.662835 -0.233392820 0.191547006 0.047843277 -0.028513487 0.021968355 0.011788334 0.999282420
1341845854.697815 -0.234675989 0.185003310 0.050065584 -0.027984001 0.022081546 0.012159081 0.999290586
1341845854.729806 -0.237006858 0.182436243 0.043370638 -0.025650477 0.021716233 0.013445378 0.999344707
1341845854.765688 -0.232740253 0.188018814 0.034309682 -0.023373472 0.020317255 0.011968832 0.999448717
1341845854.797997 -0.230387777 0.189157143 0.035389978 -0.023620185 0.021073768 0.009628926 0.999452531
1341845854.829779 -0.236720026 0.186801136 0.036301170 -0.023897361 0.021453926 0.008952056 0.999444187
1341845854.865670 -0.236132026 0.184019387 0.028314481 -0.023511074 0.019079795 0.007568013 0.999512911
1341845854.897712 -0.225139439 0.190944314 0.013146337 -0.024104316 0.018678349 0.004529240 0.999524713
1341845854.930302 -0.229627937 0.182949334 0.007656672 -0.026738232 0.021554295 0.004410464 0.999400377
1341845854.965801 -0.234874815 0.182910725 0.006488227 -0.025877221 0.021697348 0.006602907 0.999407887
1341845854.997629 -0.231537670 0.185614735 -0.005733291 -0.026034478 0.020683160 0.007329882 0.999420166
1341845855.033841 -0.230856031 0.186217174 -0.010393409 -0.027257269 0.023055982 0.007943455 0.999330997
1341845855.065777 -0.245689616 0.184720412 -0.016019013 -0.026903829 0.024421083 0.010252899 0.999287069
1341845855.097795 -0.245629713 0.193512022 -0.021801651 -0.026324291 0.019951655 0.013475170 0.999363542
1341845855.133841 -0.238869697 0.193378955 -0.025258949 -0.028264124 0.017143168 0.013088700 0.999367833
1341845855.165831 -0.241811603 0.192334086 -0.024804600 -0.029657379 0.016758149 0.011806064 0.999349952
1341845855.201780 -0.250047147 0.191117480 -0.029531986 -0.030364836 0.013381368 0.012179001 0.999375165
1341845855.233747 -0.244599596 0.192369506 -0.039187476 -0.031288505 0.008574075 0.011611703 0.999406159
1341845855.265823 -0.241070673 0.186008379 -0.041417610 -0.031990912 0.008485421 0.011673140 0.999384046
1341845855.301716 -0.248174682 0.183588177 -0.041175175 -0.030043123 0.009465157 0.013030906 0.999418914
1341845855.333726 -0.244390488 0.181582019 -0.047670484 -0.027613502 0.007275191 0.017952286 0.999431074
1341845855.365773 -0.244910896 0.188866258 -0.054508422 -0.025869662 0.005510459 0.020358246 0.999442875
1341845855.401892 -0.242307961 0.186888948 -0.053549878 -0.026394142 0.005734461 0.021369550 0.999406755
1341845855.433652 -0.248464763 0.181527421 -0.058589075 -0.025031548 0.006286852 0.023556395 0.999389410
1341845855.469817 -0.249353647 0.184052184 -0.063878216 -0.023376750 0.004065940 0.025160024 0.999401808
1341845855.502750 -0.248570666 0.183817029 -0.066837817 -0.022990840 0.002064875 0.025581045 0.999406219
1341845855.533846 -0.248924777 0.180976048 -0.073653340 -0.022553304 0.002924208 0.022825534 0.999480844
1341845855.569986 -0.253509879 0.181746408 -0.075011820 -0.022775233 0.003656383 0.020308649 0.999527633
1341845855.601707 -0.256506473 0.172051787 -0.076698773 -0.022310790 0.002237586 0.020127112 0.999545991
1341845855.633953 -0.253608227 0.176638573 -0.081730895 -0.018995047 0.000410834 0.018529242 0.999647856
1341845855.669628 -0.257912606 0.184004098 -0.087175906 -0.019201318 0.000901736 0.015427938 0.999696195
1341845855.701786 -0.259432405 0.176552057 -0.085856214 -0.021771716 -0.000908680 0.013879478 0.999666274
1341845855.737762 -0.259226978 0.168695062 -0.088544905 -0.020428773 -0.002996841 0.014539461 0.999681115
1341845855.769674 -0.264339924 0.176809058 -0.096246563 -0.018776245 -0.004345326 0.015104178 0.999700189
1341845855.802152 -0.262349039 0.179405496 -0.096284822 -0.019496351 -0.006543908 0.014591600 0.999682069
1341845855.837801 -0.270852745 0.169792280 -0.097890154 -0.020616997 -0.005591238 0.012101186 0.999698639
1341845855.869788 -0.262612700 0.172937676 -0.101221338 -0.019065518 -0.006394254 0.012339345 0.999721706
1341845855.901958 -0.263891816 0.173822537 -0.103993759 -0.018674107 -0.006196511 0.013264531 0.999718487
1341845855.937711 -0.260780334 0.173236638 -0.102703072 -0.018646635 -0.006553667 0.013440832 0.999714375
1341845855.969840 -0.259366274 0.173950747 -0.109641254 -0.017603496 -0.005222606 0.013176551 0.999744654
1341845856.038077 -0.257187128 0.170437828 -0.113384843 -0.017908204 -0.004282277 0.017012861 0.999685705
1341845856.069815 -0.256951094 0.176571459 -0.122119024 -0.016182944 -0.003384497 0.019480584 0.999673605
1341845856.105773 -0.263356596 0.185971156 -0.133691475 -0.017890127 -0.002425206 0.020241836 0.999632180
1341845856.137725 -0.259896427 0.181729496 -0.131705865 -0.021320589 -0.003907816 0.022303386 0.999516308
1341845856.169966 -0.256390095 0.189367428 -0.139270470 -0.022282384 -0.003616387 0.021860061 0.999506235
1341845856.205833 -0.258948386 0.192406461 -0.133726954 -0.025850762 -0.001880921 0.021920737 0.999423683
1341845856.237587 -0.262789547 0.185526982 -0.136195436 -0.027607936 -0.002309066 0.023996606 0.999328077
1341845856.273683 -0.257291913 0.190871835 -0.143947706 -0.027783347 -0.002891916 0.024361946 0.999312937
1341845856.305723 -0.257180303 0.192776740 -0.145181596 -0.028404020 -0.001301188 0.024170268 0.999303460
1341845856.337653 -0.261805385 0.191681206 -0.148183033 -0.029181886 -0.000778183 0.025949026 0.999236941
1341845856.373714 -0.262937099 0.185961217 -0.148371726 -0.028862424 -0.002047342 0.028610462 0.999171793
1341845856.405678 -0.262028575 0.193678275 -0.153023198 -0.026942639 -0.002988045 0.028593482 0.999223530
1341845856.441799 -0.261631697 0.195022583 -0.155243903 -0.028162044 -0.003055935 0.026690323 0.999242365
1341845856.473680 -0.262051284 0.189195752 -0.155419365 -0.029413855 -0.003691597 0.025346741 0.999239147
1341845856.505768 -0.263159752 0.190603182 -0.161862031 -0.028746901 -0.005180447 0.023771850 0.999290645
1341845856.541718 -0.258695334 0.198410213 -0.166240558 -0.029571693 -0.004471659 0.022529026 0.999298811
1341845856.573678 -0.272266179 0.185475767 -0.166008294 -0.031893272 -0.001795851 0.022636130 0.999233365
1341845856.605758 -0.275184602 0.188739076 -0.164431050 -0.030116647 -0.002777998 0.024314485 0.999246836
1341845856.641782 -0.257493138 0.188127965 -0.161599636 -0.029615890 -0.004466798 0.026180316 0.999208450
1341845856.673977 -0.261331975 0.196188822 -0.172285482 -0.027956970 -0.001436497 0.025231238 0.999289691
1341845856.709876 -0.269545317 0.190248221 -0.168277979 -0.030909792 -0.000819943 0.026454324 0.999171734
1341845856.741736 -0.274187654 0.177021876 -0.164864272 -0.029751297 -0.002416257 0.029371943 0.999122798
1341845856.773960 -0.261825114 0.200103357 -0.176487058 -0.025385574 -0.001920785 0.026969090 0.999312043
1341845856.809797 -0.269956529 0.199789688 -0.176130697 -0.029127527 0.000307745 0.025587529 0.999248147
1341845856.841746 -0.266428351 0.189521149 -0.176213130 -0.031382822 -0.002215235 0.026005713 0.999166608
1341845856.873762 -0.263079643 0.198068112 -0.185055077 -0.031069789 -0.002205028 0.024994710 0.999202192
1341845856.915904 -0.266860753 0.203275323 -0.185280040 -0.032896645 -0.001013678 0.024890527 0.999148309
1341845856.977900 -0.272092789 0.192905486 -0.188011274 -0.036679417 0.000436800 0.026145343 0.998984993
1341845857.009735 -0.259787649 0.196104616 -0.181584120 -0.036078922 -0.000897791 0.029444264 0.998914659
1341845857.041737 -0.256797045 0.199456543 -0.173251927 -0.034466047 -0.000559139 0.031149687 0.998920202
1341845857.077896 -0.270459682 0.198259562 -0.197113484 -0.033565566 0.001895334 0.031364970 0.998942435
1341845857.109633 -0.259399801 0.202570260 -0.199925169 -0.034311499 0.000734682 0.029934686 0.998962581
1341845857.141583 -0.254910231 0.199905083 -0.199451178 -0.036217313 0.000276927 0.028374176 0.998941064
1341845857.178255 -0.252669185 0.201035082 -0.202181801 -0.035967477 0.002593815 0.023282178 0.999078393
1341845857.209846 -0.256597877 0.203339949 -0.208150581 -0.036799744 0.004446125 0.021735150 0.999076366
1341845857.245767 -0.267299622 0.193240672 -0.211024866 -0.037976809 0.004677905 0.021348946 0.999039650
1341845857.277737 -0.250899613 0.195866659 -0.207210019 -0.036503971 0.003644507 0.020813625 0.999110103
1341845857.309994 -0.252663642 0.193854660 -0.214997023 -0.035751358 0.004848814 0.020317027 0.999142468
1341845857.345862 -0.253631055 0.196345001 -0.223316476 -0.035789382 0.004926720 0.019676425 0.999153495
1341845857.377787 -0.251446366 0.186197251 -0.218445346 -0.036650892 0.004631661 0.019014444 0.999136508
1341845857.413693 -0.268134564 0.195366979 -0.232628867 -0.034324646 0.006023971 0.019228734 0.999207556
1341845857.445790 -0.268830717 0.197033659 -0.232437804 -0.036367998 0.004961666 0.019164508 0.999142408
1341845857.477853 -0.265285820 0.188861728 -0.226833299 -0.037520494 0.003415993 0.019621363 0.999097347
1341845857.513902 -0.263600588 0.195224613 -0.232878923 -0.035701942 0.004313025 0.017812986 0.999194443
1341845857.545992 -0.262485623 0.191174626 -0.230015382 -0.037177421 0.004533356 0.018334504 0.999130249
1341845857.613882 -0.242514864 0.185893953 -0.226166993 -0.034461502 0.005044833 0.019581694 0.999201417
1341845857.646056 -0.239606723 0.185686052 -0.232727647 -0.032497872 0.007382025 0.020354677 0.999237299
1341845857.681834 -0.238045812 0.184283227 -0.235204935 -0.031751968 0.009269514 0.022443468 0.999200821
1341845857.713765 -0.234866321 0.175804958 -0.243116960 -0.030260708 0.012625266 0.022363873 0.999212086
1341845857.745825 -0.233490214 0.176251128 -0.240782171 -0.027607847 0.016226511 0.023020053 0.999222040
1341845857.781799 -0.235529035 0.179880053 -0.246038333 -0.026094772 0.017221415 0.023186229 0.999242187
1341845857.813817 -0.228300631 0.178333908 -0.254454881 -0.026680935 0.018049696 0.022044357 0.999237895
1341845857.846046 -0.226797298 0.175994888 -0.255506068 -0.026884882 0.020078111 0.022288905 0.999188364
1341845857.881939 -0.232883871 0.180051237 -0.277922601 -0.027575724 0.021268602 0.021467471 0.999162853
1341845857.913666 -0.232569396 0.185887828 -0.277296126 -0.031218683 0.020955935 0.019432379 0.999103963
1341845857.949845 -0.234960377 0.180458128 -0.273594499 -0.035292249 0.019667568 0.017392589 0.999032080
1341845857.982166 -0.235192895 0.182181343 -0.278403670 -0.037341449 0.017296255 0.017824097 0.998993933
1341845858.013803 -0.233833432 0.180029944 -0.278285444 -0.039254915 0.014628041 0.019029966 0.998940885
1341845858.050247 -0.227259845 0.179593265 -0.284248620 -0.039941136 0.012373577 0.020921258 0.998906374
1341845858.081715 -0.227851793 0.191101387 -0.297255665 -0.041861262 0.012150265 0.019454380 0.998860121
1341845858.113782 -0.230957404 0.186076134 -0.296687514 -0.046754126 0.010661865 0.019626712 0.998656750
1341845858.149725 -0.228601590 0.193115830 -0.296808630 -0.048871428 0.009238677 0.020575605 0.998550415
1341845858.181831 -0.228806913 0.186348870 -0.292394936 -0.052545935 0.008614646 0.021997387 0.998339057
1341845858.217730 -0.232087776 0.187161401 -0.296847552 -0.052577645 0.006541613 0.023752952 0.998312950
1341845858.281842 -0.225162804 0.185650587 -0.303962767 -0.056362431 0.006643697 0.018727308 0.998212636
1341845858.317768 -0.229105517 0.183644623 -0.306129605 -0.055899840 0.004637188 0.019372176 0.998237729
1341845858.349904 -0.225974977 0.188750908 -0.307186395 -0.055059992 0.001923635 0.018738167 0.998305380
1341845858.381855 -0.217885599 0.189658478 -0.310427308 -0.055400420 0.001951449 0.016737016 0.998322070
1341845858.417827 -0.219613224 0.181758910 -0.309356242 -0.055811048 0.003748303 0.016418964 0.998299301
1341845858.449872 -0.226144239 0.182993039 -0.310904503 -0.053434748 0.003115320 0.017110683 0.998419940
1341845858.485842 -0.223207831 0.189658970 -0.311295807 -0.052782889 0.001790890 0.015221978 0.998488426
1341845858.517682 -0.225053668 0.184423044 -0.310096264 -0.053549185 0.001697734 0.013363292 0.998474360
1341845858.549803 -0.223742142 0.183253422 -0.312904775 -0.052885719 0.000708769 0.012808981 0.998518169
1341845858.585823 -0.223252431 0.183282390 -0.317503691 -0.052130103 -0.000511147 0.012406430 0.998563111
1341845858.618138 -0.215894058 0.191051558 -0.325339943 -0.052703880 -0.000718531 0.010458161 0.998555183
1341845858.654134 -0.221078709 0.184222072 -0.322264403 -0.054711301 0.001133172 0.010128858 0.998450279
1341845858.685756 -0.223995954 0.182622418 -0.322801262 -0.054754935 -0.000124819 0.012069425 0.998426914
1341845858.717690 -0.213822469 0.183868110 -0.329920918 -0.054536555 -0.000889961 0.011567410 0.998444378
1341845858.753674 -0.213382244 0.190967545 -0.334318191 -0.055459544 0.001725124 0.009260780 0.998416543
1341845858.785618 -0.218277574 0.186510250 -0.329036534 -0.059121385 0.003201219 0.010334011 0.998192251
1341845858.817756 -0.214922160 0.177138433 -0.327996314 -0.059080869 0.001917278 0.012243332 0.998176336
1341845858.853864 -0.210833549 0.185012102 -0.337883502 -0.056721486 0.002518898 0.011538609 0.998320282
1341845858.885702 -0.208457977 0.185641229 -0.344072133 -0.058569625 0.003597730 0.010349807 0.998223245
1341845858.922000 -0.209235072 0.174548194 -0.339106828 -0.060732886 0.003597148 0.009535076 0.998102069
1341845858.954158 -0.203360647 0.174303353 -0.339526057 -0.059458811 0.003145498 0.008457425 0.998189986
1341845858.985944 -0.203156546 0.180545136 -0.349556655 -0.058706880 0.005198739 0.007249995 0.998235464
1341845859.021830 -0.204114422 0.185970247 -0.350415677 -0.061296467 0.006480692 0.006287876 0.998078763
1341845859.053720 -0.203337684 0.181122094 -0.347485632 -0.064308442 0.006563491 0.005583217 0.997892916
1341845859.085862 -0.197454631 0.179548323 -0.349049628 -0.065104879 0.006697170 0.006171606 0.997836888
1341845859.121873 -0.200085387 0.185543105 -0.358350188 -0.066238239 0.008138940 0.005109822 0.997757614
1341845859.153800 -0.195655391 0.175078377 -0.353825390 -0.069752753 0.008681466 0.004869391 0.997514725
1341845859.189853 -0.194970220 0.175195634 -0.355503470 -0.069214813 0.008812065 0.005051114 0.997550070
1341845859.221654 -0.197683439 0.179875270 -0.359546393 -0.069051556 0.010170688 0.002993977 0.997556806
1341845859.253689 -0.191015393 0.178674310 -0.363080531 -0.070803426 0.010816454 -0.000434227 0.997431576
1341845859.289745 -0.194573894 0.173560575 -0.364624351 -0.073580280 0.012783288 -0.003861484 0.997199893
1341845859.321911 -0.191894144 0.168318793 -0.362851799 -0.074608110 0.012807656 -0.005061510 0.997117877
1341845859.353758 -0.193007469 0.171059474 -0.359933347 -0.073693387 0.014372384 -0.007225646 0.997151196
1341845859.389950 -0.189098030 0.172023311 -0.362218767 -0.073060989 0.015907880 -0.006880301 0.997176886
1341845859.421715 -0.189158797 0.167987242 -0.366217256 -0.073293984 0.017745769 -0.008846100 0.997113287
1341845859.457807 -0.187567845 0.170254484 -0.365670085 -0.072948061 0.020026587 -0.010999637 0.997074008
1341845859.489859 -0.189183116 0.169187382 -0.368770987 -0.073606595 0.022128815 -0.011460670 0.996975958
1341845859.521735 -0.189675838 0.162306815 -0.366018891 -0.074121609 0.023545414 -0.012141530 0.996897340
1341845859.557712 -0.184489891 0.162990928 -0.372949541 -0.071760774 0.024452802 -0.012671891 0.997041583
1341845859.589783 -0.181246340 0.167679891 -0.372475892 -0.071651511 0.026021618 -0.013181567 0.997003138
1341845859.625646 -0.179220468 0.156909019 -0.371813744 -0.072698236 0.028069457 -0.014144421 0.996858597
1341845859.657759 -0.175323486 0.159992546 -0.377635390 -0.071302325 0.031545877 -0.014188056 0.996854842
1341845859.689869 -0.180831850 0.163440913 -0.372637212 -0.070868775 0.034537926 -0.012094893 0.996814191
1341845859.725812 -0.181939662 0.152624920 -0.368480742 -0.069172427 0.035023220 -0.009781128 0.996941805
1341845859.757824 -0.168234348 0.158825234 -0.377606571 -0.065869406 0.035556052 -0.009505142 0.997149289
1341845859.789818 -0.177667066 0.156710774 -0.374030262 -0.064714059 0.038948856 -0.008949154 0.997103333
1341845859.825831 -0.180044428 0.149483144 -0.374330521 -0.061969593 0.038775444 -0.008359459 0.997289538
1341845859.857647 -0.178619862 0.151929095 -0.379284263 -0.058052376 0.038145449 -0.006421926 0.997563839
1341845859.893646 -0.171705529 0.158800334 -0.387736946 -0.056953497 0.039135903 -0.006771373 0.997586489
1341845859.925740 -0.179412827 0.159052923 -0.381581157 -0.057411894 0.039907429 -0.007902882 0.997521341
1341845859.957775 -0.181491852 0.152738139 -0.378265679 -0.057458278 0.038763013 -0.008798925 0.997556329
1341845859.993847 -0.179140061 0.148477048 -0.376071066 -0.054588780 0.036612853 -0.010328664 0.997784019
1341845860.025774 -0.179866642 0.155520588 -0.377238870 -0.052649021 0.035557147 -0.012132522 0.997906148
1341845860.057745 -0.189557299 0.153058037 -0.375295430 -0.051439080 0.032175288 -0.012487167 0.998079598
1341845860.093794 -0.184533969 0.148076057 -0.384729832 -0.051399395 0.027707165 -0.014068317 0.998194635
1341845860.125763 -0.182448685 0.142301902 -0.382694960 -0.049733162 0.025218287 -0.015218969 0.998328149
1341845860.161703 -0.191558495 0.147783309 -0.388661027 -0.047935117 0.023109606 -0.015160647 0.998468041
1341845860.193724 -0.192101166 0.142877996 -0.378029972 -0.046884187 0.017993996 -0.017126786 0.998591423
1341845860.225730 -0.187085271 0.141676605 -0.375099748 -0.043645438 0.014054183 -0.020288827 0.998742223
1341845860.261716 -0.188743517 0.146777943 -0.381029278 -0.041584540 0.011639987 -0.023331653 0.998794734
1341845860.294553 -0.200219378 0.135258481 -0.383583814 -0.040090270 0.007824360 -0.024964454 0.998853505
1341845860.325872 -0.194099471 0.139743492 -0.381992459 -0.035766251 0.002463213 -0.026447527 0.999007106
1341845860.361673 -0.188638002 0.140101045 -0.382166445 -0.034435473 -0.000483705 -0.027149837 0.999037981
1341845860.393714 -0.188878208 0.136900991 -0.379541278 -0.032010652 -0.003515327 -0.027090382 0.999114215
1341845860.429768 -0.187677085 0.146604598 -0.383539677 -0.030652052 -0.007364747 -0.027966576 0.999111652
1341845860.461780 -0.190662846 0.143611521 -0.387005895 -0.031291068 -0.010631579 -0.029158428 0.999028385
1341845860.493718 -0.188460290 0.143549845 -0.388596624 -0.030951466 -0.012683059 -0.028524043 0.999033332
1341845860.529831 -0.188573048 0.146160871 -0.387439609 -0.030606065 -0.014824755 -0.027564351 0.999041438
1341845860.567950 -0.184985846 0.148966804 -0.399020910 -0.031761438 -0.016679902 -0.027368976 0.998981476
1341845860.567950 -0.184575155 0.148402259 -0.398337662 -0.031779613 -0.016690824 -0.027349269 0.998981297
1341845860.604131 -0.182122737 0.149538785 -0.395670503 -0.033789653 -0.017614763 -0.029916786 0.998825848
1341845860.638227 -0.187383220 0.148537353 -0.387377530 -0.035271995 -0.017905368 -0.029869860 0.998770773
1341845860.668441 -0.190144211 0.146138579 -0.385387182 -0.035746038 -0.019818760 -0.027570743 0.998783886
1341845860.706028 -0.183603242 0.144988775 -0.384813309 -0.034861974 -0.022182297 -0.025747208 0.998814166
1341845860.736338 -0.191479728 0.156340510 -0.395379126 -0.034460440 -0.022723587 -0.025186535 0.998830199
1341845860.772400 -0.195622861 0.150796771 -0.392969489 -0.037096363 -0.026173772 -0.023502192 0.998692393
1341845860.803824 -0.189107299 0.155520633 -0.394678622 -0.037451584 -0.029602282 -0.024611315 0.998556674
1341845860.871717 -0.198195606 0.149473563 -0.392017066 -0.040711742 -0.032524675 -0.023868918 0.998356223
1341845860.929775 -0.188497290 0.155335858 -0.395149827 -0.040487032 -0.035620973 -0.026632549 0.998189688
1341845860.965899 -0.194078088 0.146981120 -0.394174278 -0.041566443 -0.036203120 -0.028372848 0.998076499
1341845860.997827 -0.193361893 0.145770237 -0.390761495 -0.040394507 -0.037895869 -0.027462803 0.998087168
1341845861.029961 -0.189923301 0.148163363 -0.395832419 -0.038663693 -0.039059203 -0.027999474 0.998095989
1341845861.065806 -0.187582493 0.155473486 -0.397107989 -0.039007757 -0.038647164 -0.029715283 0.998049021
1341845861.097631 -0.185057983 0.143547371 -0.392428815 -0.039604612 -0.038683437 -0.030173318 0.998010337
1341845861.133786 -0.184747532 0.150714666 -0.394512445 -0.038090572 -0.037723314 -0.030884493 0.998084247
1341845861.165622 -0.184470490 0.154986620 -0.391609579 -0.039001085 -0.036646210 -0.031068508 0.998083532
1341845861.197704 -0.185661510 0.145777926 -0.384379327 -0.039635908 -0.035469562 -0.030714732 0.998111963
1341845861.233683 -0.183486879 0.149473995 -0.381956995 -0.038213901 -0.034249734 -0.031603802 0.998182297
1341845861.265692 -0.188983381 0.147088349 -0.377559006 -0.038449511 -0.033098731 -0.029858178 0.998265803
1341845861.297700 -0.188053712 0.149712101 -0.384996980 -0.037495065 -0.033777941 -0.028587341 0.998316586
1341845861.333616 -0.180325091 0.153405622 -0.383907706 -0.038263503 -0.032661635 -0.029290006 0.998304188
1341845861.365694 -0.188286558 0.143552855 -0.380485535 -0.038985018 -0.031427842 -0.029032094 0.998323441
1341845861.407792 -0.190264508 0.150655657 -0.380426705 -0.036897819 -0.032637078 -0.027594497 0.998404682
1341845861.407792 -0.190390259 0.150715038 -0.379586935 -0.036915917 -0.032621324 -0.027535057 0.998406172
1341845861.440894 -0.184015706 0.146582097 -0.377002031 -0.037728734 -0.033092480 -0.026795482 0.998380482
1341845861.472256 -0.187240630 0.145664677 -0.375007600 -0.036370665 -0.032397557 -0.027734142 0.998427987
1341845861.507634 -0.187087089 0.149666294 -0.377105206 -0.036033973 -0.032684110 -0.028474038 0.998410106
1341845861.539675 -0.186589375 0.141707480 -0.376977921 -0.036223244 -0.033213831 -0.029345710 0.998360455
1341845861.571790 -0.182916254 0.145567328 -0.376369447 -0.035130668 -0.032771338 -0.029613137 0.998406231
1341845861.607759 -0.184757680 0.145230964 -0.373220742 -0.035711288 -0.032625180 -0.029886283 0.998382270
1341845861.639739 -0.183328032 0.140316695 -0.370455593 -0.035271440 -0.032884736 -0.029810498 0.998391688
1341845861.671875 -0.182374552 0.144435093 -0.371157229 -0.033249799 -0.032483064 -0.029483473 0.998483896
1341845861.707829 -0.181012839 0.138456300 -0.365685016 -0.032217875 -0.032664180 -0.029102035 0.998523057
1341845861.739782 -0.176913992 0.141968787 -0.370449960 -0.030478535 -0.032482091 -0.033825696 0.998434722
1341845861.775717 -0.176344916 0.144125238 -0.371161789 -0.031755455 -0.030748231 -0.038659528 0.998274386
1341845861.807676 -0.179907680 0.133547276 -0.365725547 -0.032695983 -0.030617937 -0.038460925 0.998255670
1341845861.839701 -0.178661793 0.135854930 -0.363689780 -0.030653458 -0.032387670 -0.037006952 0.998319566
1341845861.875772 -0.175870806 0.139157817 -0.362512916 -0.029988803 -0.033615671 -0.036315903 0.998324573
1341845861.907742 -0.169560820 0.138386518 -0.359626055 -0.029646663 -0.034404926 -0.035391334 0.998341084
1341845861.939697 -0.175415635 0.139049828 -0.358032852 -0.029453525 -0.034450646 -0.034120798 0.998389423
1341845861.975661 -0.173317626 0.140187845 -0.358618021 -0.028758729 -0.036102474 -0.034638640 0.998333514
1341845862.007930 -0.166020572 0.142959058 -0.354929000 -0.029161993 -0.035809014 -0.036981072 0.998248339
1341845862.039647 -0.168907255 0.129791155 -0.357037544 -0.029406926 -0.034467340 -0.036256392 0.998314977
1341845862.075738 -0.165940583 0.130937517 -0.353624731 -0.026624838 -0.033762880 -0.034662485 0.998473704
1341845862.107644 -0.162555858 0.136979833 -0.360752642 -0.024472287 -0.032011651 -0.035311591 0.998563766
1341845862.143904 -0.157502651 0.145556584 -0.362657964 -0.025240062 -0.028782273 -0.037851516 0.998549879
1341845862.175702 -0.164995193 0.144465879 -0.360604346 -0.027994215 -0.026577124 -0.038815480 0.998500586
1341845862.207672 -0.159566686 0.146726474 -0.358136892 -0.029224027 -0.026281644 -0.040385514 0.998410940
1341845862.243827 -0.156360403 0.158532247 -0.362415671 -0.032277111 -0.024030318 -0.041669518 0.998320818
1341845862.275754 -0.167481065 0.145791903 -0.355781198 -0.036891956 -0.022851130 -0.040725499 0.998227537
1341845862.311739 -0.163508892 0.139236599 -0.348608971 -0.037168462 -0.024105510 -0.036620449 0.998346865
1341845862.343750 -0.155182853 0.137655362 -0.354312778 -0.036405910 -0.023937045 -0.033290952 0.998495579
1341845862.375792 -0.152891114 0.138978884 -0.352464408 -0.035405785 -0.021241458 -0.031353611 0.998655200
1341845862.411748 -0.150182307 0.135413840 -0.350891680 -0.034574591 -0.018429425 -0.029767051 0.998788714
1341845862.443696 -0.148578405 0.133327782 -0.346398979 -0.032514278 -0.015616227 -0.025442185 0.999025404
1341845862.479688 -0.147967264 0.135658294 -0.349179536 -0.029673839 -0.013701956 -0.022436609 0.999213934
1341845862.511723 -0.141992465 0.143573701 -0.356790930 -0.028079085 -0.011106365 -0.023103999 0.999276996
1341845862.543776 -0.148066238 0.139963523 -0.352455527 -0.029614773 -0.008419780 -0.023513028 0.999249399
1341845862.579869 -0.147596225 0.136445478 -0.352916241 -0.028918019 -0.007953368 -0.022375586 0.999299765
1341845862.611759 -0.141453952 0.138423070 -0.360040128 -0.027792392 -0.007202562 -0.021085100 0.999365389
1341845862.647939 -0.140020713 0.144080088 -0.360986978 -0.027746253 -0.004643286 -0.022432119 0.999352515
1341845862.679727 -0.145315588 0.137473807 -0.353956640 -0.028711518 -0.002575913 -0.021999760 0.999342322
1341845862.712299 -0.140472084 0.139769092 -0.360742986 -0.027454101 -0.002189864 -0.021472499 0.999390125
1341845862.747743 -0.138946533 0.143102884 -0.360324413 -0.027316449 -0.000053086 -0.022699106 0.999369144
1341845862.779732 -0.142205700 0.136780694 -0.356594145 -0.027026346 0.002180419 -0.023245830 0.999362051
1341845862.815767 -0.145096228 0.141826868 -0.357687891 -0.024836866 0.002361429 -0.023986656 0.999400914
1341845862.847856 -0.145471275 0.143559530 -0.355963796 -0.024444915 0.001575033 -0.024543144 0.999398649
1341845862.879714 -0.147376671 0.142952174 -0.355590194 -0.023910038 0.000859378 -0.024923394 0.999403059
1341845862.915725 -0.151207015 0.141853303 -0.362776726 -0.023900948 0.000045785 -0.025557950 0.999387622
1341845862.947913 -0.144414350 0.135201007 -0.357711405 -0.023454648 -0.000946282 -0.024453381 0.999425352
1341845862.983749 -0.141484305 0.140406713 -0.362829596 -0.021448497 0.000642156 -0.024646709 0.999465883
1341845863.015854 -0.147831589 0.144782647 -0.367407322 -0.021987773 0.002302388 -0.024798261 0.999448001
1341845863.048281 -0.149971694 0.138544142 -0.356764585 -0.022726147 0.001725454 -0.024865918 0.999430954
1341845863.083795 -0.144091442 0.142121136 -0.368730366 -0.021569058 0.001731471 -0.026348790 0.999418616
1341845863.115808 -0.148471907 0.145408913 -0.365558207 -0.022547582 0.002229429 -0.027087238 0.999376297
1341845863.151916 -0.154726848 0.137455940 -0.365967184 -0.022773394 0.001327421 -0.025893647 0.999404371
1341845863.183716 -0.150380209 0.142009363 -0.370794326 -0.021720301 0.000635604 -0.025555311 0.999437213
1341845863.215844 -0.147032291 0.142516181 -0.369419754 -0.022015611 0.000422248 -0.025634037 0.999428868
1341845863.251883 -0.148252621 0.143536910 -0.374606103 -0.022838891 0.000862952 -0.026365601 0.999391139
1341845863.283627 -0.150505483 0.138971269 -0.371882528 -0.023844607 0.001381604 -0.025958771 0.999377668
1341845863.315718 -0.150759429 0.143587887 -0.374732375 -0.023223942 0.001334389 -0.024876967 0.999419868
