1341845820.751833 0.000000000 0.000000000 0.000000000 -0.000000000 -0.000000000 -0.000000000 1.000000000
1341845820.787768 0.003063906 -0.004633587 -0.000274373 -0.000287261 -0.001500305 -0.002173160 0.999996483
1341845820.819654 0.005213246 -0.000132140 -0.001772109 0.000948135 -0.001387985 -0.003705072 0.999991775
1341845820.851997 0.005012366 -0.000693157 -0.001995931 0.000742304 -0.001064602 -0.004781997 0.999987721
1341845820.887882 0.005284709 0.001801726 -0.002576835 0.001399457 -0.001088935 -0.005549065 0.999983072
1341845820.920082 0.001056397 0.003505731 -0.003769806 0.000650189 -0.000599266 -0.006154318 0.999980688
1341845820.955790 0.000603422 0.004050818 -0.003715843 -0.000751216 -0.001411053 -0.006590499 0.999977052
1341845820.987817 0.002690761 0.002403630 -0.003207765 -0.001623402 -0.001996201 -0.006696578 0.999974251
1341845821.019783 -0.000778218 0.001463970 -0.003511516 -0.001847847 -0.001627960 -0.006868007 0.999973416
1341845821.055706 -0.001284970 0.001064046 -0.003923728 -0.001341224 -0.002236616 -0.005271859 0.999982715
1341845821.087831 0.001712819 -0.002051122 -0.003419942 -0.000654404 -0.004225723 -0.002530243 0.999987662
1341845821.119871 0.010950735 0.000482198 -0.002495379 0.001810309 -0.004507458 -0.000804350 0.999987900
1341845821.155881 0.008491774 0.004410237 -0.004907430 0.002313004 -0.001176496 0.000082923 0.999996662
1341845821.188556 0.006589247 -0.000771853 -0.001209496 0.001440780 0.000809698 0.002613543 0.999995232
1341845821.223751 0.007380322 -0.004013691 -0.001504828 0.004454904 0.001239261 0.004727204 0.999978125
1341845821.256005 0.013746936 0.005347816 -0.003031778 0.006330760 0.001809375 0.004005920 0.999970317
1341845821.287883 0.010905880 0.000980603 -0.003934952 0.004041165 0.005172209 0.002420078 0.999975562
1341845821.323879 0.011108269 0.000081928 -0.004758850 0.004518525 0.007439054 0.000558478 0.999961972
1341845821.355690 0.009086583 0.001732442 -0.003241277 0.005349139 0.010014449 0.001398400 0.999934554
1341845821.388161 0.009051403 -0.002844132 -0.004108303 0.004658900 0.010472456 0.003375643 0.999928653
1341845821.424470 0.016052652 -0.001249178 -0.001630791 0.007048322 0.011191925 0.003957903 0.999904692
1341845821.455778 0.012106034 0.002251574 -0.002468804 0.007619320 0.014235131 0.002687245 0.999866068
1341845821.488014 0.009698560 -0.007973874 -0.001086755 0.005878869 0.015367185 0.002702340 0.999861002
1341845821.524370 0.011985940 -0.010928889 0.000148518 0.007394771 0.015894482 0.003437660 0.999840438
1341845821.555644 0.006306688 -0.008801806 -0.002233888 0.009250442 0.018157706 0.002457737 0.999789417
1341845821.587677 0.004375215 -0.007193258 -0.002842057 0.009310584 0.017988851 0.001983934 0.999792874
1341845821.623761 0.007260178 -0.006897449 -0.002183586 0.008876845 0.016780036 0.000909148 0.999819458
1341845821.655725 0.006792895 -0.006916931 -0.003987442 0.008687363 0.016830817 -0.000176113 0.999820590
1341845821.691884 0.005583295 -0.006455620 -0.003143809 0.007553808 0.017010991 -0.000745120 0.999826550
1341845821.724228 0.002912118 -0.011444186 -0.003443725 0.006878689 0.016585387 -0.000376944 0.999838769
1341845821.755681 0.000529628 -0.011869523 -0.005068566 0.007802951 0.015684094 0.000305106 0.999846578
1341845821.791636 0.006518432 -0.012046575 -0.003343647 0.008908140 0.014127294 0.000472677 0.999860466
1341845821.823697 0.004523531 -0.007742788 -0.004479266 0.010216735 0.015242300 -0.001107497 0.999831021
1341845821.855574 0.003218835 -0.008889021 -0.003070430 0.008916852 0.016160971 -0.002603946 0.999826252
1341845821.891741 0.002953766 -0.013146270 -0.004607425 0.009120758 0.015862649 -0.002516397 0.999829471
1341845821.923730 0.003342011 -0.011533495 -0.005108794 0.011006946 0.015867291 -0.002445263 0.999810576
1341845821.955750 0.001400203 -0.011154434 -0.006180194 0.011668914 0.016613167 -0.001949358 0.999792039
1341845821.991786 0.000887031 -0.008136256 -0.005465127 0.011444560 0.016987719 -0.003127932 0.999785364
1341845822.023863 -0.002243270 -0.011727670 -0.005196622 0.011010899 0.017747877 -0.003289760 0.999776423
1341845822.059759 -0.004258326 -0.010922198 -0.005372844 0.010890630 0.017957160 -0.003291710 0.999774098
1341845822.091719 -0.001381143 -0.015009879 -0.003424240 0.010541382 0.017629301 -0.002879594 0.999784887
1341845822.123689 -0.002938530 -0.014216248 -0.005075968 0.012679202 0.018862840 -0.003462097 0.999735713
1341845822.185916 -0.009008588 -0.015499014 -0.005382331 0.011470238 0.018940778 -0.001829197 0.999753177
1341845822.221838 -0.005894967 -0.015170645 -0.003498366 0.013149450 0.016456624 -0.000991886 0.999777675
1341845822.254004 -0.006620075 -0.010263896 -0.004498564 0.013263207 0.015518644 -0.001046136 0.999791086
1341845822.289876 -0.010310316 -0.014193593 -0.002325887 0.012091171 0.014965145 -0.002541529 0.999811709
1341845822.321804 -0.013440887 -0.012329997 -0.001782318 0.013559188 0.014874394 -0.003439388 0.999791563
1341845822.353784 -0.016612070 -0.013479342 -0.000990743 0.014126616 0.015120134 -0.004183960 0.999777198
1341845822.391662 -0.020258730 -0.014799356 -0.000721044 0.014836239 0.015738597 -0.003867432 0.999758661
1341845822.391662 -0.020932434 -0.015091527 -0.001384532 0.014793323 0.015869044 -0.003812793 0.999757409
1341845822.428074 -0.027788587 -0.014328677 -0.002787189 0.015419739 0.016269675 -0.003861478 0.999741316
1341845822.459970 -0.029425895 -0.016028656 -0.002071513 0.014179527 0.015225746 -0.003743405 0.999776542
1341845822.495728 -0.035042021 -0.016090460 0.000105886 0.014607953 0.015070580 -0.003857030 0.999772370
1341845822.527724 -0.039038952 -0.015447963 0.000245942 0.014423186 0.014522880 -0.003546166 0.999784231
1341845822.559648 -0.043118693 -0.014853334 0.001688511 0.013434295 0.013701976 -0.002496994 0.999812722
1341845822.595852 -0.047027282 -0.014426639 0.002058019 0.013704306 0.013819829 -0.003064744 0.999805927
1341845822.627724 -0.052617781 -0.014369194 0.001720538 0.012400229 0.014602125 -0.002489758 0.999813437
1341845822.663716 -0.067719467 -0.022937831 0.006670108 0.011586856 0.014983307 0.000123068 0.999820590
1341845822.695601 -0.062724724 -0.023822779 0.009177291 0.016087350 0.010780307 0.003657828 0.999805808
1341845822.731816 -0.065880112 -0.016205208 0.009219741 0.019447412 0.010567833 0.004369474 0.999745488
1341845822.789911 -0.070917435 -0.017438823 0.008174827 0.020207180 0.011146509 0.004047859 0.999725521
1341845822.825897 -0.073294722 -0.019232875 0.008309057 0.018966969 0.011723515 0.004883514 0.999739468
1341845822.859721 -0.084543258 -0.026662566 0.008990002 0.019152518 0.012244768 0.006899186 0.999717832
1341845822.889712 -0.091314413 -0.024630707 0.008209280 0.021992326 0.011172872 0.007671927 0.999666274
1341845822.925900 -0.097157449 -0.025177257 0.007140441 0.022469498 0.010951442 0.007405636 0.999660134
1341845822.957708 -0.095216319 -0.025007185 0.009180993 0.022935651 0.010880013 0.005933943 0.999660194
1341845822.989939 -0.101372212 -0.030237768 0.008810177 0.023283485 0.011807228 0.005720215 0.999642849
1341845823.025889 -0.102430649 -0.028892847 0.009298537 0.025859099 0.011421530 0.006015861 0.999582291
1341845823.057775 -0.101128332 -0.027225202 0.009517641 0.027824854 0.012657319 0.005506944 0.999517560
1341845823.093671 -0.106523626 -0.028680872 0.010197002 0.028829126 0.015424756 0.005858981 0.999448180
1341845823.125951 -0.111636646 -0.028260155 0.010703056 0.029641900 0.016659318 0.006780240 0.999398828
1341845823.157773 -0.113088459 -0.032086827 0.008896473 0.029832408 0.017692706 0.006939245 0.999374211
1341845823.193885 -0.124415807 -0.027394461 0.008093983 0.030718725 0.019059539 0.006433917 0.999325633
1341845823.225800 -0.126362607 -0.026971674 0.009378431 0.028833931 0.017305143 0.005828343 0.999417424
1341845823.261842 -0.128311709 -0.028343089 0.010101815 0.028324604 0.016083380 0.005288793 0.999455452
1341845823.293622 -0.131928906 -0.020346321 0.007075057 0.027940458 0.016462959 0.004409136 0.999464333
1341845823.325746 -0.128024548 -0.025533795 0.010160591 0.023520555 0.017895753 0.004049647 0.999555051
1341845823.361852 -0.137334764 -0.030809874 0.012206223 0.023605619 0.022714840 0.004727024 0.999452174
1341845823.394013 -0.143266663 -0.028467091 0.009772420 0.026647316 0.025671158 0.007627404 0.999286175
1341845823.426028 -0.154579788 -0.033449978 0.008608970 0.027234586 0.028057039 0.010757017 0.999177396
1341845823.461869 -0.155124530 -0.035548698 0.008452048 0.027651312 0.026459932 0.012198685 0.999192953
1341845823.493758 -0.154134840 -0.034352493 0.009264430 0.028382920 0.027041677 0.011759379 0.999162138
1341845823.529780 -0.161067903 -0.033389628 0.010850633 0.028795945 0.029140754 0.012143651 0.999086738
1341845823.561916 -0.176047474 -0.038278800 0.011951897 0.028102331 0.029602868 0.012528985 0.999088109
1341845823.593678 -0.173537344 -0.037603565 0.014542238 0.028674591 0.025381116 0.014597545 0.999159873
1341845823.629815 -0.171070665 -0.036902618 0.016459873 0.028478326 0.025105339 0.014510270 0.999173820
1341845823.661750 -0.182102218 -0.042129461 0.017142648 0.027151251 0.027132079 0.014365632 0.999159813
1341845823.695523 -0.192337349 -0.049409259 0.012882339 0.028562525 0.025686109 0.015953451 0.999134600
1341845823.729635 -0.196006596 -0.050778415 0.017242178 0.032568969 0.022679634 0.017340189 0.999061644
1341845823.761810 -0.199567825 -0.048713803 0.016947789 0.035098445 0.020731302 0.017810853 0.999010086
1341845823.797871 -0.208134130 -0.049023442 0.013086991 0.035256613 0.018041452 0.016638426 0.999076962
1341845823.829660 -0.219414026 -0.049641665 0.013612134 0.034868196 0.015520308 0.014701964 0.999163270
1341845823.861808 -0.225215137 -0.053039290 0.012448337 0.035412293 0.012499929 0.012905879 0.999211311
1341845823.929826 -0.230449289 -0.052478336 0.013824722 0.035726439 0.004865447 0.010111685 0.999298692
1341845823.961797 -0.236060232 -0.051792126 0.011641013 0.034303471 0.004348519 0.006473977 0.999381125
1341845823.998070 -0.244247928 -0.057664458 0.012360374 0.032616381 0.004511491 0.003983156 0.999449909
1341845824.029656 -0.245743483 -0.059187386 0.014299249 0.033111855 0.004134557 0.005243223 0.999429405
1341845824.065768 -0.241199881 -0.060554337 0.012126344 0.032882676 0.004845615 0.007512402 0.999419212
1341845824.097956 -0.226287678 -0.053934075 -0.018651705 0.032138288 0.008888841 0.006302215 0.999424040
1341845824.130299 -0.212299511 -0.051251631 -0.021455657 0.027432078 0.021673197 0.006207845 0.999369442
1341845824.165751 -0.251036048 -0.053356659 0.000066162 0.021048849 0.040508319 0.006492250 0.998936415
1341845824.197930 -0.267887205 -0.062789232 0.019609062 0.018475950 0.045789149 0.007370030 0.998753071
1341845824.229907 -0.272246838 -0.067192078 0.017178774 0.022625901 0.045520503 0.007791461 0.998676836
1341845824.265800 -0.292642325 -0.065429829 0.013194442 0.025348088 0.043807607 0.007762576 0.998688221
1341845824.298080 -0.286995381 -0.066139229 0.014050782 0.026612232 0.033912182 0.009111777 0.999028921
1341845824.333783 -0.284937382 -0.070364073 0.019293632 0.029041873 0.030115183 0.007482125 0.999096453
1341845824.365821 -0.288228303 -0.064626969 0.017225713 0.032104369 0.031185267 0.006572369 0.998976350
1341845824.398039 -0.296714306 -0.063989691 0.016567040 0.031278551 0.030459408 0.005904778 0.999029100
1341845824.433843 -0.304730028 -0.070553601 0.012174997 0.030426927 0.026919244 0.006282752 0.999154747
1341845824.465921 -0.308095604 -0.071373366 0.012109222 0.031863891 0.022972681 0.010710597 0.999170840
1341845824.501802 -0.311662197 -0.068105690 0.005430925 0.032051235 0.021013157 0.015420311 0.999146342
1341845824.533723 -0.325687736 -0.070049100 0.002730904 0.029684156 0.018983968 0.018936338 0.999199629
1341845824.565735 -0.330710590 -0.070670523 0.003542336 0.027580362 0.016249424 0.021812003 0.999249518
1341845824.601758 -0.331602246 -0.073763013 0.003730729 0.026809530 0.013592301 0.025918789 0.999212086
1341845824.633861 -0.340771437 -0.070670195 0.004722083 0.026635712 0.012219620 0.029701218 0.999129176
1341845824.665789 -0.350443304 -0.072222613 0.009172511 0.026146708 0.010589879 0.032603454 0.999070168
1341845824.701769 -0.358872890 -0.074788332 0.009499840 0.026554463 0.008096089 0.034596458 0.999015749
1341845824.733585 -0.359138072 -0.073876686 0.006823499 0.027918151 0.005245247 0.036501084 0.998929858
1341845824.769643 -0.367816776 -0.061372094 0.000462953 0.027806636 0.004552581 0.036946274 0.998919964
1341845824.801632 -0.377644897 -0.069769874 0.002532397 0.022933429 0.001510661 0.036498781 0.999069452
1341845824.833654 -0.375253230 -0.085718803 0.004571398 0.022829348 -0.001416765 0.035890978 0.999093950
1341845824.869926 -0.380902648 -0.078368060 0.004133249 0.027384492 -0.001275063 0.036575884 0.998954833
1341845824.902071 -0.390561610 -0.069100767 0.003615721 0.027755221 -0.001574953 0.036115129 0.998960912
1341845824.933752 -0.389958084 -0.080049850 0.005097550 0.026594292 -0.002222973 0.033112489 0.999095321
1341845824.969855 -0.390596509 -0.072902128 -0.000576344 0.027773980 -0.001074482 0.031830285 0.999106765
1341845825.001907 -0.391637117 -0.076019749 -0.002933904 0.025844906 0.001761707 0.031894665 0.999155521
1341845825.037975 -0.400681108 -0.079522826 0.002766840 0.025044430 0.005479288 0.030377662 0.999209702
1341845825.075793 -0.411750644 -0.094006285 0.005255791 0.026086438 0.005367300 0.032395016 0.999120235
1341845825.075793 -0.411326140 -0.092958912 0.005431764 0.026236514 0.005380830 0.031980723 0.999129653
1341845825.107881 -0.410355628 -0.095533170 -0.000748458 0.031956106 0.004509519 0.034640066 0.998878717
1341845825.143675 -0.413788348 -0.087730996 -0.001386670 0.035883382 0.006599186 0.032608345 0.998802066
1341845825.175707 -0.418615192 -0.090629391 -0.001270401 0.036191534 0.008126053 0.029828722 0.998866618
1341845825.211865 -0.423853785 -0.090478033 0.000000147 0.037524700 0.008762470 0.029313624 0.998827219
1341845825.243814 -0.424824029 -0.099639140 -0.003840127 0.038610648 0.010252552 0.030633174 0.998732090
1341845825.275795 -0.435178638 -0.093269706 -0.003298094 0.042037498 0.012375152 0.031089004 0.998555601
1341845825.311665 -0.445315421 -0.094748646 -0.002720000 0.042489041 0.011449631 0.031923283 0.998521209
1341845825.343650 -0.448129028 -0.084323995 -0.004222054 0.043628763 0.009422217 0.032763619 0.998466015
1341845825.379771 -0.455123901 -0.090422556 0.000967255 0.040500440 0.009801503 0.033620998 0.998565674
1341845825.411924 -0.462504238 -0.090730019 0.003491943 0.041292302 0.008709259 0.035118371 0.998491824
1341845825.443786 -0.472292930 -0.075778924 -0.001290232 0.039808933 0.006875415 0.036122456 0.998530507
1341845825.480278 -0.479251355 -0.087994292 0.007624838 0.034370203 0.002676643 0.039027363 0.998643279
1341845825.511636 -0.478597581 -0.082296200 0.006430747 0.033770267 -0.001228635 0.040311012 0.998615682
1341845825.547911 -0.483891547 -0.083716929 0.002996806 0.031141395 -0.003553192 0.041271303 0.998656273
1341845825.579744 -0.483259231 -0.089735352 0.008727170 0.029665094 -0.005203670 0.045098230 0.998528481
1341845825.611784 -0.488116413 -0.090928689 0.007450169 0.031415410 -0.006434621 0.048984926 0.998284638
1341845825.648004 -0.481202364 -0.087285034 0.010673167 0.032718047 -0.007497606 0.046797123 0.998340309
1341845825.679708 -0.489073992 -0.089575641 0.011722600 0.034087967 -0.004675848 0.046763863 0.998313248
1341845825.711937 -0.499770105 -0.085713372 0.001587080 0.034936558 -0.006835056 0.047166694 0.998252511
1341845825.747617 -0.498502195 -0.079376325 0.001803845 0.034168527 -0.009927530 0.044979993 0.998354077
1341845825.779688 -0.508617043 -0.081442989 0.002377002 0.030959293 -0.011371267 0.042515319 0.998551369
1341845825.815954 -0.510020494 -0.081219189 0.001588152 0.028443730 -0.014118751 0.039519690 0.998714089
1341845825.847829 -0.516746640 -0.082204707 0.007140668 0.026438398 -0.014765878 0.037061688 0.998854101
1341845825.879767 -0.524285316 -0.088377282 0.007494539 0.025250975 -0.017242782 0.037987389 0.998810351
1341845825.915646 -0.522611737 -0.083810657 0.004113263 0.025837636 -0.019052213 0.038704101 0.998734951
1341845825.947881 -0.528805912 -0.084462792 0.001506020 0.025064699 -0.018384045 0.039445069 0.998738170
1341845825.979700 -0.532719433 -0.084698379 0.006662311 0.024466570 -0.020053804 0.042682823 0.998587787
1341845826.015845 -0.535800338 -0.080589093 0.006561623 0.024741430 -0.021072438 0.043666482 0.998517454
1341845826.047945 -0.534916401 -0.087001815 0.002225985 0.023735605 -0.021663018 0.043475304 0.998537600
1341845826.079731 -0.542894423 -0.084740713 0.005446777 0.025285037 -0.022078756 0.045595147 0.998395920
1341845826.115655 -0.540228188 -0.084005535 0.004888604 0.025143331 -0.024623446 0.046020471 0.998320401
1341845826.147949 -0.538332880 -0.080398306 0.000262475 0.026020216 -0.024295276 0.041080438 0.998521447
1341845826.183767 -0.542477965 -0.080321185 0.001926783 0.024661815 -0.023798311 0.036743008 0.998736918
1341845826.215780 -0.545680940 -0.082358316 -0.003737635 0.022956265 -0.024920980 0.035924230 0.998780012
1341845826.247732 -0.548206270 -0.084049441 -0.006957680 0.022559794 -0.025703842 0.041029818 0.998572528
1341845826.283763 -0.552458525 -0.085113794 -0.005386023 0.021542909 -0.028140375 0.046033047 0.998311102
1341845826.315658 -0.552548587 -0.082712062 0.001216116 0.021729996 -0.031417895 0.047127299 0.998158157
1341845826.347773 -0.555431902 -0.080742583 -0.005958790 0.020855078 -0.033102304 0.047149334 0.998121381
1341845826.383718 -0.557416081 -0.085565664 -0.001481191 0.019123392 -0.035935789 0.048011098 0.998016953
1341845826.415712 -0.559430838 -0.091822475 -0.001019023 0.018631905 -0.038497452 0.050378866 0.997814059
1341845826.447806 -0.561076224 -0.091303907 -0.007746627 0.019778987 -0.040513817 0.049064007 0.997777641
1341845826.483677 -0.560954869 -0.088739760 -0.012739616 0.019628506 -0.041365791 0.049329419 0.997732580
1341845826.515677 -0.566199899 -0.086948946 -0.007183758 0.019526154 -0.042181704 0.051713277 0.997579694
1341845826.551684 -0.560969353 -0.082661115 -0.008555729 0.018771162 -0.043232199 0.050110046 0.997631013
1341845826.583716 -0.566495597 -0.086197138 -0.006308800 0.016702011 -0.041868094 0.048127219 0.997823596
1341845826.615875 -0.570079923 -0.089013502 -0.006310086 0.015093001 -0.044806324 0.051915504 0.997531712
1341845826.651722 -0.566125810 -0.085149080 -0.006737933 0.015621271 -0.045829799 0.054818220 0.997321784
1341845826.683753 -0.569582641 -0.075481206 -0.010013962 0.013631050 -0.045665272 0.052479196 0.997484267
1341845826.715643 -0.568591714 -0.078153081 -0.007145310 0.009080120 -0.046926986 0.049136877 0.997647762
1341845826.751884 -0.573349774 -0.075672470 -0.009308413 0.005805251 -0.045786455 0.050664902 0.997648776
1341845826.783713 -0.572916865 -0.072486445 -0.003162142 0.002695480 -0.047521207 0.052538130 0.997484028
1341845826.819713 -0.565332115 -0.067137912 -0.023937305 -0.000868667 -0.045653667 0.049245331 0.997742414
1341845826.851701 -0.573571444 -0.070764713 -0.010751065 -0.006331174 -0.042026907 0.050278515 0.997830570
1341845826.884460 -0.573813856 -0.070434861 -0.002242517 -0.007522717 -0.044023313 0.055315312 0.997469664
1341845826.945792 -0.564024329 -0.059773080 -0.013652992 -0.018581424 -0.037199490 0.048844784 0.997940481
1341845826.981873 -0.574832618 -0.068209492 -0.003623470 -0.023176055 -0.037927598 0.052668594 0.997622430
1341845827.013745 -0.567930341 -0.049860880 0.001101384 -0.022067372 -0.039340589 0.057852358 0.997305572
1341845827.045694 -0.564187884 -0.030529594 -0.012664810 -0.026304035 -0.034911856 0.058752771 0.997315109
1341845827.082458 -0.576488376 -0.046683215 -0.006832090 -0.036670875 -0.029943850 0.055120815 0.997356653
1341845827.113645 -0.571762145 -0.055452056 0.004573641 -0.038642593 -0.033513993 0.058187906 0.996994376
1341845827.145773 -0.562974870 -0.042339582 -0.007077943 -0.037908196 -0.033198688 0.058480404 0.997016072
1341845827.182474 -0.569142401 -0.048444334 -0.003246061 -0.043900337 -0.028430177 0.052528661 0.997248888
1341845827.213974 -0.567936242 -0.060800083 0.009090258 -0.044427659 -0.028895786 0.053069718 0.997183502
1341845827.251751 -0.561602950 -0.049056724 0.007515076 -0.039726000 -0.029118763 0.056777943 0.997171164
1341845827.313888 -0.561062098 -0.052883945 0.014387902 -0.049894080 -0.022475472 0.054687992 0.997002840
1341845827.349700 -0.560355067 -0.054668818 0.009180071 -0.045088682 -0.025298893 0.060455386 0.996831059
1341845827.381963 -0.555391312 -0.042145204 0.012644808 -0.043342918 -0.025209438 0.059087824 0.996992767
1341845827.413850 -0.553899229 -0.041321270 0.019283108 -0.044598978 -0.022984941 0.053588837 0.997301817
1341845827.449725 -0.555378973 -0.053508937 0.016775580 -0.044765584 -0.022590272 0.053232525 0.997322500
1341845827.488394 -0.555106997 -0.054057579 0.015824921 -0.041332111 -0.024624871 0.055449996 0.997301698
1341845827.488394 -0.553670704 -0.051012997 0.022375386 -0.040887315 -0.024873257 0.054770283 0.997351348
1341845827.555964 -0.552136064 -0.043246701 0.023175083 -0.037962850 -0.022705372 0.051081248 0.997714400
1341845827.623688 -0.541208565 -0.049485564 0.025614390 -0.034886137 -0.024249613 0.055904511 0.997531772
1341845827.623688 -0.544940948 -0.051500682 0.017785277 -0.035197601 -0.023663752 0.056094669 0.997524261
1341845827.656212 -0.544153571 -0.037889227 0.008279556 -0.034477815 -0.022434847 0.053003959 0.997746766
1341845827.687624 -0.536011696 -0.043651298 0.018967578 -0.039515354 -0.020503573 0.045891937 0.997953951
1341845827.723697 -0.533393323 -0.057436049 0.023132846 -0.039965373 -0.018469131 0.048864879 0.997834623
1341845827.755778 -0.532145977 -0.050145444 0.024904832 -0.037040491 -0.017956374 0.052092083 0.997793615
1341845827.791657 -0.523595333 -0.051582523 0.016260421 -0.037258305 -0.015378141 0.050562527 0.997907221
1341845827.823845 -0.522800326 -0.052040022 0.029834839 -0.037537821 -0.011261245 0.049702678 0.997994900
1341845827.855606 -0.521323502 -0.057517443 0.028318906 -0.036091976 -0.009966459 0.052074853 0.997941077
1341845827.891685 -0.508994937 -0.054019839 0.023035377 -0.032768652 -0.008120828 0.053327765 0.998006284
1341845827.923824 -0.505829871 -0.047778629 0.029883504 -0.031333227 -0.003633550 0.052336961 0.998131156
1341845827.959777 -0.507198393 -0.051792417 0.033290409 -0.031608932 -0.000345524 0.053259403 0.998080313
1341845827.991672 -0.497748822 -0.048754029 0.034260165 -0.029801689 0.001465185 0.055068053 0.998036742
1341845828.023726 -0.491112143 -0.048526805 0.023931779 -0.031560075 0.005292343 0.055637389 0.997938156
1341845828.059622 -0.491002947 -0.049604263 0.027944209 -0.032425590 0.009123201 0.055059534 0.997914791
1341845828.091720 -0.482437611 -0.048805863 0.043970648 -0.032142699 0.010528902 0.055622667 0.997878850
1341845828.127612 -0.480314016 -0.042363174 0.042419367 -0.031696565 0.012163649 0.055901762 0.997858942
1341845828.159638 -0.472029030 -0.045563038 0.038932350 -0.033323865 0.013807235 0.056366008 0.997758448
1341845828.191711 -0.471572608 -0.048894215 0.041099060 -0.033528544 0.017030312 0.053806856 0.997843027
1341845828.227644 -0.461583257 -0.045064326 0.043243043 -0.031813458 0.017774226 0.054377235 0.997855306
1341845828.259785 -0.458582073 -0.043523632 0.044770375 -0.031317081 0.020432241 0.057130482 0.997666240
1341845828.291687 -0.452113569 -0.044406798 0.048366886 -0.030031461 0.021478845 0.059854988 0.997524083
1341845828.327803 -0.448614389 -0.039039817 0.042268533 -0.028691970 0.023356298 0.059223268 0.997558951
1341845828.359694 -0.444624454 -0.038915396 0.045217916 -0.030020440 0.025283756 0.059633665 0.997448504
1341845828.395928 -0.437034756 -0.042186372 0.045281462 -0.030254714 0.027492592 0.060791507 0.997313023
1341845828.427803 -0.436145872 -0.037484013 0.048270751 -0.029477155 0.029291082 0.060671873 0.997292399
1341845828.459660 -0.425744355 -0.039516523 0.050805766 -0.029372113 0.029706225 0.060815178 0.997274458
1341845828.495761 -0.422012717 -0.038457762 0.047320392 -0.028508330 0.032112870 0.063231573 0.997074664
1341845828.527686 -0.419861495 -0.030820617 0.048590384 -0.029830836 0.033690669 0.062403854 0.997036040
1341845828.595750 -0.408874542 -0.034178577 0.053960998 -0.030525269 0.035893660 0.061513510 0.996993482
1341845828.654055 -0.397784978 -0.033441488 0.057485696 -0.032655232 0.039019167 0.062187776 0.996766746
1341845828.689681 -0.397030681 -0.028853234 0.057175249 -0.030748943 0.040819578 0.061646175 0.996788919
1341845828.721870 -0.392947346 -0.027531916 0.052929454 -0.031230876 0.040539060 0.062145554 0.996754348
1341845828.757706 -0.383734226 -0.026397653 0.056463908 -0.031693835 0.040931184 0.063722767 0.996624112
1341845828.789650 -0.388916165 -0.027058609 0.057729382 -0.031059209 0.042137612 0.067451030 0.996348441
1341845828.821914 -0.386311054 -0.026035832 0.047609024 -0.030614322 0.040829845 0.069349580 0.996286333
1341845828.857781 -0.376028806 -0.027752457 0.049087204 -0.031863660 0.040135387 0.070362553 0.996204257
1341845828.889770 -0.371673256 -0.024744432 0.056124203 -0.031502813 0.039271418 0.070907116 0.996211588
1341845828.931671 -0.371585965 -0.023327662 0.055475730 -0.031407975 0.038465500 0.070683740 0.996261954
1341845828.989696 -0.363266259 -0.026887290 0.049427468 -0.029870223 0.036202919 0.069858640 0.996452153
1341845829.025626 -0.358930320 -0.020076808 0.051689740 -0.029019283 0.034928400 0.068151370 0.996641040
1341845829.063840 -0.348448277 -0.022183064 0.049412437 -0.030294731 0.034170955 0.066850387 0.996717393
1341845829.089737 -0.343788773 -0.017297192 0.048094455 -0.029882748 0.034598254 0.066922411 0.996710300
1341845829.125754 -0.336875260 -0.020879323 0.046761923 -0.030727506 0.033841364 0.067296229 0.996685445
1341845829.158048 -0.322192937 -0.020450307 0.048790731 -0.030114952 0.034181740 0.066982433 0.996713638
1341845829.193669 -0.321279705 -0.024743414 0.045908429 -0.028619628 0.036335099 0.069225438 0.996528268
1341845829.225742 -0.317865551 -0.024939766 0.044613510 -0.024705205 0.036516484 0.070820294 0.996514261
1341845829.257763 -0.312187999 -0.022258775 0.047888078 -0.021790059 0.035614692 0.071054339 0.996598303
1341845829.293851 -0.303277969 -0.024010684 0.044632986 -0.019737514 0.034702960 0.070312694 0.996725798
1341845829.325861 -0.299556613 -0.029491724 0.039420664 -0.017986119 0.033628665 0.069287129 0.996867537
1341845829.357901 -0.293390274 -0.030928615 0.036009461 -0.014906178 0.030272910 0.069552623 0.997007430
1341845829.393704 -0.284565628 -0.023710279 0.037641458 -0.012122363 0.028799202 0.067263730 0.997245908
1341845829.425831 -0.285741448 -0.020682832 0.034746245 -0.012045732 0.028127067 0.064601362 0.997442007
1341845829.461720 -0.280611783 -0.030489646 0.041285541 -0.013038446 0.026280537 0.065372474 0.997429669
1341845829.493662 -0.272024900 -0.028399857 0.032524429 -0.006545403 0.023430619 0.067659259 0.997411907
1341845829.525846 -0.267591566 -0.017313810 0.029965660 -0.004858102 0.021228697 0.066844076 0.997525752
1341845829.561864 -0.258283466 -0.014667627 0.033261217 -0.007549543 0.021108266 0.064017974 0.997696996
1341845829.593763 -0.254216343 -0.026498277 0.034295894 -0.009940584 0.022155773 0.063393541 0.997693181
1341845829.625785 -0.253345340 -0.030828945 0.032931641 -0.004841851 0.020938799 0.065685011 0.997609019
1341845829.661787 -0.244009987 -0.018964786 0.029374300 -0.001313224 0.017706310 0.065112732 0.997720003
1341845829.693835 -0.234654859 -0.008099964 0.026814576 -0.003308069 0.018934110 0.060620170 0.997975826
1341845829.729747 -0.236353904 -0.022823468 0.027644005 -0.007640341 0.021111522 0.056701485 0.998138726
1341845829.761817 -0.242382988 -0.034255363 0.026168080 -0.004829783 0.017165575 0.057447013 0.998189330
1341845829.793840 -0.221265584 -0.021833902 0.028504519 -0.000497508 0.009539584 0.056056432 0.998381972
1341845829.829803 -0.212965667 -0.016226394 0.028123783 0.000662743 0.010224973 0.052181840 0.998585105
1341845829.861640 -0.223004550 -0.018042360 0.025423281 -0.000874310 0.009454161 0.050931983 0.998656988
1341845829.897840 -0.206971005 -0.031234855 0.027787251 -0.000466933 0.002333754 0.053249422 0.998578489
1341845829.929703 -0.191522107 -0.016837470 0.024720605 0.004437538 0.001712498 0.054145753 0.998521745
1341845829.962023 -0.199381649 -0.016709549 0.022483058 0.002369548 0.003975299 0.055071831 0.998471737
1341845829.997954 -0.195442513 -0.034075085 0.024101980 0.003263134 -0.000158937 0.056437049 0.998400867
1341845830.029819 -0.179589137 -0.025169473 0.024400936 0.010914034 -0.001579552 0.056472197 0.998343289
1341845830.061836 -0.180825934 -0.009657373 0.022290472 0.012418850 0.000418377 0.056686878 0.998314738
1341845830.097885 -0.172462091 -0.024028996 0.024247203 0.008951991 0.000565967 0.057078034 0.998329461
1341845830.129668 -0.170786038 -0.029325565 0.025322396 0.014746493 0.001553570 0.058372501 0.998184800
1341845830.165590 -0.177209109 -0.019611206 0.014835316 0.018492665 0.000365963 0.060456268 0.997999549
1341845830.197779 -0.163669899 -0.022938110 0.021490939 0.016592953 -0.006359593 0.065515094 0.997693360
1341845830.229883 -0.151296362 -0.013460051 0.018859547 0.020279877 -0.005431259 0.065780319 0.997613251
1341845830.265730 -0.154646173 -0.011326159 0.021048022 0.018358298 -0.004746276 0.066421255 0.997611523
1341845830.297873 -0.150607988 -0.024364414 0.021691384 0.017097944 -0.008098444 0.069577582 0.997397184
1341845830.329863 -0.134996161 -0.017484913 0.022591008 0.020839740 -0.010070322 0.071284547 0.997187495
1341845830.365740 -0.136042938 -0.011240805 0.019025842 0.020918420 -0.009935457 0.071193941 0.997193635
1341845830.397779 -0.127021998 -0.012987764 0.021512112 0.019682094 -0.012615493 0.069649473 0.997297585
1341845830.433725 -0.110029124 -0.012939015 0.020183299 0.020321166 -0.012312450 0.067312963 0.997449040
1341845830.465762 -0.115504816 -0.010500234 0.019835094 0.021300701 -0.010447876 0.066753671 0.997487426
1341845830.507859 -0.105516918 -0.020072144 0.022933826 0.021732081 -0.013856772 0.067605361 0.997379184
1341845830.565943 -0.083401851 -0.003383552 0.024044899 0.024807224 -0.009058850 0.066245213 0.997453809
1341845830.597841 -0.083364688 -0.013105463 0.023013528 0.022997236 -0.009766341 0.068724714 0.997322798
1341845830.633627 -0.061493650 -0.009588107 0.021093443 0.025281759 -0.011398997 0.069857486 0.997171462
1341845830.665700 -0.063647054 -0.000749169 0.014278224 0.026526242 -0.008026139 0.068997823 0.997231841
1341845830.701788 -0.056797490 0.000582945 0.019197391 0.025632950 -0.007485187 0.067419097 0.997367382
1341845830.733901 -0.042194467 0.003837327 0.016658176 0.024267986 -0.006276128 0.063234210 0.997683942
1341845830.765759 -0.043548517 0.004012905 0.014590868 0.022140490 -0.002843091 0.059227299 0.997994900
1341845830.801839 -0.028406369 -0.002303283 0.020070218 0.020723632 -0.001462022 0.057573557 0.998125136
1341845830.833774 -0.030073883 -0.004514867 0.020329762 0.022187077 0.001949273 0.057088591 0.998120725
1341845830.865751 -0.023111226 0.003438071 0.016038224 0.023547007 0.002162489 0.056031354 0.998148978
1341845830.901883 -0.010958635 0.000864417 0.014539879 0.021275682 0.004316196 0.052892514 0.998364210
1341845830.933811 -0.010888869 -0.007046548 0.013786417 0.021159075 0.006279740 0.052200731 0.998392761
1341845830.969705 -0.010625998 0.000536841 0.011080923 0.023271479 0.006039885 0.051302314 0.998393774
1341845831.001855 -0.002752124 0.005141837 0.012907992 0.022150917 0.005492428 0.048285436 0.998572826
1341845831.033886 0.005584357 0.001422422 0.014416692 0.020580126 0.006312261 0.045564562 0.998729467
1341845831.069727 0.007803354 -0.001358121 0.013955243 0.020834872 0.007708618 0.044955246 0.998741984
1341845831.101853 0.013749995 0.003399685 0.010135956 0.021782149 0.007341543 0.045274302 0.998710155
1341845831.137817 0.027295025 0.008632971 0.010103432 0.021070121 0.008263561 0.043946542 0.998777509
1341845831.169942 0.025479147 0.002163775 0.013872023 0.019311557 0.010667071 0.042945076 0.998833835
1341845831.201715 0.030817769 -0.006089676 0.011985397 0.020330083 0.009921328 0.044628669 0.998747587
1341845831.237723 0.039167952 0.002981467 0.010210225 0.023788251 0.009289486 0.045070961 0.998657346
1341845831.269903 0.040118095 0.004147094 0.007763635 0.022985540 0.009571972 0.045122568 0.998671114
1341845831.301755 0.039304864 0.001644978 0.008767103 0.022359304 0.006841482 0.044518217 0.998734951
1341845831.337779 0.047554467 -0.001094179 0.006896892 0.023020625 0.002586563 0.044324048 0.998748660
1341845831.369742 0.056636326 0.002511127 0.005717571 0.024305917 -0.001230244 0.043785498 0.998744547
1341845831.405710 0.069414049 0.008352125 0.004583440 0.023820639 -0.002101269 0.040896971 0.998877168
1341845831.437646 0.076536618 0.003636162 0.006898111 0.021486353 -0.000342048 0.038969085 0.999009371
1341845831.469752 0.076721638 -0.004334712 0.004168692 0.021553859 0.000188835 0.039441377 0.998989403
1341845831.505745 0.087104820 0.003458925 0.004128495 0.023314862 -0.001800836 0.039069369 0.998962879
1341845831.537844 0.100141592 0.010953519 -0.000391886 0.020635171 0.001411002 0.036192164 0.999130785
1341845831.569610 0.094563283 0.000554555 0.000535355 0.016364396 0.005027585 0.034754392 0.999249279
1341845831.605848 0.101295769 -0.002965618 0.000821394 0.015831217 0.004751276 0.035711765 0.999225438
1341845831.637789 0.111527458 0.009841863 -0.004051057 0.015481910 0.005375742 0.035367038 0.999240041
1341845831.673597 0.122270159 0.012937307 -0.002304525 0.010003402 0.008005612 0.033646792 0.999351680
1341845831.705652 0.125064120 0.003564885 0.003459962 0.005990073 0.012942879 0.034786444 0.999293029
1341845831.737705 0.126078188 0.001444893 -0.000060061 0.006131998 0.015905537 0.039261479 0.999083579
1341845831.773629 0.133203462 0.009521266 -0.001216919 0.006455888 0.016716570 0.042012498 0.998956382
1341845831.805810 0.140361816 0.014742114 -0.003144668 0.004300405 0.018804848 0.042534769 0.998908758
1341845831.837719 0.141295820 0.011105169 -0.005965191 0.000798323 0.020254927 0.043708201 0.998838723
1341845831.873791 0.152630582 0.014363972 -0.000087551 0.000166977 0.018664056 0.045805518 0.998776078
1341845831.905728 0.162986472 0.023778427 0.003452359 -0.001534889 0.020144083 0.043691326 0.998840809
1341845831.941628 0.166678786 0.015036736 0.003083927 -0.004474481 0.021853089 0.042972703 0.998827219
1341845831.973784 0.175327361 0.016163319 0.004899409 -0.004850106 0.023389673 0.042375129 0.998816192
1341845832.005729 0.180451795 0.017962717 0.004308074 -0.004400556 0.025618926 0.041310936 0.998808205
1341845832.041627 0.194227383 0.024507273 -0.003763387 -0.004908408 0.027809981 0.039915849 0.998803914
1341845832.073865 0.201063573 0.025384853 0.001656665 -0.006417423 0.029823354 0.038064066 0.998809576
1341845832.109730 0.201463595 0.016563838 0.001080082 -0.007034358 0.029717276 0.039006319 0.998772204
1341845832.141683 0.208538249 0.021686560 -0.002600613 -0.004496389 0.029712418 0.039632928 0.998762369
1341845832.173988 0.210350960 0.029782288 -0.003110417 -0.004821829 0.032090496 0.037607446 0.998765588
1341845832.209956 0.209383279 0.021783361 -0.001747916 -0.006575217 0.030775817 0.037991736 0.998782396
1341845832.241796 0.219171852 0.026475038 -0.004679998 -0.005143614 0.028034242 0.038680185 0.998845100
1341845832.273776 0.228741929 0.035091579 -0.004666987 -0.005686667 0.028290629 0.036988039 0.998899043
1341845832.309916 0.227000251 0.036077291 -0.005963231 -0.008985684 0.030201014 0.036122005 0.998850524
1341845832.341687 0.232650876 0.033245143 -0.003269288 -0.011193591 0.028075125 0.038196143 0.998813093
1341845832.377708 0.241303861 0.039939228 -0.002544214 -0.011496087 0.026751975 0.038679205 0.998827398
1341845832.409802 0.244465843 0.041236706 -0.005357984 -0.013765081 0.026412468 0.039366398 0.998780906
1341845832.442187 0.250180930 0.043113247 -0.001247346 -0.014882091 0.025298024 0.040041380 0.998766840
1341845832.477743 0.254007459 0.045215208 -0.003523725 -0.015600862 0.025204754 0.040091969 0.998756289
1341845832.509635 0.260789335 0.047575776 -0.002686857 -0.016714999 0.024808832 0.041623838 0.998685479
1341845832.541586 0.268099546 0.048980050 -0.003982915 -0.017678192 0.025444204 0.041898202 0.998641372
1341845832.577871 0.270490259 0.049406022 -0.009856422 -0.018175457 0.025960341 0.043295644 0.998559594
1341845832.609738 0.277334303 0.052053735 -0.007347559 -0.018048555 0.024896659 0.043849133 0.998564839
1341845832.645699 0.281087011 0.057988312 -0.006212384 -0.018275084 0.025694387 0.043874674 0.998539388
1341845832.677817 0.281966746 0.061958890 -0.005560003 -0.020256987 0.025984358 0.043379273 0.998515308
1341845832.710177 0.288956165 0.056050353 -0.001657378 -0.022308439 0.026401058 0.043303855 0.998463929
1341845832.745710 0.293957204 0.057993945 -0.008972181 -0.022666587 0.027752647 0.045775145 0.998308897
1341845832.777849 0.298971117 0.062823519 -0.008452243 -0.023049677 0.028997824 0.047953896 0.998162448
1341845832.810110 0.304323286 0.066989258 -0.008711592 -0.023733504 0.030461363 0.048942726 0.998054862
1341845832.845797 0.309016168 0.069721334 -0.010348352 -0.025097836 0.032397237 0.048685998 0.997973084
1341845832.877696 0.314435601 0.065927021 -0.008412264 -0.026187440 0.033565678 0.050403900 0.997821152
1341845832.913787 0.318582058 0.070204221 -0.011826831 -0.025406202 0.033738907 0.051402893 0.997784555
1341845832.945664 0.325447202 0.073328987 -0.013131587 -0.026672769 0.035012804 0.049868349 0.997785509
1341845832.978015 0.326508850 0.069036998 -0.010920875 -0.027922101 0.035925068 0.050378591 0.997693300
1341845833.045857 0.340684205 0.077266827 -0.013692228 -0.028506959 0.036081534 0.050462611 0.997666836
1341845833.077785 0.347731858 0.077724360 -0.013502388 -0.030118775 0.037542403 0.050174471 0.997580111
1341845833.113636 0.359319240 0.076093577 -0.011343930 -0.030226782 0.038387228 0.050299801 0.997538328
1341845833.145767 0.364298314 0.078596056 -0.026914002 -0.030602703 0.040344950 0.051068176 0.997410536
1341845833.181891 0.370761901 0.081181571 -0.028114131 -0.034217723 0.042774733 0.048005935 0.997343957
1341845833.213878 0.372126400 0.078498520 -0.019511692 -0.035734996 0.044605158 0.048879057 0.997168124
1341845833.245714 0.378336847 0.075171180 -0.019797374 -0.034305595 0.042294439 0.050593503 0.997233510
1341845833.281847 0.394380242 0.076843023 -0.021514120 -0.030740535 0.041717667 0.051919762 0.997305870
1341845833.313771 0.397330076 0.082331218 -0.028880265 -0.028252162 0.045127045 0.052049551 0.997224271
1341845833.349756 0.402737558 0.084763102 -0.026342837 -0.029415136 0.045811228 0.052848075 0.997117519
1341845833.381840 0.414115191 0.082680807 -0.026336638 -0.030121993 0.047794484 0.052557327 0.997018635
1341845833.414644 0.416646123 0.084982924 -0.030975675 -0.030649535 0.051213887 0.051871050 0.996868670
1341845833.449819 0.417175770 0.078815147 -0.028815374 -0.032152817 0.050669674 0.054093067 0.996731043
1341845833.488616 0.426927954 0.080372252 -0.032924097 -0.030703275 0.050230622 0.053008217 0.996857285
1341845833.549835 0.429203928 0.077897727 -0.024884310 -0.034822982 0.051019248 0.052876007 0.996688783
1341845833.581733 0.435720146 0.075899243 -0.028610855 -0.031792916 0.049250230 0.053082295 0.996868014
1341845833.617817 0.435144454 0.083298482 -0.035492066 -0.030731924 0.048976213 0.054403566 0.996843576
1341845833.649899 0.436451852 0.084085353 -0.028945593 -0.033179983 0.047703154 0.053074893 0.996898472
1341845833.681671 0.443496019 0.079227142 -0.024485983 -0.033319447 0.047321994 0.053080607 0.996911705
1341845833.717606 0.439455807 0.082099944 -0.031412430 -0.031843822 0.046126995 0.056632679 0.996820450
1341845833.752940 0.443799168 0.088076696 -0.033245977 -0.033543207 0.043430891 0.055022426 0.996976018
1341845833.817827 0.443932712 0.084953956 -0.023422951 -0.037167359 0.044694457 0.054831952 0.996802151
1341845833.849860 0.449198991 0.083322272 -0.022964882 -0.037014343 0.042461213 0.054831740 0.996905506
1341845833.885667 0.452366352 0.086988851 -0.027551692 -0.035974987 0.043909341 0.053514570 0.996952415
1341845833.917724 0.448402584 0.087831259 -0.027698247 -0.038116798 0.045423400 0.052946094 0.996835291
1341845833.949675 0.452167869 0.082526430 -0.020011079 -0.038256906 0.044019863 0.053486805 0.996864021
1341845833.985662 0.453780591 0.087463796 -0.024004575 -0.035738908 0.045304250 0.053418472 0.996903598
1341845834.018158 0.444747597 0.091188289 -0.028151782 -0.037642483 0.047683552 0.051289726 0.996834397
1341845834.049769 0.445284992 0.083202846 -0.023725431 -0.039988752 0.045788586 0.050360914 0.996879220
1341845834.085753 0.445385665 0.086413465 -0.025414914 -0.039152153 0.045803502 0.047854517 0.997035205
1341845834.153871 0.437794864 0.084279001 -0.025206275 -0.041471686 0.048073463 0.047110911 0.996869981
1341845834.185736 0.435230345 0.084135130 -0.023414006 -0.042338423 0.048758358 0.045190565 0.996889174
1341845834.217802 0.428294122 0.085214332 -0.027436612 -0.043034013 0.049906608 0.043717638 0.996868193
1341845834.253824 0.421404421 0.089004144 -0.032062273 -0.046273809 0.048440062 0.042885527 0.996831596
1341845834.285756 0.418784767 0.081420735 -0.023450028 -0.049906794 0.045989972 0.041281961 0.996840060
1341845834.321783 0.417569488 0.078102551 -0.017608263 -0.047742147 0.045899104 0.041894816 0.996924698
1341845834.355135 0.410973340 0.074350022 -0.016700141 -0.042171780 0.046629686 0.045084238 0.997002840
1341845834.385801 0.402516574 0.081649438 -0.024149202 -0.038405236 0.047872372 0.044922095 0.997103512
1341845834.421748 0.394899130 0.081232883 -0.026688099 -0.039015062 0.049190149 0.044120215 0.997051477
1341845834.453840 0.385029167 0.078936912 -0.025703775 -0.039897740 0.048165888 0.042544723 0.997134984
1341845834.485639 0.380608410 0.075595073 -0.023536716 -0.040277969 0.046515293 0.039999206 0.997303486
1341845834.521785 0.375354320 0.077655770 -0.022305168 -0.039320115 0.046518613 0.039426304 0.997364342
1341845834.553727 0.366604090 0.075838119 -0.025839059 -0.039917532 0.047188006 0.039316688 0.997313499
1341845834.589787 0.354271770 0.069294550 -0.019991785 -0.040752653 0.045559794 0.039978880 0.997329056
1341845834.621791 0.352139920 0.072844334 -0.023707228 -0.038473193 0.042679012 0.039596360 0.997562289
1341845834.653808 0.344018787 0.079437844 -0.024688607 -0.039883040 0.043664757 0.036411259 0.997585595
1341845834.689847 0.330959976 0.072921708 -0.024653645 -0.043992240 0.043848772 0.033558797 0.997504771
1341845834.721856 0.318880945 0.064214908 -0.016658228 -0.045244448 0.041205876 0.034271542 0.997537255
1341845834.753919 0.321805239 0.061380062 -0.024422467 -0.042351123 0.037900366 0.033549093 0.997819901
1341845834.789834 0.311615020 0.067316622 -0.022440184 -0.040562999 0.039385252 0.033254899 0.997846484
1341845834.821826 0.301761657 0.061269004 -0.028688196 -0.042854112 0.038988087 0.032357261 0.997795820
1341845834.857804 0.292611837 0.059916288 -0.026558759 -0.043271679 0.036087517 0.032339964 0.997887492
1341845834.889796 0.284525126 0.058333874 -0.024711613 -0.043419152 0.034891792 0.030474039 0.997982383
1341845834.921771 0.271207601 0.054777998 -0.023977788 -0.042948242 0.034263864 0.030406544 0.998026490
1341845834.957942 0.258978814 0.053393587 -0.030070592 -0.042023152 0.031952519 0.029858567 0.998159111
1341845834.989806 0.251393288 0.052320749 -0.027765354 -0.041296616 0.029155238 0.029604958 0.998282611
1341845835.021804 0.240255520 0.050475053 -0.029622316 -0.040167917 0.027090421 0.029848410 0.998379529
1341845835.058003 0.233853891 0.048171859 -0.025572488 -0.038224168 0.024781581 0.030201491 0.998505235
1341845835.089820 0.221629918 0.047919709 -0.028994083 -0.036777914 0.023088403 0.030924145 0.998578012
1341845835.125663 0.208216384 0.050676569 -0.025517119 -0.036833502 0.020200316 0.031256773 0.998628199
1341845835.157750 0.202789441 0.046371441 -0.031261809 -0.038441595 0.017453739 0.030325620 0.998648107
1341845835.189830 0.188237160 0.040259279 -0.019253314 -0.037215635 0.016329842 0.029959690 0.998724639
1341845835.225912 0.178012267 0.040114973 -0.024917461 -0.033228345 0.013219621 0.032219134 0.998840868
1341845835.258001 0.170928881 0.047048092 -0.027027937 -0.031724382 0.011558104 0.031176189 0.998943508
1341845835.290164 0.156058028 0.043075863 -0.020688431 -0.033436585 0.010335359 0.029353851 0.998956263
1341845835.325788 0.145917878 0.034434926 -0.025647009 -0.032419067 0.007544020 0.029932128 0.998997569
1341845835.363902 0.140319020 0.039077416 -0.020498509 -0.030037753 0.005464732 0.028519800 0.999126911
1341845835.363902 0.141110972 0.037731972 -0.021325575 -0.030185336 0.005354899 0.028274246 0.999130011
1341845835.431742 0.110893555 0.037699219 -0.026706532 -0.029706867 0.001448393 0.025863081 0.999222994
1341845835.493790 0.101287656 0.026895057 -0.020669751 -0.027578451 -0.003961642 0.027188523 0.999242008
1341845835.527633 0.085816689 0.031664070 -0.022207890 -0.025995120 -0.005544667 0.027618915 0.999265134
1341845835.561788 0.081151620 0.034688544 -0.026982421 -0.026854070 -0.010752948 0.027722528 0.999197066
1341845835.594173 0.080215454 0.032054044 -0.020136431 -0.028211221 -0.011988029 0.026493264 0.999179006
1341845835.625859 0.073040910 0.024542304 -0.017877938 -0.026418339 -0.012078402 0.025728045 0.999246836
1341845835.661923 0.057539668 0.025156137 -0.014000609 -0.021761993 -0.014549742 0.030077873 0.999204695
1341845835.693994 0.063809268 0.028040711 -0.010169129 -0.018660955 -0.017345967 0.030849930 0.999199271
1341845835.725724 0.050240096 0.027609384 -0.014374448 -0.016834784 -0.013663572 0.030129327 0.999310911
1341845835.761816 0.035146609 0.021716019 -0.017010907 -0.014292326 -0.014434084 0.033292245 0.999239206
1341845835.793927 0.031762388 0.026998732 -0.019628504 -0.011584005 -0.017174199 0.034713771 0.999182642
1341845835.829809 0.030487524 0.030830482 -0.017576138 -0.011869641 -0.017238753 0.033763148 0.999210715
1341845835.868224 0.017041467 0.021869214 -0.016385792 -0.012173222 -0.016005361 0.034747183 0.999193847
1341845835.868224 0.016346494 0.021767741 -0.016578725 -0.012214993 -0.015977241 0.034922071 0.999187648
1341845835.903857 0.004175027 0.022346599 -0.018343898 -0.009304441 -0.018987201 0.038372051 0.999039888
1341845835.935727 0.006701061 0.026658677 -0.019869529 -0.008131051 -0.020666044 0.037812255 0.999038041
1341845835.967812 0.001130839 0.020004028 -0.018996041 -0.008513101 -0.018498028 0.037208434 0.999100029
1341845836.003789 -0.014357328 0.014870578 -0.022802839 -0.005734354 -0.018023293 0.040240049 0.999011040
1341845836.035920 -0.012796901 0.019766873 -0.021266378 -0.002252971 -0.019644517 0.041216735 0.998954594
1341845836.067671 -0.021280138 0.021703552 -0.021364903 -0.001969216 -0.017428856 0.039494962 0.999065876
1341845836.104034 -0.031005006 0.011644079 -0.019403975 -0.001491317 -0.017858554 0.039796427 0.999047101
1341845836.135769 -0.038809095 0.014137474 -0.024116360 0.001122502 -0.021374207 0.040354360 0.998956203
1341845836.172097 -0.038479846 0.022419022 -0.023843244 0.001492579 -0.024630098 0.039503213 0.998914719
1341845836.203642 -0.040453684 0.013838556 -0.022756612 -0.000781934 -0.023758603 0.038094465 0.998991370
1341845836.235687 -0.056170814 0.005826521 -0.024225906 0.000525442 -0.022693107 0.039266147 0.998970926
1341845836.271774 -0.066765107 0.007947370 -0.024773749 0.003860808 -0.026259443 0.041525610 0.998784840
1341845836.303797 -0.063390747 0.013763351 -0.027943376 0.005102000 -0.028871320 0.042767353 0.998654783
1341845836.335742 -0.063398652 0.014005240 -0.028366599 0.003715428 -0.027584611 0.042712420 0.998699665
1341845836.372549 -0.072138973 0.000711336 -0.026643751 0.004119008 -0.024998263 0.046345823 0.998604119
1341845836.403992 -0.081060611 0.008901822 -0.031250875 0.008328412 -0.024107359 0.048983756 0.998473883
1341845836.435705 -0.077857830 0.013063977 -0.030886218 0.009679317 -0.022625426 0.050481368 0.998421848
1341845836.471817 -0.089409649 0.017450459 -0.029941745 0.010592338 -0.018337093 0.049776569 0.998535872
1341845836.503945 -0.104914762 0.014311322 -0.029638041 0.010268194 -0.017427653 0.051313452 0.998477757
1341845836.539832 -0.104587547 0.017700033 -0.032764785 0.011164971 -0.019832464 0.051995505 0.998387933
1341845836.571973 -0.104236484 0.017579477 -0.036735814 0.009987854 -0.020015970 0.051841624 0.998404801
1341845836.604373 -0.111441240 0.020333685 -0.034990326 0.008504640 -0.019175576 0.050528828 0.998502314
1341845836.639724 -0.112544231 0.008838702 -0.033716496 0.005895488 -0.019981077 0.049374387 0.998563051
1341845836.672049 -0.115564175 0.000008686 -0.034026317 0.007426572 -0.020154560 0.048010819 0.998615921
1341845836.704020 -0.116872475 -0.004642952 -0.032247696 0.009418606 -0.019830344 0.048012808 0.998605430
1341845836.739779 -0.115883388 -0.025983026 -0.033678792 0.012663873 -0.020945983 0.050451782 0.998426497
1341845836.771652 -0.115338415 -0.026115395 -0.028992997 0.022671387 -0.020249762 0.051942073 0.998187423
1341845836.803601 -0.121096864 -0.024372313 -0.039868899 0.029032571 -0.018331595 0.052999791 0.998004079
1341845836.839643 -0.126622513 -0.033770852 -0.038150396 0.031069376 -0.019478798 0.053954322 0.997869849
1341845836.871771 -0.119602583 -0.037376542 -0.035058811 0.034512822 -0.021469757 0.055699646 0.997619927
1341845836.907663 -0.116315715 -0.035622012 -0.032393727 0.036487956 -0.019851798 0.057130307 0.997502208
1341845836.939824 -0.124046318 -0.052648436 -0.039208569 0.035912361 -0.017321052 0.059597790 0.997425914
1341845836.971802 -0.122995228 -0.052379683 -0.032286815 0.038790293 -0.018696832 0.060303185 0.997250855
1341845837.007714 -0.102790117 -0.035768718 -0.030483129 0.037649214 -0.017205639 0.060195290 0.997327983
1341845837.039752 -0.113922916 -0.065665320 -0.030784341 0.030130126 -0.010167072 0.060461082 0.997663915
1341845837.071715 -0.121147811 -0.084742136 -0.026299141 0.033520684 -0.009041397 0.059500132 0.997624397
1341845837.107691 -0.113580093 -0.078368433 -0.027290219 0.035816450 -0.008758026 0.061879620 0.997402370
1341845837.139763 -0.107963815 -0.096908994 -0.030715644 0.034459818 -0.005271807 0.061317928 0.997509360
1341845837.171636 -0.118030980 -0.107173182 -0.029140634 0.038687758 -0.001742122 0.056163732 0.997670293
1341845837.207675 -0.124037325 -0.104274690 -0.032794971 0.039522588 -0.003590389 0.053983819 0.997752905
1341845837.239749 -0.117170200 -0.119077362 -0.030759359 0.036744930 -0.005085827 0.048099652 0.998153508
1341845837.275755 -0.116006322 -0.139073551 -0.033691950 0.036891416 -0.003090356 0.044082325 0.998341799
1341845837.307686 -0.121122196 -0.162734121 -0.039601073 0.039386511 -0.003113415 0.048926529 0.998020709
1341845837.339628 -0.117784172 -0.166990250 -0.036716603 0.045148853 -0.005535917 0.050005782 0.997712553
1341845837.375710 -0.109229349 -0.170067504 -0.034525558 0.049847893 -0.005076196 0.047561601 0.997610867
1341845837.407709 -0.107472070 -0.159080401 -0.038719114 0.050968301 -0.001863564 0.044504203 0.997706473
1341845837.439656 -0.112583920 -0.166114792 -0.039978825 0.044253666 0.001346704 0.041863237 0.998142004
1341845837.475671 -0.105790570 -0.187524334 -0.037081994 0.040302537 0.001891807 0.039303787 0.998412490
1341845837.507973 -0.095686123 -0.191025525 -0.043602854 0.040155169 0.004916589 0.038715512 0.998431027
1341845837.543708 -0.104976095 -0.198034391 -0.041039634 0.036160193 0.010422430 0.036746420 0.998615861
1341845837.575706 -0.104142502 -0.215598658 -0.038909551 0.033909805 0.012210655 0.033409495 0.998791754
1341845837.607609 -0.099402115 -0.224317774 -0.037854791 0.034586262 0.014371121 0.031251095 0.998809636
1341845837.643704 -0.101440921 -0.234777272 -0.038861398 0.035717636 0.017512228 0.028670697 0.998797059
1341845837.675706 -0.102209426 -0.246582091 -0.043022953 0.037837800 0.019456353 0.026257057 0.998749435
1341845837.711803 -0.097421475 -0.245281562 -0.043474961 0.039980959 0.020913303 0.025378380 0.998659194
1341845837.743935 -0.098375782 -0.251127094 -0.044370439 0.039989039 0.023942616 0.023412131 0.998638809
1341845837.775698 -0.098191455 -0.267002672 -0.046703182 0.041299894 0.026445372 0.022220280 0.998549581
1341845837.811909 -0.087715574 -0.251147747 -0.048171829 0.043365289 0.028526837 0.023571547 0.998373747
1341845837.843915 -0.089877881 -0.261498839 -0.045156762 0.039771393 0.031653557 0.022423644 0.998455584
1341845837.879790 -0.095976375 -0.275209039 -0.038906924 0.040673837 0.034477934 0.019718250 0.998382807
1341845837.911946 -0.097521633 -0.282946736 -0.039935783 0.044313245 0.035431009 0.023011085 0.998124063
1341845837.946188 -0.095504716 -0.277494580 -0.044065934 0.047213774 0.034698814 0.024445724 0.997982681
1341845837.979709 -0.078933842 -0.275135487 -0.044944599 0.046698283 0.035895213 0.023413973 0.997989297
1341845838.041927 -0.097343244 -0.279104352 -0.036476012 0.040196598 0.042210165 0.018088279 0.998135984
1341845838.073905 -0.094612099 -0.301190585 -0.034856126 0.038175356 0.041657485 0.015862660 0.998276412
1341845838.105792 -0.093017280 -0.303430319 -0.035111748 0.040580034 0.042593531 0.017095456 0.998121679
1341845838.141667 -0.095599838 -0.296809793 -0.037222467 0.041297980 0.043082096 0.016705520 0.998077869
1341845838.173678 -0.088565528 -0.297917515 -0.034572624 0.038433783 0.043177966 0.012499306 0.998249650
1341845838.205767 -0.082846180 -0.295442402 -0.038208138 0.033862814 0.045173742 0.008582672 0.998368204
1341845838.241893 -0.092995830 -0.302313477 -0.033066727 0.027354246 0.048572328 0.004921011 0.998432994
1341845838.273791 -0.100795671 -0.322153628 -0.023645310 0.023616998 0.048488762 0.002804263 0.998540580
1341845838.309852 -0.102558799 -0.324491113 -0.021769192 0.024248904 0.045973793 0.001909891 0.998646498
1341845838.341805 -0.096599519 -0.332898140 -0.024304267 0.023458028 0.043763261 0.004784875 0.998755097
1341845838.373872 -0.093179733 -0.341812223 -0.021156652 0.024667416 0.043669976 0.006129439 0.998722672
1341845838.409713 -0.093316175 -0.337419480 -0.028068127 0.025744690 0.043350451 0.008488296 0.998692095
1341845838.441818 -0.090964928 -0.334811628 -0.029464422 0.023886368 0.042550664 0.010318935 0.998755455
1341845838.473754 -0.089260191 -0.345171571 -0.030847115 0.020921860 0.042883705 0.007992520 0.998829067
1341845838.509713 -0.087917760 -0.353538096 -0.028529920 0.019399785 0.044073157 0.005933243 0.998822331
1341845838.541649 -0.093142338 -0.363608450 -0.029338228 0.019501152 0.044435486 0.005755346 0.998805344
1341845838.577804 -0.088581324 -0.370999992 -0.031174149 0.021848166 0.043842874 0.002699939 0.998795867
1341845838.609807 -0.081787594 -0.373124868 -0.032664619 0.024281001 0.044994950 0.000173955 0.998692095
1341845838.641690 -0.084835403 -0.379104644 -0.031087777 0.025339555 0.047306359 -0.000301228 0.998558939
1341845838.677850 -0.087662861 -0.378168106 -0.035851635 0.026512753 0.048140306 -0.000560936 0.998488545
1341845838.709635 -0.077736810 -0.374016464 -0.041377451 0.026385818 0.047726069 -0.001744337 0.998510420
1341845838.745913 -0.053511783 -0.356942445 -0.050622955 0.022473184 0.049817234 -0.001904026 0.998503685
1341845838.777723 -0.079945110 -0.380657494 -0.031894725 0.013809988 0.055678643 -0.005391313 0.998338699
1341845838.809656 -0.080967478 -0.385466576 -0.027236586 0.011448146 0.053886548 -0.005954140 0.998463750
1341845838.845874 -0.067161657 -0.390243798 -0.033055406 0.011356427 0.052307997 -0.005514601 0.998551190
1341845838.877695 -0.054019351 -0.375589013 -0.043920144 0.009123365 0.054837279 -0.005307078 0.998439610
1341845838.909636 -0.065354295 -0.391666800 -0.030971495 0.003161739 0.059180729 -0.010157146 0.998190582
1341845838.945837 -0.070658587 -0.405209929 -0.028151596 0.001765718 0.059556074 -0.011743002 0.998154342
1341845838.977758 -0.061191823 -0.406484604 -0.026674272 0.003348233 0.058698662 -0.009899773 0.998221099
1341845839.013907 -0.053261667 -0.406045079 -0.026479060 0.004377319 0.060146291 -0.010541318 0.998124361
1341845839.046225 -0.061199602 -0.400712162 -0.028090270 0.003506643 0.063640453 -0.012688164 0.997886121
1341845839.077750 -0.068733871 -0.404512525 -0.025496079 0.000327623 0.062478095 -0.014330143 0.997943461
1341845839.113934 -0.059503239 -0.422223657 -0.022309314 -0.000408588 0.059489779 -0.013564355 0.998136699
1341845839.145852 -0.056369990 -0.416304678 -0.026274530 0.003490842 0.059267815 -0.010939137 0.998176098
1341845839.177741 -0.051117219 -0.414863378 -0.029773034 0.003358435 0.059311308 -0.009538386 0.998188317
1341845839.214000 -0.043839745 -0.424299538 -0.027341671 0.003070576 0.060484391 -0.010633037 0.998107791
1341845839.246198 -0.044010978 -0.429064155 -0.026415702 0.005277232 0.062855490 -0.009619320 0.997962356
1341845839.281774 -0.036290001 -0.421856850 -0.030969741 0.006260162 0.063775733 -0.006875473 0.997920990
1341845839.314004 -0.030142104 -0.425353646 -0.028908519 0.006084297 0.066449888 -0.009934464 0.997721791
1341845839.345945 -0.040975250 -0.430879295 -0.026947265 0.006396419 0.069684237 -0.010645953 0.997491837
1341845839.381741 -0.039220482 -0.436930358 -0.033508487 0.007697996 0.068767823 -0.007044862 0.997578144
1341845839.413801 -0.027706400 -0.440571189 -0.031556785 0.009988069 0.068745442 -0.005540349 0.997568846
1341845839.445714 -0.026534667 -0.430308789 -0.033308316 0.012301642 0.070977204 -0.005448478 0.997387171
1341845839.481741 -0.025978964 -0.428272158 -0.038171079 0.011140820 0.071738891 -0.005351564 0.997346878
1341845839.514001 -0.020444289 -0.436208069 -0.033537142 0.009058576 0.073182896 -0.006390643 0.997256935
1341845839.549791 -0.026761344 -0.441587508 -0.029799810 0.010461325 0.075476795 -0.006330474 0.997072637
1341845839.587666 -0.025176346 -0.434262097 -0.033298492 0.011952091 0.075034931 -0.004820731 0.997097611
1341845839.681817 -0.026051505 -0.430432886 -0.033604398 0.011592574 0.078193657 -0.004582853 0.996860266
1341845839.713876 -0.016901627 -0.431562841 -0.030981489 0.010698142 0.076030448 -0.004697440 0.997037053
1341845839.749808 -0.014995319 -0.433016598 -0.031731039 0.010393254 0.077373184 -0.005194343 0.996934474
1341845839.781785 -0.025039744 -0.428023517 -0.034996413 0.009556310 0.078797564 -0.003851083 0.996837437
1341845839.817825 -0.026120659 -0.430546522 -0.034874540 0.007617493 0.077134557 -0.004086841 0.996983290
1341845839.849994 -0.023633290 -0.422709525 -0.031805746 0.007173510 0.076687194 -0.004242252 0.997020364
1341845839.881829 -0.028639354 -0.419722497 -0.031499177 0.004793948 0.076940402 -0.004301809 0.997014880
1341845839.917855 -0.034580745 -0.420313150 -0.031126868 0.002421402 0.075542800 -0.004418830 0.997129858
1341845839.950283 -0.037162017 -0.415950149 -0.027690344 0.000793251 0.073187664 -0.003971539 0.997310042
1341845839.985757 -0.035543017 -0.411154270 -0.028432842 -0.001261265 0.070821323 -0.003936460 0.997480452
1341845840.017660 -0.033880096 -0.396958858 -0.026544420 -0.004314577 0.069188736 -0.004942217 0.997582078
1341845840.049741 -0.043687493 -0.395110488 -0.023749232 -0.008986898 0.068843029 -0.005780736 0.997570336
1341845840.085650 -0.047388010 -0.400796860 -0.020814864 -0.012630697 0.066457666 -0.005088058 0.997696400
1341845840.117698 -0.047101479 -0.389984846 -0.019833589 -0.013234952 0.064593658 -0.002927713 0.997819602
1341845840.149796 -0.051254153 -0.374703676 -0.020119775 -0.015419641 0.064039305 -0.001611555 0.997826993
1341845840.186069 -0.050195429 -0.373686045 -0.018122848 -0.020746835 0.063007146 -0.001995262 0.997795463
1341845840.217657 -0.051354587 -0.370011240 -0.019920016 -0.024837464 0.063910879 -0.003214156 0.997641385
1341845840.253694 -0.062639281 -0.369100541 -0.012797676 -0.028681768 0.064154312 -0.002094695 0.997525573
1341845840.285914 -0.065049127 -0.362320244 -0.011968846 -0.030666446 0.061132550 -0.001149607 0.997657835
1341845840.317753 -0.061713420 -0.355669647 -0.010661578 -0.033161670 0.058812659 0.000422200 0.997718036
1341845840.353861 -0.059937272 -0.346372694 -0.006999550 -0.035096768 0.058287591 0.002181872 0.997680366
1341845840.385775 -0.065748475 -0.335172296 -0.003777037 -0.037422210 0.059407681 0.000558504 0.997532010
1341845840.417676 -0.071025968 -0.333960146 -0.006282179 -0.041296873 0.058566961 -0.001329819 0.997428119
1341845840.453598 -0.070060335 -0.334379375 -0.003413930 -0.044034436 0.057142582 -0.000490547 0.997394383
1341845840.485943 -0.071415633 -0.331138998 -0.008724735 -0.044634301 0.057569712 -0.001320505 0.997342408
1341845840.521810 -0.080474146 -0.322703421 -0.008627202 -0.045585167 0.057970934 -0.000821441 0.997276723
1341845840.553677 -0.085148796 -0.316293240 -0.003602959 -0.047794122 0.055938557 0.000982364 0.997289181
1341845840.585765 -0.081029996 -0.317523003 -0.001476937 -0.049722042 0.054143611 -0.000058540 0.997294486
1341845840.621850 -0.084264472 -0.303071350 -0.004416371 -0.049640536 0.054391958 -0.001350780 0.997284055
1341845840.653789 -0.093643077 -0.300019473 -0.001895250 -0.054023013 0.054058701 -0.003594023 0.997068822
1341845840.685850 -0.092551805 -0.309511065 0.003250918 -0.056574207 0.052604947 -0.006294954 0.996991694
1341845840.721832 -0.099012725 -0.315266699 -0.001090739 -0.055012494 0.052831132 -0.007018896 0.997062325
1341845840.753824 -0.106762253 -0.308449298 -0.000129458 -0.051020272 0.049540397 -0.003715333 0.997461259
1341845840.789783 -0.099107735 -0.309584767 -0.001636784 -0.048624184 0.045938801 -0.002949882 0.997755826
1341845840.821733 -0.096780919 -0.298535198 -0.003915241 -0.046374932 0.047154065 -0.004692679 0.997799516
1341845840.853661 -0.105785534 -0.296106815 -0.004065651 -0.046547670 0.048701394 -0.003464872 0.997722208
1341845840.889737 -0.107462659 -0.293067664 -0.005920331 -0.046691239 0.046896264 -0.001634327 0.997806609
1341845840.921786 -0.098133482 -0.282720566 -0.008095726 -0.046219606 0.046597008 -0.001933960 0.997842073
1341845840.957782 -0.106546797 -0.274321258 -0.006363418 -0.048256345 0.050545551 -0.003320886 0.997549772
1341845840.989777 -0.109908044 -0.274237067 -0.003269279 -0.051128581 0.051898208 -0.003140022 0.997337818
1341845841.021755 -0.110112086 -0.275853157 0.000293457 -0.050625041 0.052362356 -0.002404166 0.997341216
1341845841.057797 -0.107212827 -0.276715308 -0.000629123 -0.046989515 0.053287689 -0.002104922 0.997470796
1341845841.089861 -0.108283564 -0.263899028 -0.000898633 -0.042066328 0.055469748 -0.002844177 0.997569799
1341845841.127763 -0.114400536 -0.258312613 -0.000233483 -0.040882789 0.056369159 -0.005338081 0.997558355
1341845841.189794 -0.114866994 -0.252352953 0.000044735 -0.037826464 0.055190384 -0.013159455 0.997672319
1341845841.225871 -0.116079241 -0.245362654 0.001602051 -0.033826664 0.054702014 -0.015649745 0.997806907
1341845841.257769 -0.116871968 -0.236939684 0.001478328 -0.030517796 0.054416522 -0.016988015 0.997907341
1341845841.289834 -0.118782282 -0.225332439 -0.000718370 -0.028866235 0.053414151 -0.014945438 0.998043239
1341845841.325856 -0.114599392 -0.212254137 -0.002283635 -0.029685536 0.052622650 -0.013627899 0.998080134
1341845841.357778 -0.120230220 -0.212218270 0.000817640 -0.032094378 0.052329667 -0.014132349 0.998013973
1341845841.389747 -0.124527469 -0.215419590 0.002608356 -0.030333433 0.049569748 -0.011975106 0.998238146
1341845841.425648 -0.118114516 -0.211567611 0.010262351 -0.024237458 0.046257865 -0.007855253 0.998604596
1341845841.457784 -0.115511388 -0.208294660 0.008435933 -0.015966279 0.045061719 -0.002051781 0.998854518
1341845841.493636 -0.115398355 -0.186722830 0.004510719 -0.010137605 0.043956138 0.000936590 0.998981655
1341845841.525800 -0.110651337 -0.170343980 0.003409259 -0.011824674 0.043449529 0.002295824 0.998983026
1341845841.557776 -0.113587633 -0.168874726 0.008123425 -0.015385662 0.044209272 0.002342465 0.998901129
1341845841.593697 -0.119702749 -0.169933498 0.012078503 -0.017677102 0.043444697 0.004415167 0.998889744
1341845841.625800 -0.112462744 -0.172183484 0.013841528 -0.015915170 0.040845573 0.006376870 0.999018431
1341845841.657778 -0.112865947 -0.163455650 0.013728759 -0.012519502 0.041294809 0.007419067 0.999041080
1341845841.693890 -0.118413076 -0.156221703 0.014171203 -0.011155883 0.041444194 0.008856590 0.999039352
1341845841.725831 -0.110944591 -0.148687720 0.018160284 -0.011566908 0.040053166 0.010609773 0.999074280
1341845841.761977 -0.117368743 -0.146279916 0.014669437 -0.010815135 0.040147923 0.007684649 0.999105752
1341845841.793705 -0.115351766 -0.132291391 0.016993627 -0.011978703 0.038810384 0.009589512 0.999128759
1341845841.825907 -0.116996638 -0.133814231 0.022304645 -0.014582105 0.037007391 0.009172311 0.999166489
1341845841.862456 -0.119729459 -0.136349589 0.027781596 -0.014328743 0.035768859 0.009396337 0.999213219
1341845841.893840 -0.119821392 -0.139355153 0.025145084 -0.009777219 0.033265997 0.013448955 0.999308288
1341845841.925729 -0.118095256 -0.125697181 0.021415809 -0.005686718 0.031047624 0.015445750 0.999382436
1341845841.961799 -0.113968238 -0.121213600 0.027643088 -0.005632729 0.029984536 0.015358923 0.999416530
1341845841.994063 -0.112976149 -0.113934860 0.026602056 -0.005497945 0.031470746 0.013025505 0.999404669
1341845842.030345 -0.121108323 -0.104566626 0.023203438 -0.007448317 0.031894755 0.012758742 0.999382138
1341845842.061842 -0.117193446 -0.111987144 0.024641372 -0.009533416 0.029115891 0.014258488 0.999428928
1341845842.095648 -0.114437602 -0.101973854 0.026339680 -0.008323398 0.028714854 0.014928014 0.999441564
1341845842.130144 -0.116901100 -0.096872441 0.025381913 -0.008688917 0.029506709 0.017018266 0.999381959
1341845842.168651 -0.117105246 -0.089881934 0.028240997 -0.008787844 0.029479660 0.018959558 0.999346972
1341845842.204415 -0.117862090 -0.089979321 0.027930371 -0.009113427 0.029615210 0.019512141 0.999329388
1341845842.236995 -0.123796120 -0.086527392 0.026484895 -0.007498227 0.028830353 0.021309618 0.999329031
1341845842.298056 -0.115863435 -0.075605251 0.028217491 -0.003152987 0.023034954 0.025796460 0.999396861
1341845842.330531 -0.120545402 -0.066256210 0.029446404 -0.001255352 0.024583051 0.025905421 0.999361336
1341845842.362365 -0.123507909 -0.053001218 0.025224289 -0.002532745 0.023079507 0.026885986 0.999368846
1341845842.399606 -0.119848289 -0.053243816 0.031231597 -0.006143308 0.022141567 0.026839690 0.999375701
1341845842.439754 -0.118788935 -0.051927149 0.033745781 -0.007040489 0.022643182 0.026784357 0.999359965
1341845842.472222 -0.123306461 -0.050073229 0.035856687 -0.007286459 0.023016343 0.027625430 0.999326825
1341845842.506051 -0.124930322 -0.050535522 0.034808908 -0.007356338 0.020831941 0.028479243 0.999350250
1341845842.539739 -0.117681071 -0.047677662 0.034958240 -0.006749718 0.020363647 0.027544182 0.999390364
1341845842.597810 -0.126447529 -0.049283922 0.036106247 -0.005593957 0.021572832 0.025942925 0.999414980
1341845842.671782 -0.120726675 -0.033518728 0.030886158 -0.001170655 0.020594150 0.026749266 0.999429345
1341845842.733828 -0.127055392 -0.031679891 0.036364447 0.000134601 0.019594971 0.032835361 0.999268711
1341845842.772554 -0.125186130 -0.020140652 0.033076588 0.002154263 0.018951535 0.035230789 0.999197185
1341845842.772554 -0.125172496 -0.020163737 0.032236397 0.002145014 0.018944729 0.035219356 0.999197781
1341845842.803667 -0.125789493 -0.012788209 0.032472849 -0.000043149 0.018694883 0.036946371 0.999142408
1341845842.839779 -0.122643627 -0.012492190 0.033207607 -0.001606946 0.019119101 0.036951452 0.999132872
1341845842.871951 -0.130084366 -0.006779199 0.033079144 -0.001405152 0.020847343 0.035551772 0.999149382
1341845842.903766 -0.131136894 0.001472944 0.031595934 -0.002684333 0.019768756 0.035941515 0.999154747
1341845842.939694 -0.125997469 0.002373134 0.036799148 -0.005237296 0.019777669 0.034271218 0.999203146
1341845842.971703 -0.132361382 0.002743534 0.039390262 -0.004813011 0.021028593 0.033967067 0.999190152
1341845843.003637 -0.137264058 0.011043130 0.036385186 -0.003991215 0.019377615 0.036150761 0.999150515
1341845843.039687 -0.127587020 0.011970190 0.040003411 -0.004332655 0.017389694 0.039089911 0.999074996
1341845843.071786 -0.129242435 0.018558450 0.037384599 -0.003688237 0.019652536 0.038545359 0.999056816
1341845843.103725 -0.139079198 0.017847888 0.035305094 -0.003838112 0.020095097 0.040506337 0.998969793
1341845843.139742 -0.137644589 0.025823394 0.038869489 -0.001418001 0.016553463 0.042955913 0.998938859
1341845843.171825 -0.131599173 0.038573146 0.038724020 -0.001713562 0.015859239 0.041245658 0.999021769
1341845843.207907 -0.136988580 0.043954235 0.041682228 -0.004687446 0.017341021 0.036420543 0.999175131
1341845843.240014 -0.142910033 0.045664191 0.038781144 -0.008632649 0.016799841 0.033045571 0.999275386
1341845843.281910 -0.144498259 0.045063969 0.039550718 -0.009862056 0.014729661 0.032908723 0.999301195
1341845843.307930 -0.143831089 0.052272417 0.040146198 -0.009109664 0.013114564 0.032996587 0.999327958
1341845843.339844 -0.141830862 0.055774137 0.043392058 -0.008451308 0.012289640 0.034773625 0.999283910
1341845843.407961 -0.140727043 0.076264963 0.047466915 -0.003372797 0.015816916 0.036649764 0.999197364
1341845843.469698 -0.134564310 0.090928808 0.044726331 -0.004538639 0.017744867 0.037458930 0.999130309
1341845843.501755 -0.142532021 0.096836776 0.050362047 -0.006456080 0.021206021 0.036930162 0.999071956
1341845843.537749 -0.149842158 0.097142927 0.049188670 -0.007801101 0.019439811 0.040243309 0.998970330
1341845843.601912 -0.149024874 0.121486716 0.051972866 -0.011453480 0.020718824 0.037111886 0.999030709
1341845843.637854 -0.146374881 0.125266552 0.054872956 -0.013948916 0.019749889 0.037190866 0.999015689
1341845843.669935 -0.138364390 0.125577644 0.062836222 -0.014871366 0.021190636 0.037471406 0.998962343
1341845843.705705 -0.142316237 0.137817919 0.057242803 -0.013745848 0.024605099 0.039171234 0.998835027
1341845843.738087 -0.142420664 0.139542401 0.063345328 -0.016004318 0.026706018 0.040853303 0.998679996
1341845843.769868 -0.139970779 0.141724244 0.066574007 -0.014378400 0.027302578 0.044080701 0.998551369
1341845843.805741 -0.139344871 0.152393267 0.063806094 -0.011998465 0.029157724 0.045254521 0.998477757
1341845843.837731 -0.139871925 0.159482077 0.061248742 -0.012645421 0.032147337 0.044450026 0.998414218
1341845843.869723 -0.137028009 0.158053994 0.067844249 -0.014150887 0.034540985 0.044430044 0.998314917
1341845843.905817 -0.134050354 0.158641011 0.072455123 -0.011585376 0.035194125 0.047344089 0.998191237
1341845843.937846 -0.131713912 0.164247841 0.068065800 -0.007411861 0.037278425 0.049543444 0.998048544
1341845843.973843 -0.125756621 0.175012067 0.069075860 -0.004324503 0.041600265 0.050474640 0.997849226
1341845844.005877 -0.135533452 0.172408625 0.070096575 -0.004523059 0.045318030 0.051736213 0.997621834
1341845844.037839 -0.135052696 0.178845957 0.065819241 -0.001931004 0.044335943 0.050757412 0.997724593
1341845844.073843 -0.129041180 0.189737841 0.066648498 -0.001857247 0.045435451 0.046557326 0.997880101
1341845844.105844 -0.131729826 0.186904669 0.071025915 -0.002613132 0.048410006 0.044072878 0.997851372
1341845844.137727 -0.133154839 0.192621142 0.073126271 -0.001593292 0.048891425 0.044233851 0.997822881
1341845844.173729 -0.130594403 0.194920316 0.068161890 -0.000122141 0.048733536 0.043203101 0.997877002
1341845844.205772 -0.131222069 0.205749169 0.067877837 -0.000952802 0.050101541 0.041927256 0.997863293
1341845844.241826 -0.134115830 0.196966201 0.071975902 -0.002300197 0.049841508 0.043103032 0.997824013
1341845844.273743 -0.127604574 0.204752862 0.075279750 0.005094421 0.048083168 0.047303688 0.997709572
1341845844.305737 -0.129856631 0.218259677 0.073313318 0.007917570 0.048993319 0.049414802 0.997544587
1341845844.341702 -0.133711368 0.226879522 0.070211887 0.005612051 0.049021535 0.048522390 0.997602642
1341845844.373700 -0.132875666 0.230918765 0.074191138 0.001531295 0.048541863 0.046991374 0.997713983
1341845844.409780 -0.135718167 0.239212394 0.072713360 0.000753121 0.048110843 0.049561124 0.997611463
1341845844.441868 -0.134258777 0.246807739 0.073634706 -0.001227826 0.046903979 0.051190890 0.997586131
1341845844.473633 -0.129941374 0.254163891 0.075918995 -0.003219097 0.047674518 0.051657096 0.997521102
1341845844.509732 -0.133844852 0.258052945 0.073192224 -0.004756149 0.049456716 0.053195536 0.997347355
1341845844.541734 -0.139650315 0.265860617 0.072265945 -0.006995516 0.049137708 0.054780144 0.997264147
1341845844.573798 -0.135665551 0.272015750 0.073261671 -0.009834896 0.046956185 0.054512274 0.997359931
1341845844.609774 -0.136189967 0.276701063 0.076437704 -0.011396002 0.047365386 0.054911692 0.997302115
1341845844.641742 -0.145494595 0.276359528 0.073594399 -0.012433894 0.046181262 0.057300132 0.997210801
1341845844.677619 -0.142697304 0.284464180 0.076950081 -0.008480418 0.040366720 0.061071739 0.997280777
1341845844.709820 -0.146596387 0.303347081 0.072354265 -0.008131061 0.038569011 0.060569230 0.997385442
1341845844.741764 -0.149173200 0.302483231 0.074338265 -0.011204450 0.034505587 0.060952999 0.997481167
1341845844.778110 -0.149765804 0.307749957 0.076336078 -0.013135302 0.031022977 0.059466619 0.997661710
1341845844.811162 -0.159223333 0.309324682 0.074034736 -0.013746868 0.027420064 0.059126440 0.997779191
1341845844.842336 -0.162624732 0.330768108 0.073780768 -0.014641820 0.022601260 0.056408484 0.998044610
1341845844.883762 -0.157056391 0.315958798 0.080901384 -0.019908907 0.018549014 0.054253653 0.998156369
1341845844.947016 -0.162728846 0.326497555 0.080739446 -0.018773964 0.009169908 0.052584905 0.998397887
1341845844.977793 -0.162694901 0.338753968 0.072920844 -0.018113168 0.007003076 0.046823822 0.998714387
1341845845.009670 -0.161562994 0.335420936 0.079256490 -0.020593895 0.005441302 0.044344120 0.998789191
1341845845.045698 -0.162361860 0.339974642 0.081815526 -0.019531816 0.000059338 0.042405963 0.998909593
1341845845.077748 -0.154210880 0.349884897 0.076002046 -0.019622467 -0.002464897 0.036943462 0.999121666
1341845845.109679 -0.153730229 0.354869694 0.077833548 -0.021247376 -0.001042180 0.033322982 0.999218225
1341845845.145640 -0.155192196 0.353542984 0.079575323 -0.022450877 -0.001227167 0.033233780 0.999194682
1341845845.177719 -0.147967651 0.361373276 0.077313170 -0.020863980 -0.001978693 0.032475818 0.999252796
1341845845.213604 -0.145542890 0.375757813 0.075752914 -0.020762403 0.000826688 0.031711027 0.999281108
1341845845.245741 -0.142210990 0.371017247 0.079037093 -0.024160504 0.001855999 0.032437243 0.999180079
1341845845.277905 -0.142546445 0.371590674 0.081056356 -0.023348732 0.002444817 0.033192553 0.999173224
1341845845.314159 -0.147629023 0.387623936 0.075547673 -0.020979358 0.003370116 0.031792037 0.999268591
1341845845.345748 -0.143075600 0.390693694 0.080454014 -0.023040369 0.002924768 0.031045688 0.999248087
1341845845.381704 -0.145904988 0.392907232 0.080386907 -0.024451114 0.002406070 0.031398680 0.999204934
1341845845.413648 -0.145446241 0.401079148 0.083260179 -0.024536060 0.000687635 0.031992964 0.999186635
1341845845.445777 -0.146527082 0.407277733 0.081388950 -0.024434017 -0.001317056 0.030788548 0.999226391
1341845845.481809 -0.151676252 0.422991067 0.080756336 -0.026979793 -0.000424767 0.024603298 0.999333084
1341845845.514332 -0.147057623 0.415774971 0.085607469 -0.030790037 -0.002560586 0.024883669 0.999212801
1341845845.545717 -0.149692923 0.424596429 0.082379267 -0.030738940 -0.004581361 0.025655556 0.999187648
1341845845.581658 -0.145524368 0.432541370 0.081282876 -0.032619826 -0.007073658 0.024504440 0.999142408
1341845845.613959 -0.144522235 0.451491565 0.080917642 -0.033977300 -0.005643080 0.019588582 0.999214709
1341845845.649696 -0.150753111 0.444927722 0.084523194 -0.038909387 -0.004907317 0.022133678 0.998985529
1341845845.682034 -0.152111113 0.446628809 0.085321933 -0.037610151 -0.008043420 0.024644652 0.998956203
1341845845.714232 -0.141980723 0.466400087 0.081657737 -0.036023911 -0.010132839 0.023815263 0.999015749
1341845845.751971 -0.153192759 0.472719491 0.083335549 -0.041574974 -0.006526528 0.019650828 0.998920798
1341845845.787747 -0.149233490 0.471404046 0.087480776 -0.043706164 -0.006926456 0.017826159 0.998861432
1341845845.820616 -0.153105780 0.476315767 0.084726810 -0.043371834 -0.007054687 0.019336581 0.998847008
1341845845.887653 -0.145188972 0.489463210 0.087891534 -0.045717970 -0.006879613 0.015750980 0.998806596
1341845845.949895 -0.140507802 0.494448751 0.086662538 -0.046087656 -0.005386518 0.018289460 0.998755455
1341845845.981855 -0.146113738 0.504455209 0.085760266 -0.046650957 -0.001902672 0.017315457 0.998759389
1341845846.017822 -0.144728035 0.506902218 0.089859247 -0.047766183 -0.001501832 0.017407034 0.998705804
1341845846.049788 -0.146949768 0.512027323 0.089927003 -0.045887347 -0.000144132 0.018419819 0.998776793
1341845846.081697 -0.151291758 0.528501987 0.087554954 -0.043637920 0.000091168 0.017483216 0.998894453
1341845846.117753 -0.149363413 0.538060367 0.089786977 -0.044466365 -0.001147316 0.017162446 0.998862803
1341845846.149729 -0.149314374 0.538964152 0.091095932 -0.045895282 -0.002076204 0.019097932 0.998761535
1341845846.185551 -0.145461306 0.547053456 0.088762388 -0.046576489 -0.004261125 0.021755038 0.998668730
1341845846.217670 -0.146282420 0.562383950 0.087630495 -0.045757920 -0.003974397 0.022074390 0.998700738
1341845846.249670 -0.147179127 0.566610336 0.086019166 -0.049873959 -0.003578515 0.024658021 0.998444676
1341845846.285621 -0.147615239 0.570375204 0.086166613 -0.051655058 -0.004232109 0.025713354 0.998324990
1341845846.318706 -0.146074623 0.574087739 0.083619565 -0.055023666 -0.003169871 0.024452675 0.998180568
1341845846.349746 -0.147520348 0.577361345 0.084634617 -0.058294751 -0.002288747 0.026377818 0.997948229
1341845846.385823 -0.147326425 0.580256879 0.083286762 -0.060452126 -0.002732930 0.027927419 0.997776628
1341845846.417804 -0.142511621 0.591293693 0.082170993 -0.062045213 -0.001885526 0.027182944 0.997701347
1341845846.453757 -0.146194607 0.588167667 0.081466384 -0.066896185 -0.000988087 0.030855300 0.997282326
1341845846.485915 -0.142191142 0.597222686 0.080933534 -0.067685492 -0.002810641 0.031102201 0.997217834
1341845846.517804 -0.136911303 0.603162408 0.080033131 -0.069394700 -0.000853629 0.029638773 0.997148573
1341845846.553866 -0.142829522 0.603238702 0.078447074 -0.075119928 0.001352967 0.029875677 0.996725976
1341845846.585802 -0.137432426 0.607984364 0.080076516 -0.075079173 -0.000382466 0.030026063 0.996725440
1341845846.621952 -0.137874529 0.614392817 0.075976104 -0.075684577 0.001268910 0.027924547 0.996739984
1341845846.653735 -0.136254132 0.610157192 0.078963265 -0.079697296 0.000837639 0.028244536 0.996418536
1341845846.687048 -0.131036684 0.610926151 0.078692794 -0.079446681 0.000662185 0.025707778 0.996507347
1341845846.721930 -0.136965364 0.610138178 0.073780857 -0.079298258 0.003849404 0.024389951 0.996545136
1341845846.755684 -0.137253791 0.606597662 0.073009498 -0.079687469 0.003487335 0.025034983 0.996499419
1341845846.785987 -0.134110644 0.597415388 0.072754897 -0.079255372 0.003236631 0.024386298 0.996550798
1341845846.821760 -0.138631538 0.595132649 0.070264027 -0.077895686 0.006159147 0.022625964 0.996685743
1341845846.853756 -0.142561480 0.573080480 0.070721291 -0.079900391 0.006941257 0.023569245 0.996500075
1341845846.889724 -0.139268070 0.562845528 0.075916834 -0.074851967 0.004858182 0.024422787 0.996883690
1341845846.921756 -0.142746583 0.562167645 0.073029801 -0.070387490 0.005821861 0.021330521 0.997274697
1341845846.953776 -0.144510657 0.550602913 0.071002282 -0.069166936 0.006552436 0.022125466 0.997338235
1341845846.989607 -0.145162433 0.532355905 0.071789920 -0.066517964 0.004728479 0.022811504 0.997513294
1341845847.021791 -0.145290568 0.530874789 0.076619476 -0.060822856 0.003953133 0.021579210 0.997907519
1341845847.053671 -0.145210907 0.525926590 0.073095538 -0.059474874 0.003420027 0.020961650 0.998003840
1341845847.089677 -0.159554064 0.502284646 0.075500630 -0.061338656 0.002928549 0.019542728 0.997921407
1341845847.121825 -0.141917035 0.499828070 0.077626780 -0.053729814 -0.002158689 0.018087761 0.998389363
1341845847.157737 -0.141802028 0.492287904 0.073261745 -0.050764903 -0.000873802 0.017986575 0.998548269
1341845847.189613 -0.139081657 0.478663802 0.073213339 -0.048285116 -0.000375379 0.019543350 0.998642325
1341845847.221790 -0.133151829 0.473229021 0.074701093 -0.044329479 0.000813195 0.020192666 0.998812556
1341845847.257718 -0.139918923 0.460170865 0.069966011 -0.042643648 0.004253000 0.021582948 0.998848200
1341845847.289652 -0.130706757 0.442681462 0.070028968 -0.042311259 0.001941473 0.023572078 0.998824537
1341845847.321777 -0.129942343 0.453398615 0.068884850 -0.035517689 0.003003278 0.021099573 0.999141812
1341845847.357899 -0.130513966 0.442544371 0.065648861 -0.034606501 0.004514906 0.020344729 0.999183714
1341845847.390176 -0.130989760 0.434412658 0.062012501 -0.032616206 0.004735380 0.019062206 0.999274969
1341845847.425786 -0.127889529 0.426360071 0.059899360 -0.032228995 0.005931740 0.016253883 0.999330759
1341845847.489945 -0.128197193 0.401843816 0.055610135 -0.032062717 0.005886187 0.017826879 0.999309540
1341845847.525805 -0.131437033 0.394972473 0.052173015 -0.032592084 0.004667652 0.016395791 0.999323308
1341845847.557741 -0.133551508 0.400769740 0.045869950 -0.033986181 0.003292621 0.010685537 0.999359787
1341845847.593782 -0.126928449 0.364571244 0.049118895 -0.042074949 0.000383371 0.009170038 0.999072313
1341845847.625656 -0.124419011 0.350582153 0.046257071 -0.039469060 -0.000129255 0.010619890 0.999164402
1341845847.657670 -0.125725821 0.345299721 0.042190906 -0.036700204 0.000024637 0.012418957 0.999249220
1341845847.693751 -0.125500500 0.342122763 0.037905127 -0.035367977 0.000451917 0.013090319 0.999288559
1341845847.725684 -0.123820409 0.329248995 0.034589902 -0.036581662 0.001539932 0.012771953 0.999247909
1341845847.757787 -0.125294611 0.317030758 0.032836899 -0.035733610 0.001715621 0.016310342 0.999226868
1341845847.793826 -0.127716839 0.313304156 0.026970956 -0.034307469 0.000092266 0.017964929 0.999249876
1341845847.825684 -0.128921017 0.305605054 0.027919522 -0.035409432 -0.000100641 0.016673129 0.999233842
1341845847.861928 -0.131189227 0.296523839 0.025178621 -0.035987295 -0.000718831 0.018059161 0.999188840
1341845847.893697 -0.131965637 0.283406317 0.023927292 -0.037168410 -0.003502035 0.021835987 0.999064326
1341845847.925644 -0.128675312 0.287748933 0.020775337 -0.032573033 -0.005940041 0.022238167 0.999204338
1341845847.961946 -0.126742125 0.282334656 0.021015795 -0.033370245 -0.005352243 0.022272028 0.999180615
1341845847.993685 -0.132913530 0.267692089 0.017362796 -0.033934064 -0.005456917 0.024931813 0.999098122
1341845848.025620 -0.128532737 0.267503381 0.017587483 -0.032714717 -0.007277464 0.025409332 0.999115229
1341845848.061715 -0.128368422 0.256995648 0.016219988 -0.032576680 -0.007127705 0.026545871 0.999091268
1341845848.093689 -0.129822284 0.255058289 0.012235589 -0.032556601 -0.008506886 0.027433222 0.999057174
1341845848.132119 -0.129632369 0.245581195 0.012093584 -0.033526417 -0.011201952 0.026092350 0.999034405
1341845848.132119 -0.130294695 0.246116996 0.012964433 -0.033429746 -0.011160037 0.025841812 0.999044657
1341845848.167711 -0.126052395 0.244159520 0.011345644 -0.032660965 -0.011532430 0.022708755 0.999141932
1341845848.200502 -0.128799573 0.234767303 0.008782624 -0.033854488 -0.010803721 0.022815054 0.999107957
1341845848.232265 -0.129582256 0.226405412 0.008844510 -0.034579389 -0.012679795 0.023478733 0.999045670
1341845848.267873 -0.125234395 0.219880939 0.006480316 -0.033413175 -0.013281193 0.023233986 0.999083281
1341845848.301135 -0.127736151 0.221346527 0.002006170 -0.033499498 -0.012201360 0.023349592 0.999091506
1341845848.335735 -0.129628256 0.212443069 -0.002348688 -0.038383931 -0.013873558 0.025030453 0.998853207
1341845848.367757 -0.127488166 0.202629656 -0.001898719 -0.040111195 -0.015643159 0.022451738 0.998820484
1341845848.399644 -0.129439577 0.199208573 -0.002961955 -0.040233165 -0.015947821 0.021958847 0.998821735
1341845848.435802 -0.132524550 0.187293962 -0.007284783 -0.042486478 -0.020084143 0.025342148 0.998573661
1341845848.467705 -0.119837970 0.194138259 -0.009547167 -0.041427020 -0.022158418 0.021375019 0.998667061
1341845848.503759 -0.123942137 0.185486943 -0.009844963 -0.043323040 -0.018028786 0.020843025 0.998681009
1341845848.536036 -0.125638902 0.173519790 -0.011812937 -0.045165848 -0.018789981 0.024482129 0.998502731
1341845848.567958 -0.124742247 0.175067022 -0.013280128 -0.043778516 -0.020429386 0.025060287 0.998517990
1341845848.603657 -0.123112418 0.172589138 -0.015549554 -0.043965802 -0.019729106 0.023735531 0.998556197
1341845848.635797 -0.129878700 0.162848338 -0.016183600 -0.045634568 -0.019558225 0.024390133 0.998468876
1341845848.671815 -0.127528340 0.151623026 -0.014603838 -0.044940636 -0.021253072 0.025495153 0.998438120
1341845848.703677 -0.125019953 0.145783812 -0.014608750 -0.039833892 -0.020507656 0.025355956 0.998674095
1341845848.735781 -0.125541702 0.138713658 -0.015273049 -0.036736827 -0.019175690 0.028046200 0.998747289
1341845848.771647 -0.125883058 0.136190623 -0.014890781 -0.034524329 -0.019127322 0.030919522 0.998742342
1341845848.803783 -0.117574200 0.135035977 -0.019665103 -0.032244649 -0.018664839 0.031711899 0.998802483
1341845848.839757 -0.119074650 0.144579619 -0.024336692 -0.032031290 -0.015183894 0.029094972 0.998947978
1341845848.871829 -0.117732808 0.138653025 -0.014858546 -0.037528582 -0.012784996 0.026842751 0.998853207
1341845848.903622 -0.108141482 0.112475321 -0.008929873 -0.038648289 -0.010008750 0.027740879 0.998817623
1341845848.940608 -0.103113316 0.108053066 -0.000782138 -0.029299570 -0.004483183 0.031486534 0.999064624
1341845848.972843 -0.114786655 0.122075759 0.000507001 -0.021925436 0.001008806 0.034287784 0.999170959
1341845849.008613 -0.111022100 0.121968113 0.003185620 -0.020415621 0.002690069 0.032088190 0.999272943
1341845849.072005 -0.117615923 0.124095187 0.017014265 -0.017050661 0.008117164 0.031064451 0.999339044
1341845849.133777 -0.101973444 0.134067520 0.024698993 -0.017535761 0.012668096 0.024322325 0.999470115
1341845849.165908 -0.111876234 0.126409188 0.037539516 -0.018827699 0.018099684 0.025684291 0.999328971
1341845849.201651 -0.115663126 0.124286704 0.043221574 -0.016718201 0.018612573 0.027582390 0.999306440
1341845849.233648 -0.108866274 0.130013809 0.047275316 -0.015217801 0.018830093 0.026911849 0.999344647
1341845849.265690 -0.110250816 0.134307414 0.056806583 -0.016568972 0.021387136 0.025744786 0.999302387
1341845849.301701 -0.118426286 0.133436829 0.066381253 -0.018695833 0.022203641 0.024976389 0.999266565
1341845849.333730 -0.117149219 0.133077160 0.073220357 -0.019613814 0.020084659 0.024736486 0.999299824
1341845849.369727 -0.118737623 0.136980355 0.082634501 -0.020325202 0.019625820 0.024017559 0.999312282
1341845849.401811 -0.121362768 0.130753919 0.091453187 -0.021107908 0.019105032 0.023629881 0.999315381
1341845849.433692 -0.116747119 0.134328395 0.098536529 -0.019338319 0.018826000 0.023687379 0.999355078
1341845849.469648 -0.124678791 0.136809766 0.109602720 -0.020234870 0.019958716 0.023522936 0.999319196
1341845849.501641 -0.119676135 0.134836406 0.118806623 -0.021095576 0.018209832 0.023965254 0.999324381
1341845849.533689 -0.118923686 0.136764705 0.129439801 -0.020155199 0.019380227 0.023197435 0.999339879
1341845849.569780 -0.124350354 0.140588894 0.135290563 -0.021346262 0.020439323 0.022742668 0.999304473
1341845849.601759 -0.120331675 0.136164024 0.147989914 -0.023820857 0.020388152 0.022146462 0.999262989
1341845849.637837 -0.119183093 0.135680243 0.157515541 -0.022609156 0.022660589 0.021905683 0.999247551
1341845849.669719 -0.121325903 0.139629975 0.166891307 -0.021829478 0.024692379 0.021959189 0.999215484
1341845849.701927 -0.121755593 0.139778033 0.176668182 -0.022190407 0.026575312 0.020917624 0.999181628
1341845849.737804 -0.123766184 0.139833778 0.187696755 -0.022252973 0.029953616 0.019559029 0.999112189
1341845849.769688 -0.130026966 0.137734011 0.197342053 -0.022928333 0.031441830 0.021105897 0.999019682
1341845849.805874 -0.130269244 0.137935191 0.210252926 -0.022994280 0.029303377 0.021865929 0.999066830
1341845849.838002 -0.126164839 0.141921759 0.212179437 -0.022646526 0.028531330 0.020068206 0.999134839
1341845849.873756 -0.128382668 0.145928249 0.223182425 -0.024879351 0.030596510 0.017458618 0.999069631
1341845849.905773 -0.130839497 0.137292624 0.235324606 -0.027168749 0.030201947 0.017663809 0.999018431
1341845849.942380 -0.125588566 0.134504825 0.235320300 -0.025902271 0.030328795 0.017334264 0.999054015
1341845849.969808 -0.128785461 0.146427244 0.248262405 -0.024692750 0.033950817 0.016200023 0.998987138
1341845850.006040 -0.136400759 0.142264396 0.257156402 -0.026485739 0.034873456 0.014595380 0.998934090
1341845850.038041 -0.132946238 0.140555069 0.265041023 -0.027100066 0.033621922 0.012948472 0.998983264
1341845850.073843 -0.131261036 0.137696117 0.273911774 -0.025942922 0.033983510 0.011541186 0.999018967
1341845850.137727 -0.141741753 0.143868983 0.289271086 -0.027238077 0.033538092 0.009502002 0.999021053
1341845850.173748 -0.138508350 0.142149746 0.299500793 -0.029267259 0.030300565 0.006576126 0.999090672
1341845850.205888 -0.136471301 0.141824499 0.306632549 -0.029762585 0.028725613 0.007203876 0.999118209
1341845850.242190 -0.139143020 0.142886326 0.313438207 -0.029983882 0.027786462 0.007701213 0.999134481
1341845850.276369 -0.137947053 0.142629191 0.323703796 -0.030780293 0.025706820 0.006757536 0.999172747
1341845850.311979 -0.138839111 0.142811388 0.329814851 -0.031705450 0.024860868 0.005286342 0.999174058
1341845850.343827 -0.137959614 0.148676902 0.337997258 -0.033086020 0.023137202 0.004686838 0.999173701
1341845850.380151 -0.138761654 0.140309483 0.347965896 -0.035459112 0.023178112 0.002862704 0.999098241
1341845850.412359 -0.135158941 0.139090851 0.353961915 -0.034381084 0.023622513 0.003372103 0.999123931
1341845850.447279 -0.135346293 0.140397549 0.362212211 -0.034068707 0.025157016 0.005434927 0.999088109
1341845850.511722 -0.127842009 0.137961030 0.376337707 -0.030059334 0.027091768 0.010935502 0.999121130
1341845850.573894 -0.129597366 0.135384783 0.389103830 -0.028538432 0.029717056 0.012091086 0.999077737
1341845850.609794 -0.127139002 0.137950957 0.392784655 -0.026298067 0.029617609 0.012248373 0.999140263
1341845850.641744 -0.128736481 0.136021510 0.399541944 -0.026851067 0.029039975 0.011131150 0.999155521
1341845850.673755 -0.124648988 0.136226609 0.404976487 -0.024835825 0.028595300 0.009103415 0.999241054
1341845850.709784 -0.125991300 0.136951596 0.411189020 -0.024342239 0.030624053 0.008281573 0.999200225
1341845850.741802 -0.131668836 0.134509459 0.417870849 -0.023884837 0.030617245 0.009792310 0.999197781
1341845850.777740 -0.123712294 0.136181816 0.421640068 -0.023531301 0.028226396 0.010122301 0.999273360
1341845850.841900 -0.128232449 0.141175374 0.433665067 -0.022696776 0.029300885 0.009334297 0.999269366
1341845850.877766 -0.124262281 0.138484925 0.440356821 -0.024378728 0.028052658 0.009015594 0.999268472
1341845850.909781 -0.122280188 0.142746150 0.447996199 -0.024009325 0.028804163 0.008462826 0.999260843
1341845850.941758 -0.123645797 0.142616838 0.454618573 -0.025482332 0.029689057 0.009365367 0.999190509
1341845850.977762 -0.124593727 0.140169740 0.461358517 -0.026354434 0.028918752 0.012021317 0.999161959
1341845851.009834 -0.120596640 0.145196289 0.466260523 -0.025593214 0.027458828 0.014623974 0.999188304
1341845851.045751 -0.119395740 0.147538885 0.473821938 -0.026746973 0.028037252 0.015381255 0.999130666
1341845851.077894 -0.119262181 0.142439157 0.480830014 -0.026724491 0.028554674 0.018228324 0.999068677
1341845851.109747 -0.121766478 0.150699347 0.484325409 -0.024852354 0.028547114 0.018648522 0.999109507
1341845851.145889 -0.121611089 0.155523106 0.489129573 -0.026963679 0.027039237 0.016121037 0.999140620
1341845851.177904 -0.113652878 0.153046370 0.496553838 -0.029398942 0.026810382 0.012977844 0.999123931
1341845851.209882 -0.125379831 0.157007501 0.501005888 -0.030500814 0.029145623 0.011897907 0.999038935
1341845851.251733 -0.124574110 0.151786044 0.509405375 -0.033942949 0.025427021 0.010921766 0.999040604
1341845851.313813 -0.120550774 0.154826865 0.518017352 -0.030268814 0.027859000 0.010548025 0.999097824
1341845851.345834 -0.125535861 0.150323838 0.523204982 -0.030248916 0.026250446 0.013789468 0.999102473
1341845851.377718 -0.120608084 0.155384272 0.527203739 -0.026970955 0.023025574 0.016467975 0.999235332
1341845851.413805 -0.120974630 0.163048878 0.528045297 -0.026718365 0.022703338 0.015244883 0.999268949
1341845851.445896 -0.129022598 0.160816222 0.535851300 -0.030285368 0.021726698 0.013586543 0.999212801
1341845851.478163 -0.125268519 0.161693186 0.540284932 -0.030398715 0.017510410 0.014166286 0.999284089
1341845851.514640 -0.118985929 0.167208150 0.542241037 -0.031337265 0.016617488 0.014587977 0.999264300
1341845851.546201 -0.123216316 0.167837337 0.545230865 -0.034036346 0.018162811 0.015224932 0.999139607
1341845851.581975 -0.118289486 0.163096547 0.551953316 -0.035167571 0.017580858 0.019036790 0.999045432
1341845851.616214 -0.119491138 0.167876646 0.551787853 -0.031438503 0.018969236 0.024060974 0.999035954
1341845851.681977 -0.117095776 0.164511859 0.561449766 -0.033489618 0.016478434 0.025682649 0.998973131
1341845851.714139 -0.118554421 0.170510888 0.563490510 -0.031014668 0.017646877 0.026059076 0.999023318
1341845851.745927 -0.122868411 0.171522453 0.568247855 -0.031618964 0.016066322 0.027737558 0.998985887
1341845851.781911 -0.114172980 0.168135166 0.570880294 -0.033097554 0.012790401 0.025894903 0.999034762
1341845851.813848 -0.112110101 0.170862094 0.572574914 -0.031543482 0.014437527 0.023339629 0.999125540
1341845851.849910 -0.114861734 0.167657286 0.575661063 -0.032451186 0.014816986 0.022071311 0.999119818
1341845851.881832 -0.106571786 0.159322768 0.575254619 -0.030540880 0.012848362 0.021771256 0.999213815
1341845851.913735 -0.105745673 0.167349741 0.569972813 -0.025775312 0.015793400 0.018404834 0.999373555
1341845851.949904 -0.107675791 0.164693236 0.575197339 -0.028137412 0.017330764 0.014871431 0.999343216
1341845851.982005 -0.100502104 0.157988235 0.570823908 -0.026504505 0.017234998 0.012288119 0.999424577
1341845852.017909 -0.098670639 0.163104206 0.570342183 -0.024903152 0.019555038 0.011412494 0.999433517
1341845852.050012 -0.093869008 0.161160335 0.565940857 -0.025705175 0.021133894 0.009956286 0.999396622
1341845852.082035 -0.095129199 0.159185067 0.563442051 -0.026203534 0.025237281 0.008333274 0.999303281
1341845852.121076 -0.093036607 0.164129049 0.559434354 -0.024347249 0.027799686 0.009100187 0.999275565
1341845852.163838 -0.087906234 0.160813540 0.557184935 -0.025748875 0.030583469 0.009912346 0.999151349
1341845852.190660 -0.093618304 0.161102429 0.553757846 -0.024420038 0.034315392 0.011634080 0.999045014
1341845852.223981 -0.095221154 0.157859266 0.550772369 -0.025342735 0.034777913 0.012792703 0.998991847
1341845852.286726 -0.099787124 0.162637427 0.543147802 -0.023148503 0.034754734 0.013482183 0.999036849
1341845852.349834 -0.097602434 0.156566203 0.532524705 -0.025964439 0.031015297 0.016298279 0.999048769
1341845852.385657 -0.106610581 0.156066954 0.529138744 -0.025513563 0.030934842 0.018787416 0.999019086
1341845852.417731 -0.101168461 0.158500716 0.520302653 -0.026751848 0.026610043 0.019127810 0.999104857
1341845852.449741 -0.099041089 0.151977420 0.515722215 -0.028625023 0.026408732 0.017612888 0.999086142
1341845852.485861 -0.108552389 0.157162160 0.507196963 -0.028232407 0.026676569 0.015311257 0.999128044
1341845852.517876 -0.109086938 0.153041139 0.501865745 -0.031665359 0.023909539 0.014355714 0.999109447
1341845852.553887 -0.109632872 0.147081226 0.496522993 -0.030848382 0.022470238 0.017128643 0.999124646
1341845852.617891 -0.117266104 0.152279526 0.480650514 -0.031207027 0.019427629 0.018054208 0.999161005
1341845852.653840 -0.113564722 0.155019090 0.472757071 -0.030579029 0.017741816 0.017110873 0.999228418
1341845852.685926 -0.120520212 0.154548764 0.465612620 -0.031559061 0.019092990 0.015930573 0.999192595
1341845852.717821 -0.124003947 0.152509063 0.456796259 -0.032400064 0.017492255 0.020017972 0.999121428
1341845852.753958 -0.118712202 0.155673876 0.445728272 -0.031146532 0.016689425 0.021502784 0.999144137
1341845852.785766 -0.124529481 0.157559350 0.438710481 -0.032800775 0.020175397 0.021985823 0.999016404
1341845852.822784 -0.129611969 0.152550429 0.429995537 -0.033388335 0.020109506 0.023584405 0.998961747
1341845852.885924 -0.127227187 0.155235827 0.411826104 -0.033714671 0.021807203 0.022506772 0.998940110
1341845852.921581 -0.132317320 0.157565400 0.405048519 -0.032815047 0.022695329 0.022575919 0.998948693
1341845852.953977 -0.128657088 0.150648415 0.398267269 -0.032702342 0.023646357 0.021483684 0.998954475
1341845852.989721 -0.136020154 0.161440611 0.388634980 -0.028534204 0.026534807 0.020654650 0.999027073
1341845853.021716 -0.144155562 0.161855608 0.381698132 -0.032812104 0.024254084 0.018208632 0.999001324
1341845853.053750 -0.141501680 0.158289507 0.375896275 -0.032668747 0.021852724 0.017551092 0.999073207
1341845853.089814 -0.147017807 0.167719498 0.365275174 -0.031796575 0.022139786 0.016786641 0.999108136
1341845853.121864 -0.150804654 0.159657001 0.360362887 -0.035695259 0.021255823 0.015495283 0.999016583
1341845853.159690 -0.147569120 0.156479076 0.354221523 -0.034001987 0.020602316 0.017294928 0.999059737
1341845853.159690 -0.147565752 0.155254439 0.353684187 -0.034188557 0.020507565 0.017174793 0.999057412
1341845853.195824 -0.151899323 0.161373928 0.344586998 -0.031309824 0.020781081 0.018052505 0.999130666
1341845853.227731 -0.152039140 0.162073925 0.335893661 -0.032224480 0.019578094 0.017768234 0.999130905
1341845853.263703 -0.151350245 0.156482622 0.330129772 -0.031690083 0.020261036 0.017054418 0.999146879
1341845853.296490 -0.157742813 0.155995473 0.318920076 -0.029224802 0.022052461 0.017193504 0.999181747
1341845853.327753 -0.163512185 0.158103228 0.309434772 -0.028154133 0.020813756 0.017827379 0.999227881
1341845853.363891 -0.157585502 0.154364243 0.301707864 -0.027675724 0.019241350 0.017623683 0.999276400
1341845853.395726 -0.158761367 0.158095181 0.292544216 -0.025213765 0.021508474 0.016412424 0.999315977
1341845853.463774 -0.169344291 0.154191867 0.275060564 -0.025810288 0.020614278 0.016205335 0.999322951
1341845853.525799 -0.176531002 0.159408957 0.259613067 -0.026935877 0.021321185 0.013679266 0.999316216
1341845853.557770 -0.176567957 0.155223444 0.249023244 -0.026847670 0.018912861 0.014371102 0.999357343
1341845853.589705 -0.176725671 0.157917500 0.239372313 -0.025811950 0.018790895 0.014840487 0.999380052
1341845853.625908 -0.183189094 0.161042333 0.231519625 -0.025616681 0.018933920 0.014793155 0.999383092
1341845853.657783 -0.181987360 0.157122314 0.222219244 -0.026471267 0.017365506 0.016225101 0.999367118
1341845853.689930 -0.179901630 0.157434046 0.212595120 -0.024308052 0.018087542 0.017584180 0.999386251
1341845853.725779 -0.186792880 0.162990704 0.202960268 -0.022949977 0.019928804 0.017499708 0.999384820
1341845853.757962 -0.187853798 0.158330709 0.195067525 -0.023457572 0.020129945 0.019731095 0.999327421
1341845853.793750 -0.190328419 0.159844428 0.186761543 -0.020960569 0.020578517 0.021725627 0.999332368
1341845853.825783 -0.193295255 0.164746404 0.175173596 -0.020564066 0.020842565 0.020860383 0.999353647
1341845853.857700 -0.200718403 0.162433267 0.169788077 -0.021131055 0.020772770 0.019720897 0.999366343
1341845853.893805 -0.201893985 0.162728280 0.161435381 -0.020115627 0.018481685 0.019029338 0.999445736
1341845853.925836 -0.197345242 0.173230499 0.150644615 -0.020466624 0.017181721 0.014991728 0.999530494
1341845853.957735 -0.201333210 0.162651867 0.146668062 -0.024120051 0.019006548 0.010755442 0.999470532
1341845853.993852 -0.207834974 0.160412163 0.142085299 -0.022117518 0.019420870 0.013938131 0.999469578
1341845854.025830 -0.205946669 0.166210175 0.133301511 -0.019767346 0.017533895 0.015292377 0.999533892
1341845854.061903 -0.201137602 0.179849029 0.124211647 -0.020975031 0.018336345 0.011494024 0.999545753
1341845854.093760 -0.212956622 0.167735711 0.123755202 -0.023937643 0.020695867 0.008897006 0.999459684
1341845854.125736 -0.219175085 0.170936391 0.118755266 -0.021601556 0.018075081 0.009945045 0.999553859
1341845854.161837 -0.209430471 0.180926099 0.108712897 -0.021191746 0.014184478 0.009043522 0.999633908
1341845854.193844 -0.206254661 0.185521945 0.100440688 -0.023651833 0.016122267 0.006588615 0.999568582
1341845854.229884 -0.217384994 0.180962771 0.099133544 -0.026098741 0.018082598 0.008566326 0.999459088
1341845854.261692 -0.215516940 0.184361309 0.091207281 -0.025685882 0.015472303 0.013295266 0.999461889
1341845854.293781 -0.212851420 0.187761188 0.087526537 -0.025732925 0.015507087 0.015775895 0.999424100
1341845854.330249 -0.215242252 0.193156749 0.081024222 -0.026799245 0.017643435 0.016159518 0.999354482
1341845854.361687 -0.219707906 0.189937234 0.076070867 -0.030417832 0.017960636 0.016718248 0.999236107
1341845854.393726 -0.218447998 0.184533551 0.075478964 -0.030505814 0.016730810 0.019403007 0.999206245
1341845854.429762 -0.212908208 0.193376437 0.064463437 -0.028976861 0.018491892 0.018331278 0.999240935
1341845854.462072 -0.217037380 0.186589018 0.063135967 -0.031675864 0.021656649 0.018308798 0.999095857
1341845854.497796 -0.221962348 0.177766889 0.064509183 -0.029481137 0.022765530 0.021945078 0.999065101
1341845854.529719 -0.217206717 0.186422125 0.054089755 -0.025753010 0.022530675 0.022743018 0.999155581
1341845854.561884 -0.222977564 0.188316762 0.052709196 -0.027533535 0.024526052 0.019517148 0.999129355
1341845854.597860 -0.229153529 0.183109507 0.052891996 -0.028866231 0.023930935 0.015772760 0.999172390
1341845854.629736 -0.225549445 0.184684038 0.051139787 -0.028599704 0.021456013 0.012206116 0.999286115
1341845854.662835 -0.222879782 0.182624042 0.047415659 -0.029352583 0.020914739 0.010796110 0.999292016
1341845854.697815 -0.223732904 0.177014083 0.049211480 -0.028963661 0.021007402 0.011501900 0.999293506
1341845854.729806 -0.224785879 0.174726799 0.043935005 -0.026452553 0.020540860 0.012540372 0.999360323
1341845854.765688 -0.219731092 0.179210201 0.038118422 -0.024335006 0.018780869 0.011178462 0.999464989
1341845854.797997 -0.219721720 0.180927977 0.031888232 -0.024405017 0.020083055 0.008830406 0.999461472
1341845854.829779 -0.225822493 0.177905008 0.029333619 -0.024685623 0.020264806 0.007932033 0.999458432
1341845854.865670 -0.223931342 0.177415922 0.022482540 -0.024209009 0.017814189 0.005755463 0.999531686
1341845854.897712 -0.217113256 0.183296561 0.010647983 -0.024773799 0.018167930 0.002712177 0.999524355
1341845854.930302 -0.218802661 0.173855990 0.012567393 -0.027638070 0.020207832 0.004134795 0.999405205
1341845854.965801 -0.223793000 0.176343322 0.003627932 -0.026596965 0.020494681 0.006133782 0.999417365
1341845854.997629 -0.218908817 0.180739343 -0.005415521 -0.026610099 0.019406749 0.006545251 0.999436140
1341845855.033841 -0.217959061 0.179540500 -0.007105955 -0.027900347 0.021543477 0.007620238 0.999349475
1341845855.065777 -0.230775997 0.177433014 -0.010348873 -0.027642321 0.022708183 0.010888466 0.999300659
1341845855.097795 -0.230208263 0.182750478 -0.023330763 -0.027638547 0.017865865 0.013709142 0.999364316
1341845855.133841 -0.225457311 0.183356240 -0.027499339 -0.029279711 0.015712950 0.012365621 0.999371231
1341845855.165831 -0.232992753 0.181008801 -0.035387006 -0.030830244 0.016056674 0.011197329 0.999332964
1341845855.201780 -0.239346027 0.181436047 -0.037697367 -0.031560071 0.012102726 0.012311359 0.999352753
1341845855.233747 -0.233324870 0.182954222 -0.040508278 -0.032140184 0.007609159 0.011185954 0.999391854
1341845855.265823 -0.229890868 0.177975640 -0.041480899 -0.032683726 0.007341745 0.011038668 0.999377847
1341845855.301716 -0.236964926 0.173781797 -0.046300083 -0.030828120 0.008177497 0.013446235 0.999400795
1341845855.333726 -0.241218835 0.173424557 -0.051042438 -0.028324593 0.006896653 0.017270580 0.999425828
1341845855.365773 -0.238979071 0.179050624 -0.058976084 -0.026760103 0.004747328 0.020331224 0.999423862
1341845855.401892 -0.238166034 0.176548496 -0.062390700 -0.027261443 0.005230790 0.020677058 0.999400854
1341845855.433652 -0.244509086 0.171203047 -0.067389868 -0.026042880 0.006027602 0.023023643 0.999377489
1341845855.469817 -0.243942276 0.172278583 -0.070918344 -0.024503065 0.003299728 0.025705237 0.999363840
1341845855.502750 -0.243794218 0.175342962 -0.074833877 -0.023794236 0.001625635 0.025342457 0.999394298
1341845855.533846 -0.242837414 0.176937461 -0.080489002 -0.022860246 0.002490846 0.021525847 0.999503851
1341845855.569986 -0.248381361 0.173533738 -0.081144616 -0.023505077 0.003192049 0.019244254 0.999533415
1341845855.601707 -0.244876787 0.162246451 -0.083793528 -0.023270989 0.000600676 0.020761764 0.999513447
1341845855.633953 -0.248415783 0.166109070 -0.091540396 -0.020124644 -0.000237027 0.018096849 0.999633729
1341845855.669628 -0.252431035 0.174254879 -0.100291677 -0.020157250 0.000373186 0.014881616 0.999686062
1341845855.701786 -0.256657273 0.166962624 -0.093755774 -0.022769246 -0.001226393 0.013313899 0.999651432
1341845855.737762 -0.256713003 0.163858086 -0.093687370 -0.021003548 -0.003121557 0.013395105 0.999684811
1341845855.769674 -0.259191394 0.170077384 -0.099786378 -0.019459678 -0.004986559 0.014992524 0.999685824
1341845855.802152 -0.258220941 0.172462299 -0.102650270 -0.019996131 -0.006973191 0.013315086 0.999687135
1341845855.837801 -0.254833847 0.165757582 -0.101929851 -0.021060860 -0.007480642 0.012482206 0.999672294
1341845855.869788 -0.254377306 0.164892867 -0.106058463 -0.019629419 -0.007328568 0.012220255 0.999705791
1341845855.901958 -0.255736649 0.167796195 -0.110492587 -0.019196820 -0.007168248 0.013096975 0.999704242
1341845855.937711 -0.252996266 0.164469406 -0.115147233 -0.019484604 -0.007349479 0.013102799 0.999697328
1341845855.969840 -0.253132075 0.165091038 -0.118586548 -0.018560113 -0.005835927 0.012529719 0.999732256
1341845856.038077 -0.251593798 0.163823962 -0.123754166 -0.018545335 -0.004790432 0.016393354 0.999682128
1341845856.069815 -0.252866805 0.169715449 -0.130330473 -0.016662864 -0.003754441 0.018702526 0.999679267
1341845856.105773 -0.254785866 0.179018453 -0.135797814 -0.018565858 -0.003471931 0.020313626 0.999615312
1341845856.137725 -0.251587689 0.173107013 -0.135620445 -0.022143723 -0.004894957 0.022373429 0.999492526
1341845856.169966 -0.246861875 0.180158839 -0.142286807 -0.023218967 -0.004952298 0.021865286 0.999479055
1341845856.205833 -0.251561075 0.181197256 -0.138946861 -0.026858291 -0.002783742 0.021854738 0.999396443
1341845856.237587 -0.251872987 0.174848497 -0.143913716 -0.028671952 -0.003660727 0.024239296 0.999288321
1341845856.273683 -0.247338548 0.181276381 -0.148967996 -0.028659947 -0.004146005 0.024169777 0.999288380
1341845856.305723 -0.247511908 0.180020183 -0.152485982 -0.029557960 -0.002703480 0.024652397 0.999255419
1341845856.337653 -0.252440572 0.180726334 -0.153167874 -0.030032000 -0.001921960 0.025623871 0.999218643
1341845856.373714 -0.253863394 0.176073343 -0.153661832 -0.029640717 -0.002986619 0.027558174 0.999176264
1341845856.405678 -0.253412306 0.181818217 -0.162427366 -0.027935067 -0.003820927 0.027907426 0.999212861
1341845856.441799 -0.252609760 0.184701607 -0.160885617 -0.028920405 -0.004025283 0.025531664 0.999247491
1341845856.473680 -0.255238920 0.176734239 -0.165367782 -0.030552361 -0.004542012 0.024358381 0.999226034
1341845856.505768 -0.256832719 0.183675513 -0.166415781 -0.029159585 -0.005988676 0.022603583 0.999301255
1341845856.541718 -0.252507955 0.189053610 -0.168420598 -0.030292515 -0.005252394 0.021469368 0.999296725
1341845856.573678 -0.256269425 0.178670615 -0.164132729 -0.032650054 -0.003691532 0.022381734 0.999209464
1341845856.605758 -0.257628798 0.179161236 -0.169867724 -0.031169290 -0.005001012 0.024975676 0.999189496
1341845856.641782 -0.249386072 0.178485513 -0.168789998 -0.030362308 -0.005548851 0.025825072 0.999189854
1341845856.673977 -0.251841486 0.189328864 -0.170307189 -0.028329350 -0.002670253 0.024332378 0.999298930
1341845856.709876 -0.258428514 0.182127759 -0.171185285 -0.031542983 -0.002070640 0.025540654 0.999173939
1341845856.741736 -0.253186136 0.173160195 -0.167078912 -0.030232720 -0.004672121 0.028870288 0.999114990
1341845856.773960 -0.248687819 0.188123956 -0.177912354 -0.026590722 -0.003611517 0.027540538 0.999260426
1341845856.809797 -0.257394433 0.188545465 -0.179590210 -0.030338887 -0.001438477 0.025869127 0.999203801
1341845856.841746 -0.257673591 0.184213459 -0.177897766 -0.031734452 -0.003254532 0.025143636 0.999174714
1341845856.873762 -0.254538924 0.190811053 -0.182595626 -0.031540118 -0.003329802 0.024795922 0.999189317
1341845856.915904 -0.255871177 0.193138510 -0.181928113 -0.033673629 -0.002125175 0.024216671 0.999137282
1341845856.977900 -0.252776563 0.189424530 -0.180326968 -0.037074365 -0.001696105 0.025397167 0.998988330
1341845857.009735 -0.252908349 0.186544240 -0.185638890 -0.036898408 -0.001679576 0.028647408 0.998906970
1341845857.041737 -0.247633874 0.187976271 -0.186475009 -0.035400048 -0.001745018 0.030686554 0.998900473
1341845857.077896 -0.250488847 0.192020372 -0.189744398 -0.034135070 -0.000243816 0.030784205 0.998943031
1341845857.109633 -0.252054751 0.195104003 -0.195723236 -0.034901928 -0.000153796 0.029032400 0.998969018
1341845857.141583 -0.247157022 0.192916825 -0.197712228 -0.036609888 -0.000642160 0.026863860 0.998968363
1341845857.178255 -0.242587119 0.188651845 -0.204228103 -0.036988538 0.000896606 0.023904877 0.999029398
1341845857.209846 -0.248769760 0.190709144 -0.209522381 -0.037540268 0.003424405 0.021043770 0.999067664
1341845857.245767 -0.245394871 0.180786401 -0.208946615 -0.039389428 0.002148232 0.021293249 0.998994768
1341845857.277737 -0.242111966 0.187077269 -0.210534170 -0.036848146 0.002505458 0.019844180 0.999120772
1341845857.309994 -0.245955274 0.185475111 -0.218567461 -0.035937510 0.004110669 0.018743597 0.999169827
1341845857.345862 -0.247250572 0.190195903 -0.222300693 -0.035992045 0.004171264 0.018336138 0.999175191
1341845857.377787 -0.245453879 0.179721951 -0.221819207 -0.036922824 0.003850800 0.018495426 0.999139547
1341845857.413693 -0.250359535 0.187321275 -0.228318080 -0.034854125 0.004122567 0.017647091 0.999228179
1341845857.445790 -0.250834495 0.186939597 -0.231546819 -0.037260421 0.002903227 0.018486338 0.999130428
1341845857.477853 -0.248456687 0.180906817 -0.228657827 -0.038076282 0.001587558 0.018818052 0.999096453
1341845857.513902 -0.246617720 0.188048184 -0.234865144 -0.036220238 0.002468630 0.017022133 0.999195814
1341845857.545992 -0.244358242 0.177749962 -0.232176960 -0.038595214 0.002623602 0.017768949 0.999093533
1341845857.613882 -0.234887049 0.175026029 -0.233361408 -0.035054587 0.004175442 0.018852489 0.999198854
1341845857.646056 -0.235652596 0.178160861 -0.237049341 -0.032917321 0.006818992 0.019890519 0.999236941
1341845857.681834 -0.228841752 0.174726680 -0.238227665 -0.032353587 0.008086364 0.022402175 0.999192715
1341845857.713765 -0.222550914 0.170888022 -0.239423662 -0.030321185 0.011409649 0.021112129 0.999252141
1341845857.745825 -0.225919455 0.168740377 -0.244224861 -0.028169289 0.015481312 0.021949572 0.999242306
1341845857.781799 -0.224411249 0.171680138 -0.249795467 -0.026679464 0.016014345 0.022640307 0.999259353
1341845857.813817 -0.217064366 0.171012416 -0.256153554 -0.027026176 0.016640060 0.021479085 0.999265432
1341845857.846046 -0.218482316 0.168328822 -0.255750656 -0.027369656 0.019219313 0.021318525 0.999213219
1341845857.881939 -0.222765416 0.175059080 -0.263668835 -0.027610542 0.020245198 0.020853186 0.999196231
1341845857.913666 -0.219184056 0.179477647 -0.265321553 -0.031535074 0.019455530 0.019506240 0.999122977
1341845857.949845 -0.222572356 0.173609242 -0.267362028 -0.035820361 0.018213695 0.017318895 0.999042153
1341845857.982166 -0.221173018 0.174101964 -0.272231519 -0.037834436 0.015694330 0.017291838 0.999011219
1341845858.013803 -0.217720658 0.172794402 -0.273628652 -0.039725721 0.012866692 0.018364128 0.998959064
1341845858.050247 -0.216362596 0.174757197 -0.279874891 -0.040017560 0.011227109 0.019852029 0.998938680
1341845858.081715 -0.218681604 0.186758250 -0.287054241 -0.041930415 0.010981721 0.018197875 0.998894453
1341845858.113782 -0.215774223 0.180042803 -0.283546239 -0.047273006 0.008808736 0.019133165 0.998659968
1341845858.149725 -0.216964543 0.187373474 -0.285630196 -0.049094591 0.008077891 0.018930458 0.998582065
1341845858.181831 -0.214619413 0.179741248 -0.283028275 -0.052960556 0.007082513 0.020648289 0.998358011
1341845858.217730 -0.214759082 0.177788734 -0.289678991 -0.053531338 0.004605430 0.022692734 0.998297691
1341845858.281842 -0.211899534 0.182067707 -0.289502472 -0.056352172 0.004951026 0.017835790 0.998239398
1341845858.317768 -0.214757979 0.176103830 -0.293862551 -0.056739997 0.002896941 0.018860539 0.998206675
1341845858.349904 -0.208451599 0.182275683 -0.297823220 -0.055542529 -0.000223793 0.018089714 0.998292446
1341845858.381855 -0.201231614 0.183589160 -0.296862096 -0.055823382 -0.000231518 0.015861554 0.998314679
1341845858.417827 -0.210032851 0.177131444 -0.295643717 -0.056124397 0.002651627 0.015511157 0.998299778
1341845858.449872 -0.214552626 0.179454789 -0.298518091 -0.053539012 0.001866523 0.015749233 0.998439848
1341845858.485842 -0.208880991 0.182440609 -0.303564727 -0.053308316 0.000002339 0.014748883 0.998469174
1341845858.517682 -0.207663327 0.177894175 -0.303912282 -0.053979777 -0.000482789 0.012748197 0.998460591
1341845858.549803 -0.211704746 0.174575642 -0.304583907 -0.053504802 -0.000729144 0.011637686 0.998499513
1341845858.585823 -0.208955884 0.178068325 -0.306530654 -0.052395683 -0.002346452 0.012004080 0.998551548
1341845858.618138 -0.204057634 0.185776398 -0.311721832 -0.052691374 -0.002198935 0.008882737 0.998568952
1341845858.654134 -0.205977723 0.175772041 -0.310510606 -0.055349220 -0.000861450 0.009016030 0.998426020
1341845858.685756 -0.209071368 0.176185206 -0.311711550 -0.055184700 -0.001985201 0.011377018 0.998409390
1341845858.717690 -0.201887652 0.179000825 -0.313335449 -0.054663725 -0.002413777 0.010711711 0.998444498
1341845858.753674 -0.201987609 0.188526347 -0.323349327 -0.055183001 0.000384325 0.009158388 0.998434186
1341845858.785618 -0.207457706 0.180045828 -0.316964835 -0.059302513 0.001766860 0.009440370 0.998193920
1341845858.817756 -0.203038231 0.171362922 -0.314123005 -0.059379421 0.000223673 0.011548398 0.998168707
1341845858.853864 -0.200297222 0.179973856 -0.326227635 -0.056765255 0.001049306 0.011391111 0.998322070
1341845858.885702 -0.201231360 0.181032598 -0.326570809 -0.058607679 0.002670406 0.009037546 0.998236597
1341845858.922000 -0.197849736 0.172793284 -0.321408391 -0.060765583 0.001991402 0.008679224 0.998112381
1341845858.954158 -0.198484272 0.173586980 -0.322339267 -0.059092477 0.002443320 0.007081333 0.998224437
1341845858.985944 -0.193025798 0.178164020 -0.329374045 -0.058637705 0.003759360 0.006317097 0.998252332
1341845859.021830 -0.197948575 0.187926590 -0.333072037 -0.060590889 0.005726156 0.004402421 0.998136640
1341845859.053720 -0.197729632 0.176181316 -0.334807366 -0.064523175 0.005854943 0.004312071 0.997889757
1341845859.085862 -0.195695400 0.174719870 -0.338217080 -0.065214708 0.006416522 0.004675784 0.997839689
1341845859.121873 -0.191614360 0.179451182 -0.342126250 -0.066664398 0.006896224 0.004143364 0.997743070
1341845859.153800 -0.195888519 0.173404530 -0.340487629 -0.069359444 0.008520417 0.003454140 0.997549415
1341845859.189853 -0.188864768 0.172695398 -0.340166897 -0.069242731 0.007941810 0.003692289 0.997561395
1341845859.221654 -0.187787965 0.175968423 -0.341411829 -0.069251157 0.008663884 0.001893416 0.997559905
1341845859.253689 -0.189725593 0.178405613 -0.344540119 -0.070141621 0.010690686 -0.002963997 0.997475386
1341845859.289745 -0.191785499 0.174953043 -0.349506646 -0.072841279 0.012285886 -0.004928898 0.997255743
1341845859.321911 -0.194937378 0.165679902 -0.346061409 -0.074649774 0.013094049 -0.006930884 0.997099817
1341845859.353758 -0.182193547 0.166623026 -0.346406102 -0.073938295 0.012962827 -0.007712878 0.997148752
1341845859.389950 -0.181753233 0.166263908 -0.342930615 -0.073410161 0.015031040 -0.007877326 0.997157454
1341845859.421715 -0.180328786 0.166491970 -0.352091014 -0.072908670 0.016653286 -0.009928833 0.997150183
1341845859.457807 -0.179952994 0.164270759 -0.351032495 -0.073404826 0.019111035 -0.011514883 0.997052610
1341845859.489859 -0.181590632 0.163541049 -0.352716357 -0.073710307 0.020992072 -0.011879572 0.996987998
1341845859.521735 -0.182321340 0.157531574 -0.350665420 -0.074344553 0.022502413 -0.012420782 0.996901333
1341845859.557712 -0.179590717 0.156542450 -0.358149618 -0.072211355 0.023646105 -0.012327789 0.997032821
1341845859.589783 -0.175307304 0.163494185 -0.358745307 -0.071552634 0.025025355 -0.013385133 0.997033060
1341845859.625646 -0.175949290 0.154497162 -0.359612912 -0.072506726 0.027459877 -0.014234771 0.996888280
1341845859.657759 -0.170033768 0.153725073 -0.369092315 -0.071476080 0.030615715 -0.014591883 0.996865571
1341845859.689869 -0.179332718 0.154878214 -0.363462329 -0.071385682 0.034351785 -0.012813878 0.996774733
1341845859.725812 -0.180414140 0.146884739 -0.362079978 -0.069422089 0.034736857 -0.009699752 0.996935248
1341845859.757824 -0.167009637 0.153094247 -0.366220057 -0.066057764 0.035136718 -0.008797869 0.997158229
1341845859.789818 -0.173637390 0.146539152 -0.363459080 -0.065438107 0.038461555 -0.009128055 0.997073352
1341845859.825831 -0.174397960 0.143081963 -0.362355828 -0.062572807 0.038069781 -0.007972994 0.997282267
1341845859.857647 -0.174381971 0.147534028 -0.367851853 -0.058447622 0.037978292 -0.006780336 0.997544765
1341845859.893646 -0.171880856 0.153853282 -0.370612264 -0.057183653 0.038998004 -0.006943357 0.997577608
1341845859.925740 -0.171913028 0.156236663 -0.368106604 -0.057334870 0.039351199 -0.008756325 0.997540772
1341845859.957775 -0.175597593 0.146685645 -0.366421938 -0.057952415 0.038553506 -0.010014043 0.997524440
1341845859.993847 -0.173966199 0.144751444 -0.365938485 -0.054667614 0.036107130 -0.010956461 0.997791469
1341845860.025774 -0.174556926 0.148342460 -0.373563260 -0.052938364 0.035081211 -0.012239387 0.997906387
1341845860.057745 -0.182122156 0.149197727 -0.369267255 -0.051701996 0.031848390 -0.013403267 0.998064637
1341845860.093794 -0.175824583 0.150738344 -0.365343750 -0.050767902 0.026793899 -0.013939587 0.998253703
1341845860.125763 -0.173232213 0.147347778 -0.366973817 -0.048789766 0.024479782 -0.014735934 0.998400331
1341845860.161703 -0.177680686 0.151016280 -0.372039974 -0.047234740 0.021720212 -0.014730820 0.998539031
1341845860.193724 -0.181182206 0.142198265 -0.368597627 -0.046840422 0.016927451 -0.016610863 0.998620808
1341845860.225730 -0.175470576 0.140060142 -0.371567130 -0.043711536 0.012926611 -0.020074675 0.998758852
1341845860.261716 -0.176438183 0.145026743 -0.376663268 -0.041315112 0.010363579 -0.023002796 0.998827577
1341845860.294553 -0.184906811 0.136288255 -0.373136789 -0.039824408 0.006457156 -0.024558183 0.998883963
1341845860.325872 -0.179902121 0.140748635 -0.373062551 -0.035176627 0.000887316 -0.025944008 0.999043941
1341845860.361673 -0.178356051 0.139750183 -0.375248015 -0.034176625 -0.001477550 -0.027194081 0.999044657
1341845860.393714 -0.179628924 0.137192875 -0.374852896 -0.031548202 -0.004491707 -0.027239200 0.999120951
1341845860.429768 -0.181679383 0.145005509 -0.379624486 -0.030397452 -0.007886248 -0.028241228 0.999107778
1341845860.461780 -0.179679483 0.142315611 -0.377617389 -0.030954393 -0.011838589 -0.028865274 0.999033809
1341845860.493718 -0.177193359 0.141337037 -0.378367990 -0.030766182 -0.013894932 -0.028006203 0.999037564
1341845860.529831 -0.177279979 0.145239025 -0.380784452 -0.030406380 -0.016002757 -0.027153121 0.999040604
1341845860.567950 -0.173017234 0.148844019 -0.383022755 -0.031602778 -0.018158702 -0.027145866 0.998966813
1341845860.567950 -0.173432559 0.148389682 -0.383000702 -0.031603381 -0.018062711 -0.027119212 0.998969257
1341845860.604131 -0.170080528 0.145041794 -0.383361667 -0.034098681 -0.019215615 -0.028721180 0.998820901
1341845860.638227 -0.172658294 0.144394621 -0.380583376 -0.035436567 -0.019745739 -0.029060623 0.998754144
1341845860.668441 -0.174284473 0.142964140 -0.378853887 -0.035869662 -0.021693479 -0.027334381 0.998747051
1341845860.706028 -0.169797316 0.141642526 -0.380955994 -0.034964062 -0.023924209 -0.025053943 0.998788059
1341845860.736338 -0.172907889 0.149364695 -0.387700886 -0.034935944 -0.025026031 -0.023805331 0.998792529
1341845860.772400 -0.180610806 0.148714840 -0.384124070 -0.037107516 -0.027882801 -0.022511484 0.998668551
1341845860.803824 -0.172889069 0.151635975 -0.388120741 -0.037557270 -0.031566828 -0.023645621 0.998515904
1341845860.871717 -0.182151124 0.146644726 -0.385652602 -0.040700361 -0.034285579 -0.023499964 0.998306453
1341845860.929775 -0.176296711 0.154421479 -0.386666358 -0.040154759 -0.037167612 -0.026415352 0.998152554
1341845860.965899 -0.178508595 0.148532525 -0.382199049 -0.041154176 -0.038120028 -0.027300071 0.998052120
1341845860.997827 -0.178699672 0.145550638 -0.381948084 -0.040249769 -0.039640594 -0.027145900 0.998034000
1341845861.029961 -0.176303163 0.145813182 -0.386491060 -0.038752105 -0.040979367 -0.027095821 0.998040497
1341845861.065806 -0.175045639 0.153956011 -0.384494811 -0.038970441 -0.040202618 -0.029070633 0.998008013
1341845861.097631 -0.177277923 0.142618358 -0.383234292 -0.039394218 -0.039687157 -0.030444385 0.997971058
1341845861.133786 -0.173147351 0.149363056 -0.383846492 -0.037873328 -0.039135553 -0.030418465 0.998052478
1341845861.165622 -0.172369272 0.150569975 -0.384879023 -0.039258588 -0.037921838 -0.030573929 0.998041093
1341845861.197704 -0.172785103 0.142210975 -0.381084979 -0.039693765 -0.037081432 -0.030265341 0.998064816
1341845861.233683 -0.169308111 0.147759229 -0.381654710 -0.038047563 -0.036023799 -0.030682676 0.998154938
1341845861.265692 -0.173774421 0.144561648 -0.373634577 -0.038403373 -0.035012092 -0.028826643 0.998232663
1341845861.297700 -0.173614278 0.145798758 -0.379067838 -0.037547391 -0.035481926 -0.027499912 0.998286068
1341845861.333616 -0.169865519 0.149871215 -0.379186332 -0.038211510 -0.034142472 -0.029291971 0.998256564
1341845861.365694 -0.174990997 0.138882920 -0.372311026 -0.039362479 -0.033287287 -0.028362162 0.998267651
1341845861.407792 -0.173277214 0.144398138 -0.375683486 -0.037274651 -0.034731820 -0.026550759 0.998348355
1341845861.407792 -0.174179763 0.144858003 -0.374911308 -0.037193105 -0.034596328 -0.026695142 0.998352230
1341845861.440894 -0.171481207 0.143601224 -0.374758989 -0.037572347 -0.034534249 -0.026689809 0.998340368
1341845861.472256 -0.174596041 0.142232791 -0.374968320 -0.036274120 -0.033851590 -0.027784113 0.998381853
1341845861.507634 -0.173239946 0.145583034 -0.376166701 -0.036066238 -0.034167953 -0.028991334 0.998344243
1341845861.539675 -0.172000781 0.138071090 -0.374091744 -0.036061294 -0.034833793 -0.029358124 0.998310745
1341845861.571790 -0.170173571 0.142771602 -0.373184621 -0.034986507 -0.034091573 -0.029818380 0.998360991
1341845861.607759 -0.171247438 0.142560184 -0.371829569 -0.035661969 -0.034191612 -0.029268667 0.998349905
1341845861.639739 -0.171498567 0.137396723 -0.366667151 -0.035113484 -0.034148786 -0.029802825 0.998355031
1341845861.671875 -0.170095339 0.138550952 -0.367977887 -0.033399723 -0.033903718 -0.029151408 0.998441398
1341845861.707829 -0.169578403 0.134493798 -0.363021046 -0.032291204 -0.034147207 -0.029196801 0.998468280
1341845861.739782 -0.159945741 0.134291440 -0.376252115 -0.030826403 -0.034172837 -0.033732720 0.998370707
1341845861.775717 -0.157891691 0.136155933 -0.374487966 -0.032166157 -0.032780230 -0.037965935 0.998223186
1341845861.807676 -0.161144152 0.128947362 -0.367078781 -0.032880630 -0.032676678 -0.037804395 0.998209357
1341845861.839701 -0.162676394 0.131296113 -0.364614636 -0.030746147 -0.034163080 -0.035921030 0.998297155
1341845861.875772 -0.159667745 0.132614076 -0.364814043 -0.030392397 -0.035587400 -0.034975115 0.998291850
1341845861.907742 -0.156710893 0.133513078 -0.358516097 -0.030124363 -0.036128376 -0.034326121 0.998303056
1341845861.939697 -0.157638356 0.130897924 -0.359295845 -0.029994365 -0.036622047 -0.033020269 0.998333037
1341845861.975661 -0.157765940 0.132495716 -0.358713061 -0.029267913 -0.037931129 -0.034270618 0.998263538
1341845862.007930 -0.152703583 0.133041650 -0.364227921 -0.029711746 -0.037335776 -0.036725894 0.998185635
1341845862.039647 -0.152663499 0.123796731 -0.357433528 -0.029826345 -0.036432944 -0.035237789 0.998269260
1341845862.075738 -0.151459172 0.123996392 -0.359095544 -0.027053993 -0.035408307 -0.033901684 0.998431325
1341845862.107644 -0.148879632 0.130400166 -0.363411307 -0.024693560 -0.033480197 -0.035185065 0.998514593
1341845862.143904 -0.145735130 0.139115006 -0.371369511 -0.025398161 -0.029904153 -0.038304791 0.998495638
1341845862.175702 -0.152220175 0.136312082 -0.359808475 -0.028474029 -0.028055472 -0.037677843 0.998490095
1341845862.207672 -0.147277340 0.140820473 -0.366013706 -0.029460926 -0.027519792 -0.040245239 0.998376250
1341845862.243827 -0.146151021 0.145933256 -0.365127116 -0.033121027 -0.025133573 -0.041679777 0.998265564
1341845862.275754 -0.152564421 0.138168529 -0.349489182 -0.037767004 -0.024689760 -0.039265610 0.998209536
1341845862.311739 -0.150250390 0.131934375 -0.348153889 -0.037895739 -0.025832605 -0.035569150 0.998314321
1341845862.343750 -0.145431370 0.133037433 -0.351568937 -0.036658097 -0.025264820 -0.032819651 0.998469293
1341845862.375792 -0.143034697 0.133219376 -0.350158483 -0.035795283 -0.022573715 -0.030642206 0.998634219
1341845862.411748 -0.141619027 0.131642953 -0.347716600 -0.034680132 -0.019655962 -0.028790133 0.998790324
1341845862.443696 -0.140626132 0.130596489 -0.345311105 -0.032323509 -0.016816422 -0.025013071 0.999022901
1341845862.479688 -0.140414938 0.129265204 -0.349958569 -0.029969037 -0.014675520 -0.022475716 0.999190390
1341845862.511723 -0.134049162 0.139756322 -0.355031133 -0.027948001 -0.012059684 -0.023307558 0.999264836
1341845862.543776 -0.138859838 0.137363762 -0.348694384 -0.029587880 -0.009388971 -0.023424784 0.999243557
1341845862.579869 -0.139874429 0.133903384 -0.348827243 -0.028792996 -0.008924439 -0.022081638 0.999301672
1341845862.611759 -0.132866338 0.134494528 -0.355766594 -0.027887616 -0.008038838 -0.021490514 0.999347746
1341845862.647939 -0.130896866 0.141058043 -0.354841530 -0.027620384 -0.005721447 -0.022002710 0.999359965
1341845862.679727 -0.135367647 0.135775506 -0.352297306 -0.028717838 -0.003635451 -0.022159183 0.999335349
1341845862.712299 -0.133053690 0.135246143 -0.355554789 -0.027582804 -0.002912801 -0.021892767 0.999375582
1341845862.747743 -0.128614023 0.137961894 -0.354562223 -0.027411668 -0.001317224 -0.022561423 0.999368727
1341845862.779732 -0.133962303 0.132150069 -0.356727511 -0.027073838 0.001342376 -0.023715949 0.999351203
1341845862.815767 -0.136561379 0.136432901 -0.356241882 -0.025026983 0.001484846 -0.023943657 0.999398947
1341845862.847856 -0.138951376 0.137685299 -0.355671227 -0.024680840 0.000812341 -0.024650695 0.999391079
1341845862.879714 -0.139943942 0.135526091 -0.357698828 -0.024211017 0.000065847 -0.025151633 0.999390423
1341845862.915725 -0.137261912 0.137833357 -0.359105259 -0.024067450 -0.001512441 -0.024698589 0.999404132
1341845862.947913 -0.136178076 0.132533595 -0.356190711 -0.023433384 -0.001901923 -0.024363313 0.999426723
1341845862.983749 -0.133757338 0.136614263 -0.364840835 -0.021391461 -0.000289334 -0.024238633 0.999477327
1341845863.015854 -0.137857929 0.139336795 -0.365925610 -0.022121996 0.001351853 -0.024650672 0.999450445
1341845863.048281 -0.142358586 0.134716496 -0.359466612 -0.022783801 0.000945365 -0.025091324 0.999425054
1341845863.083795 -0.135265335 0.137947783 -0.363458812 -0.021529326 0.000755332 -0.026157876 0.999425709
1341845863.115808 -0.142401055 0.141418412 -0.359748423 -0.022591840 0.001538609 -0.026681717 0.999387503
1341845863.151916 -0.143804699 0.134094104 -0.360085309 -0.022630982 0.000209279 -0.026315721 0.999397516
1341845863.183716 -0.140598685 0.136890814 -0.363748699 -0.021691971 -0.000509654 -0.025662823 0.999435186
1341845863.215844 -0.141448990 0.138597026 -0.366121948 -0.022025472 -0.000068197 -0.026153775 0.999415278
1341845863.251883 -0.139240786 0.140918687 -0.365979135 -0.022724163 0.000028760 -0.026269428 0.999396622
1341845863.283627 -0.140391737 0.137417883 -0.362875223 -0.023614757 0.000373360 -0.025660040 0.999391794
1341845863.315718 -0.139805436 0.138733804 -0.367709368 -0.023469843 0.000368968 -0.025306027 0.999404192
