1341845820.751833 0.000000000 0.000000000 0.000000000 -0.000000000 -0.000000000 -0.000000000 1.000000000
1341845820.787768 0.003160885 -0.004032441 0.001127823 -0.000290210 -0.001681692 -0.002192428 0.999996185
1341845820.819654 0.006475560 -0.001761774 -0.003964188 0.000686087 -0.001653286 -0.003790932 0.999991238
1341845820.851997 0.004454321 0.001770088 -0.001622714 0.000971901 -0.001017219 -0.004524361 0.999988794
1341845820.887882 0.005002915 0.002484366 -0.003459508 0.001491995 -0.000996296 -0.006117313 0.999979675
1341845820.920082 0.002960307 0.001662436 -0.003881013 0.000209581 -0.000971351 -0.006079891 0.999981046
1341845820.955790 -0.000994377 -0.000330688 -0.002306466 -0.001560687 -0.001292114 -0.006591212 0.999976218
1341845820.987817 0.004246492 0.000952913 -0.004375080 -0.001896871 -0.002312325 -0.006509848 0.999974370
1341845821.019783 0.004098465 0.000032109 -0.005162418 -0.002262864 -0.002496412 -0.006694972 0.999971926
1341845821.055706 0.000836529 -0.000325568 -0.004431869 -0.001626504 -0.002625049 -0.005790511 0.999978483
1341845821.087831 0.000865909 -0.002865598 0.000135480 -0.000958884 -0.004072421 -0.003401272 0.999985456
1341845821.119871 0.008957552 0.000139464 -0.004274162 0.001612983 -0.004244538 -0.001331469 0.999988854
1341845821.155881 0.010649512 0.002022458 -0.003077898 0.001837688 -0.001572352 0.000157195 0.999997079
1341845821.188556 0.005075409 -0.001298589 -0.001032020 0.001266542 0.001027814 0.001738105 0.999997139
1341845821.223751 0.009629880 -0.008478286 -0.001620092 0.003528510 0.000813109 0.004259576 0.999984384
1341845821.256005 0.015719101 0.005077697 -0.004429717 0.005976129 0.001458318 0.004285694 0.999971926
1341845821.287883 0.010982955 -0.002985123 -0.006133485 0.003289545 0.004993903 0.002397944 0.999979258
1341845821.323879 0.014254067 0.002158243 0.000724352 0.004456435 0.006880906 0.001682949 0.999965012
1341845821.355690 0.011686952 0.004575080 -0.002849601 0.005469427 0.009491831 0.002043586 0.999937892
1341845821.388161 0.014777994 -0.002206007 -0.004538401 0.004531296 0.009614572 0.003417999 0.999937713
1341845821.424470 0.012897046 -0.004011974 -0.003599750 0.006327145 0.011646702 0.004030527 0.999904037
1341845821.455778 0.013143626 0.001440738 -0.002167214 0.007444393 0.014134848 0.002239572 0.999869883
1341845821.488014 0.010234697 -0.002824296 -0.003207069 0.006865672 0.015451011 0.002835333 0.999853075
1341845821.524370 0.015712643 -0.007595341 -0.002458890 0.007959690 0.015450264 0.004249089 0.999839962
1341845821.555644 0.009925591 -0.010733353 0.000800355 0.009227145 0.017336896 0.002706160 0.999803483
1341845821.587677 0.008909193 -0.007010809 -0.000766181 0.009667402 0.017336817 0.002500211 0.999799848
1341845821.623761 0.015342868 -0.006054628 0.000000589 0.009456287 0.015398131 0.001482244 0.999835670
1341845821.655725 0.013706105 -0.005700281 -0.000027488 0.009314982 0.015546026 0.000163269 0.999835789
1341845821.691884 0.012977231 -0.001694126 -0.000215498 0.008652724 0.015582894 -0.000530093 0.999841034
1341845821.724228 0.011913492 -0.009878729 -0.002851313 0.007449527 0.015056949 -0.000453685 0.999858797
1341845821.755681 0.007582043 -0.005549566 -0.000379643 0.009115461 0.014469225 0.000092663 0.999853790
1341845821.791636 0.016266162 -0.008853367 -0.004174222 0.009746507 0.012523434 0.001299255 0.999873281
1341845821.823697 0.013803190 -0.006178934 -0.003355368 0.010784513 0.013543515 -0.000280158 0.999850154
1341845821.855574 0.007595619 -0.007342653 -0.002799837 0.009510204 0.015312220 -0.002043844 0.999835491
1341845821.891741 0.008922867 -0.011355711 -0.002468537 0.009680171 0.014748548 -0.002590916 0.999841034
1341845821.923730 0.005360410 -0.015089416 -0.003743309 0.010574047 0.015508405 -0.002276413 0.999821246
1341845821.955750 0.006194288 -0.014913657 -0.006902270 0.011241782 0.015678369 -0.001207420 0.999813139
1341845821.991786 0.007724811 -0.013152291 -0.007459794 0.010839066 0.015865851 -0.002036098 0.999813378
1341845822.023863 0.004114141 -0.013975784 -0.005141223 0.010788299 0.016730987 -0.002876499 0.999797702
1341845822.059759 0.001844211 -0.015092012 -0.006294208 0.010514746 0.017003426 -0.002581625 0.999796867
1341845822.091719 0.001229023 -0.017403133 -0.004883308 0.010314918 0.017206911 -0.002661830 0.999795258
1341845822.123689 -0.000352401 -0.013590233 -0.003800254 0.012862941 0.018318448 -0.002180292 0.999747157
1341845822.185916 -0.008887032 -0.022059293 -0.004385764 0.010472856 0.019116461 -0.001955856 0.999760509
1341845822.221838 -0.014867690 -0.013057108 -0.000236062 0.013667374 0.018168153 -0.000883325 0.999741197
1341845822.254004 -0.012734883 -0.014591012 -0.003407795 0.012673749 0.016595945 -0.000894822 0.999781549
1341845822.289876 -0.015098644 -0.019341640 -0.001335622 0.011314901 0.015971357 -0.001740028 0.999806881
1341845822.321804 -0.017815961 -0.019794326 -0.000297933 0.012437541 0.015737813 -0.003491425 0.999792755
1341845822.353784 -0.020304479 -0.021453997 0.003032392 0.012931487 0.015660295 -0.004397710 0.999784052
1341845822.391662 -0.024674756 -0.023668302 0.001158858 0.013563522 0.016462306 -0.004015139 0.999764502
1341845822.391662 -0.024556629 -0.024233269 0.000556016 0.013467542 0.016453084 -0.003981731 0.999766052
1341845822.428074 -0.037773404 -0.017353822 0.006073170 0.014958111 0.017674292 -0.004302063 0.999722719
1341845822.459970 -0.032846384 -0.017502366 0.006750092 0.014178662 0.015685201 -0.003549754 0.999770164
1341845822.495728 -0.038668852 -0.015791610 0.010912033 0.014783645 0.015540610 -0.004128464 0.999761403
1341845822.527724 -0.048443232 -0.016004674 0.008892240 0.014687820 0.015877323 -0.004202539 0.999757230
1341845822.559648 -0.047616400 -0.014054041 0.011110959 0.013783033 0.014240278 -0.002490776 0.999800563
1341845822.595852 -0.047546376 -0.016584424 0.006713625 0.013305738 0.013773783 -0.002095344 0.999814451
1341845822.627724 -0.060838535 -0.013329330 0.007799706 0.012992161 0.015628887 -0.003398156 0.999787748
1341845822.663716 -0.074486017 -0.024090813 0.014667936 0.011502371 0.015751822 -0.000671618 0.999809563
1341845822.695601 -0.065520413 -0.021486362 0.020186344 0.016688857 0.010901681 0.002927202 0.999796987
1341845822.731816 -0.060375653 -0.017094029 0.012596123 0.019522356 0.009243836 0.004269380 0.999757588
1341845822.789911 -0.067507520 -0.017861921 0.013800120 0.020355698 0.010291064 0.004398063 0.999730170
1341845822.825897 -0.075774387 -0.015302690 0.013816248 0.020021671 0.011786564 0.004266801 0.999721050
1341845822.859721 -0.095718049 -0.033908527 0.008302645 0.018171644 0.014146551 0.005595725 0.999719143
1341845822.889712 -0.091877334 -0.037079345 0.010190911 0.019999057 0.011387244 0.007531382 0.999706864
1341845822.925900 -0.092511036 -0.036559049 0.003057591 0.020926036 0.010146565 0.007354791 0.999702513
1341845822.957708 -0.098415725 -0.029768435 0.007283261 0.022245184 0.011520358 0.005776217 0.999669492
1341845822.989939 -0.101093248 -0.035267241 0.004872866 0.022809723 0.011771682 0.005776049 0.999653876
1341845823.025889 -0.107868671 -0.036244862 0.007127970 0.024921319 0.012291906 0.005317954 0.999599695
1341845823.057775 -0.095979735 -0.030060211 0.005766984 0.027284447 0.012062240 0.005646156 0.999539018
1341845823.093671 -0.109372646 -0.036761522 0.003654324 0.027566543 0.016112778 0.005825432 0.999473155
1341845823.125951 -0.115238741 -0.033318710 0.011571474 0.028850701 0.017311146 0.005967757 0.999415994
1341845823.157773 -0.119987831 -0.035225112 0.009038046 0.029361395 0.018916376 0.006581959 0.999368250
1341845823.193885 -0.131931424 -0.029835716 0.004861009 0.030366562 0.020223141 0.005926503 0.999316692
1341845823.225800 -0.137923151 -0.032211818 0.009894719 0.028134180 0.019127775 0.005768981 0.999404490
1341845823.261842 -0.132662863 -0.032111451 0.009697573 0.027583603 0.016992342 0.005372933 0.999460638
1341845823.293622 -0.136063740 -0.024020471 0.007275979 0.027310120 0.017277012 0.004377638 0.999468148
1341845823.325746 -0.123434559 -0.035570528 0.001825507 0.022010187 0.017369565 0.004347151 0.999597430
1341845823.361852 -0.126786605 -0.039091088 0.012401185 0.022214109 0.020987162 0.005415116 0.999518335
1341845823.394013 -0.131392121 -0.037820484 0.014376428 0.024958672 0.023813881 0.009041022 0.999363959
1341845823.426028 -0.146644905 -0.039918564 0.009976833 0.026070219 0.026837472 0.011703685 0.999231339
1341845823.461869 -0.147917196 -0.038675662 0.011323454 0.027209448 0.025623186 0.013183476 0.999214351
1341845823.493758 -0.152002499 -0.044936709 0.008032602 0.026636390 0.026890876 0.012631003 0.999203622
1341845823.529780 -0.155577868 -0.040966991 0.017035361 0.027370088 0.028622286 0.013534882 0.999123871
1341845823.561916 -0.169256881 -0.042054679 0.012976832 0.027665470 0.028629454 0.014679588 0.999099374
1341845823.593678 -0.169487685 -0.042741865 0.011851284 0.027906436 0.024811773 0.016560510 0.999165416
1341845823.629815 -0.169348568 -0.044927120 0.007485597 0.027396403 0.024858445 0.015899742 0.999189019
1341845823.661750 -0.179086402 -0.046751980 0.016322430 0.026492754 0.026616288 0.016076472 0.999165297
1341845823.695523 -0.206909761 -0.057844117 0.017211245 0.027317641 0.027623603 0.015311073 0.999127746
1341845823.729635 -0.205685854 -0.057673924 0.022272553 0.031489208 0.024072371 0.017316164 0.999064147
1341845823.761810 -0.208649173 -0.053753674 0.015963141 0.034496948 0.022059847 0.018026523 0.998998702
1341845823.797871 -0.216830209 -0.057225045 0.014609708 0.034476716 0.019387890 0.018391518 0.999048173
1341845823.829660 -0.223761901 -0.056731936 0.021625750 0.034048744 0.016170004 0.015621294 0.999167264
1341845823.861808 -0.234203041 -0.061077304 0.016908692 0.034349039 0.013944827 0.012821328 0.999230385
1341845823.929826 -0.249063596 -0.059915379 0.018912025 0.034874044 0.007405667 0.009716289 0.999317050
1341845823.961797 -0.250069082 -0.054962303 0.014478429 0.034016635 0.006274631 0.006388495 0.999381185
1341845823.998070 -0.258622140 -0.063037068 0.018004911 0.031743545 0.006215713 0.003542170 0.999470472
1341845824.029656 -0.259434342 -0.065939553 0.015975399 0.032277241 0.005838739 0.004469487 0.999451935
1341845824.065768 -0.256355226 -0.064481311 0.015289760 0.032283399 0.006594219 0.007380065 0.999429822
1341845824.097956 -0.247424722 -0.059202626 -0.002046990 0.031801183 0.010906656 0.005379107 0.999420226
1341845824.130299 -0.221933439 -0.043288082 0.006500592 0.028176049 0.022429612 0.006080162 0.999332845
1341845824.165751 -0.253675222 -0.048961442 -0.006664960 0.021574834 0.041345101 0.005706996 0.998895705
1341845824.197930 -0.278630674 -0.068771131 0.022057906 0.017806990 0.047125839 0.007007171 0.998705685
1341845824.229907 -0.294672728 -0.075743221 0.033606537 0.021375712 0.048754051 0.007059967 0.998557091
1341845824.265800 -0.305822879 -0.073606834 0.019482417 0.024633432 0.045655373 0.008415518 0.998618007
1341845824.298080 -0.308186978 -0.073735088 0.024877567 0.025999393 0.036844429 0.009135740 0.998941004
1341845824.333783 -0.294266939 -0.083624981 0.019346667 0.027620196 0.031172231 0.008010779 0.999100268
1341845824.365821 -0.295491308 -0.077799223 0.013868479 0.030703524 0.031609744 0.007816943 0.998998046
1341845824.398039 -0.310736597 -0.076664940 0.013861472 0.030128570 0.032124683 0.006992232 0.999005198
1341845824.433843 -0.322664082 -0.081001803 0.015217196 0.029363709 0.029276703 0.006642604 0.999117911
1341845824.465921 -0.324965119 -0.084458433 0.017191375 0.030375725 0.024956318 0.010129364 0.999175668
1341845824.501802 -0.328491002 -0.076385424 0.014550569 0.031232512 0.022849336 0.015268961 0.999134302
1341845824.533723 -0.335337937 -0.075151928 0.014003918 0.029154742 0.020558245 0.019553430 0.999172211
1341845824.565735 -0.349781543 -0.075650454 0.022610016 0.027172953 0.019063111 0.021780804 0.999211669
1341845824.601758 -0.350161493 -0.078432597 0.015110760 0.026351137 0.016040582 0.024903530 0.999213755
1341845824.633861 -0.354092658 -0.074076399 0.018666023 0.026323419 0.014124543 0.029012984 0.999132514
1341845824.665789 -0.359513223 -0.075925551 0.017309096 0.025658835 0.012084444 0.032988019 0.999053299
1341845824.701769 -0.369093806 -0.077808939 0.018030336 0.026047567 0.009662094 0.035083976 0.998998165
1341845824.733585 -0.372822106 -0.077333033 0.018298289 0.027447410 0.007215743 0.036702536 0.998923182
1341845824.769643 -0.381092817 -0.067267619 0.006297983 0.027283596 0.006352365 0.036966424 0.998923838
1341845824.801632 -0.393107861 -0.076477975 0.012914633 0.022388706 0.003728887 0.036949512 0.999059379
1341845824.833654 -0.386832476 -0.087786004 0.010014600 0.022535350 -0.000042716 0.036933344 0.999063671
1341845824.869926 -0.394599289 -0.083519541 0.003902900 0.026686382 0.000326812 0.037621692 0.998935640
1341845824.902071 -0.401513755 -0.076331139 0.003771781 0.026877234 -0.000172684 0.037665542 0.998928905
1341845824.933752 -0.401225805 -0.085987434 0.008049597 0.025996588 -0.000900985 0.035012137 0.999048293
1341845824.969855 -0.404584557 -0.077630945 -0.000294044 0.027293408 0.000714170 0.032781623 0.999089539
1341845825.001907 -0.408125252 -0.079361394 0.001373227 0.025381682 0.003807818 0.032701086 0.999135613
1341845825.037975 -0.417095691 -0.087298460 -0.000201115 0.024176802 0.007517336 0.031362966 0.999187350
1341845825.075793 -0.428361833 -0.097857870 0.004182332 0.025511067 0.007555965 0.032899737 0.999104500
1341845825.075793 -0.429326266 -0.097964548 0.004565913 0.025533404 0.007609614 0.033000872 0.999100149
1341845825.107881 -0.429382384 -0.102767766 0.009942206 0.031331819 0.006946565 0.034703232 0.998882294
1341845825.143675 -0.430004269 -0.090912558 0.007305848 0.035955444 0.008610062 0.033570580 0.998752296
1341845825.175707 -0.438229024 -0.095233060 0.006249191 0.036061492 0.010693936 0.030872429 0.998815358
1341845825.211865 -0.443673819 -0.094781831 0.007279120 0.037352059 0.011275399 0.030047225 0.998786747
1341845825.243814 -0.444395036 -0.105006538 0.003782100 0.038296871 0.012763697 0.031057548 0.998702168
1341845825.275795 -0.452993661 -0.098476931 0.002499818 0.041669045 0.014743434 0.031709611 0.998519361
1341845825.311665 -0.461381942 -0.098120660 0.011558276 0.042245928 0.013824170 0.032680858 0.998476923
1341845825.343650 -0.463140756 -0.090548404 0.005878922 0.043019440 0.011756302 0.034224816 0.998418629
1341845825.379771 -0.468246102 -0.098968714 0.005263023 0.039709579 0.011760682 0.035456277 0.998512745
1341845825.411924 -0.476736695 -0.098978162 0.007815655 0.040552303 0.011037406 0.036604755 0.998445749
1341845825.443786 -0.492611378 -0.084542558 0.001840343 0.039133694 0.009842167 0.036956888 0.998501837
1341845825.480278 -0.493332326 -0.094424382 0.004608905 0.033708356 0.004801414 0.039237015 0.998649657
1341845825.511636 -0.493613482 -0.090478852 0.007353167 0.032774631 0.000809086 0.040918797 0.998624504
1341845825.547911 -0.498286188 -0.090979107 0.002767402 0.030295141 -0.001587523 0.042284358 0.998645008
1341845825.579744 -0.495342255 -0.099119514 -0.001813747 0.028393602 -0.003708644 0.046674263 0.998499632
1341845825.611784 -0.504959106 -0.100900650 -0.001193270 0.030086253 -0.004160006 0.049804963 0.998297036
1341845825.648004 -0.497258008 -0.096307464 -0.001720744 0.031680066 -0.005291888 0.047673579 0.998346448
1341845825.679708 -0.506523490 -0.096339896 0.002194657 0.033335920 -0.002314792 0.047525927 0.998310924
1341845825.711937 -0.520283997 -0.094681911 0.000598932 0.033799458 -0.004028334 0.047541283 0.998289168
1341845825.747617 -0.522660673 -0.089071013 -0.001197840 0.032808401 -0.006738166 0.045363370 0.998408914
1341845825.779688 -0.532354534 -0.089843698 0.005574718 0.030050071 -0.008000311 0.042583495 0.998608887
1341845825.815954 -0.533198655 -0.090520561 0.003574589 0.027383570 -0.010765080 0.039196879 0.998798251
1341845825.847829 -0.542621493 -0.091663785 0.002886153 0.025326688 -0.011296191 0.036744483 0.998939872
1341845825.879767 -0.547510386 -0.093682550 0.013565348 0.024487492 -0.014033366 0.037587088 0.998894751
1341845825.915646 -0.545288026 -0.089475095 0.011181491 0.025178777 -0.015871244 0.038289193 0.998823404
1341845825.947881 -0.552796900 -0.090548173 0.003529496 0.024226097 -0.015227100 0.039208338 0.998821318
1341845825.979700 -0.557483375 -0.090286925 0.010239774 0.023786850 -0.016551716 0.042106457 0.998692811
1341845826.015845 -0.566010177 -0.088964470 0.005878839 0.023965754 -0.016902775 0.043302327 0.998631537
1341845826.047945 -0.566015005 -0.094482072 0.006475241 0.023031855 -0.017492598 0.043442689 0.998637259
1341845826.079731 -0.573804379 -0.091884159 0.006730867 0.024542406 -0.017710442 0.045146082 0.998521864
1341845826.115655 -0.569567621 -0.093179777 0.000827106 0.024151346 -0.020570466 0.045967765 0.998439133
1341845826.147949 -0.570149302 -0.088542260 0.002692466 0.025329167 -0.019793050 0.040967919 0.998643279
1341845826.183767 -0.574648917 -0.089530602 -0.000256208 0.023712829 -0.019344311 0.036811590 0.998853564
1341845826.215780 -0.576569021 -0.090273760 -0.000909067 0.022187173 -0.020503078 0.035689227 0.998906255
1341845826.247732 -0.579174221 -0.088771306 -0.001308680 0.022051994 -0.021356542 0.040045507 0.998726249
1341845826.283763 -0.585976601 -0.089845307 0.001006315 0.021161241 -0.023479901 0.044582669 0.998505592
1341845826.315658 -0.584948540 -0.087676942 0.004092961 0.021315457 -0.027027285 0.045655400 0.998364091
1341845826.347773 -0.588869929 -0.083909832 -0.002808881 0.020629764 -0.028558873 0.045757771 0.998331130
1341845826.383718 -0.591213763 -0.091793261 0.000033161 0.018605990 -0.031346854 0.047038913 0.998227715
1341845826.415712 -0.593162596 -0.096911788 -0.002238942 0.018220076 -0.033807680 0.048478980 0.998085678
1341845826.447806 -0.590755939 -0.094657063 -0.001142293 0.019556506 -0.036249243 0.047792599 0.998007715
1341845826.483677 -0.594142199 -0.092157863 -0.004571203 0.019511303 -0.036857110 0.048011217 0.997975826
1341845826.515677 -0.597547889 -0.097534664 -0.010284022 0.018611856 -0.037873048 0.051320411 0.997790277
1341845826.551684 -0.592979014 -0.093948528 -0.018276423 0.017815385 -0.038865477 0.050368812 0.997815251
1341845826.583716 -0.595769286 -0.093730375 -0.010015155 0.015990045 -0.037870541 0.047948617 0.998003542
1341845826.615875 -0.598735094 -0.094104148 -0.003444086 0.014575250 -0.040697470 0.051216245 0.997751594
1341845826.651722 -0.594753981 -0.091435745 -0.007076017 0.014982410 -0.041818872 0.054541748 0.997522891
1341845826.683753 -0.595337629 -0.083321489 -0.007116695 0.012984885 -0.042133171 0.053232007 0.997608483
1341845826.715643 -0.594167471 -0.079287544 0.000158408 0.008901884 -0.043195494 0.048457377 0.997851133
1341845826.751884 -0.600652635 -0.077618599 -0.007745671 0.005537429 -0.041948840 0.050316855 0.997836590
1341845826.783713 -0.597371459 -0.077198729 0.000672613 0.002203811 -0.043883562 0.052646969 0.997646093
1341845826.819713 -0.595698416 -0.073096573 -0.027215445 -0.001263924 -0.042124771 0.049185697 0.997900128
1341845826.851701 -0.602566242 -0.076844841 -0.012658219 -0.006601649 -0.038255278 0.049482346 0.998020291
1341845826.884460 -0.601330400 -0.081433848 -0.007390910 -0.008490710 -0.040256929 0.056201618 0.997571409
1341845826.945792 -0.599345863 -0.064135708 -0.013505273 -0.019262178 -0.032523781 0.046240345 0.998214960
1341845826.981873 -0.599586785 -0.071701266 0.013469316 -0.023548592 -0.034232743 0.050729793 0.997847795
1341845827.013745 -0.598445415 -0.051186733 -0.002151729 -0.022505807 -0.035100337 0.056350011 0.997540057
1341845827.045694 -0.587882459 -0.029691271 -0.009268074 -0.026381230 -0.031729255 0.058148772 0.997454762
1341845827.082458 -0.600618601 -0.050944336 0.006025459 -0.037574723 -0.026636191 0.053287294 0.997516572
1341845827.113645 -0.589722574 -0.050601721 0.028228192 -0.038422693 -0.030840982 0.056506880 0.997185826
1341845827.145773 -0.598692536 -0.042569265 -0.011720875 -0.037835918 -0.028608194 0.057652373 0.997209251
1341845827.182474 -0.590386808 -0.046205815 0.009796647 -0.043623090 -0.025460953 0.052001398 0.997368872
1341845827.213974 -0.597851396 -0.063374504 0.001888350 -0.044453405 -0.024980897 0.052454814 0.997320592
1341845827.251751 -0.594789982 -0.052082721 0.005814252 -0.039780222 -0.025016455 0.056275312 0.997308791
1341845827.313888 -0.595611453 -0.057926029 0.001909064 -0.050118871 -0.018089280 0.053815290 0.997128308
1341845827.349700 -0.584096551 -0.059918903 0.015823143 -0.045272436 -0.022040892 0.060546715 0.996894538
1341845827.381963 -0.582207024 -0.048397064 0.010995212 -0.043706793 -0.021783922 0.058780722 0.997075796
1341845827.413850 -0.583048940 -0.050971527 0.012044382 -0.045356333 -0.019122005 0.054065447 0.997323513
1341845827.449725 -0.579148471 -0.058968306 0.015822651 -0.044627670 -0.019864926 0.053094592 0.997394025
1341845827.488394 -0.577484906 -0.057837624 0.020787764 -0.041361991 -0.021839986 0.054777455 0.997402489
1341845827.488394 -0.578126371 -0.058820557 0.020895662 -0.041448906 -0.021816337 0.055016790 0.997386158
1341845827.555964 -0.572809875 -0.052458070 0.019437440 -0.038715377 -0.020259958 0.052292630 0.997675359
1341845827.623688 -0.567416787 -0.056962419 0.020075139 -0.035413630 -0.021074079 0.055976011 0.997581363
1341845827.623688 -0.567742348 -0.057282489 0.019033853 -0.035414942 -0.021080250 0.056151398 0.997571290
1341845827.656212 -0.567950904 -0.046344899 0.014048665 -0.035243448 -0.019701587 0.052850664 0.997785866
1341845827.687624 -0.559750438 -0.051363107 0.020770166 -0.039763946 -0.017663909 0.045607977 0.998011410
1341845827.723697 -0.558269322 -0.062389575 0.019744379 -0.039882042 -0.015543563 0.048257694 0.997917414
1341845827.755778 -0.558537543 -0.056601241 0.017994490 -0.037321337 -0.014510257 0.051735647 0.997857749
1341845827.791657 -0.544177651 -0.057673309 0.013070568 -0.037513163 -0.012700135 0.051155541 0.997905076
1341845827.823845 -0.543993354 -0.057791907 0.023050698 -0.037759803 -0.008510657 0.049894650 0.998004198
1341845827.855606 -0.542207479 -0.064384967 0.022177050 -0.036319375 -0.007427922 0.052416358 0.997937024
1341845827.891685 -0.532531202 -0.063734852 0.018539861 -0.033446845 -0.005173430 0.053846654 0.997975528
1341845827.923824 -0.535769820 -0.054256652 0.027162032 -0.032204971 0.000187509 0.052949101 0.998077810
1341845827.959777 -0.532651186 -0.055753466 0.036122479 -0.032033175 0.003200151 0.053107746 0.998069763
1341845827.991672 -0.524696290 -0.053967632 0.031738050 -0.030397555 0.005064333 0.055317413 0.997993231
1341845828.023726 -0.513289869 -0.049684469 0.033546604 -0.031305663 0.008461202 0.055044197 0.997957170
1341845828.059622 -0.510929644 -0.053480424 0.038518697 -0.032619454 0.012046410 0.054946642 0.997883677
1341845828.091720 -0.509536028 -0.053393796 0.036701724 -0.032494556 0.014299172 0.055465642 0.997829318
1341845828.127612 -0.507623076 -0.048897680 0.034054726 -0.032179367 0.015903899 0.056749199 0.997743011
1341845828.159638 -0.496168703 -0.049589269 0.036369938 -0.033556931 0.017298639 0.056730337 0.997675478
1341845828.191711 -0.495698452 -0.053977221 0.037867870 -0.033821184 0.020113572 0.054530587 0.997736454
1341845828.227644 -0.489588916 -0.050534606 0.037468184 -0.032155793 0.021494169 0.055006776 0.997736633
1341845828.259785 -0.484715194 -0.048731107 0.039414283 -0.031807046 0.023920160 0.057889648 0.997529447
1341845828.291687 -0.479338497 -0.052430477 0.039535306 -0.030632116 0.025178285 0.060345881 0.997389674
1341845828.327803 -0.475834966 -0.045305111 0.036526661 -0.029095383 0.027019324 0.059945900 0.997411609
1341845828.359694 -0.468502879 -0.045007646 0.038833689 -0.030429978 0.028418813 0.059733205 0.997345686
1341845828.395928 -0.462166607 -0.047987398 0.040498335 -0.030419145 0.030832520 0.061094258 0.997191906
1341845828.427803 -0.460262239 -0.044277087 0.043710217 -0.029915806 0.032439496 0.061465330 0.997133255
1341845828.459660 -0.451633364 -0.044546187 0.045569461 -0.029656107 0.033288881 0.061242834 0.997126698
1341845828.495761 -0.445925057 -0.042275429 0.041551720 -0.028625345 0.035335448 0.062908247 0.996982753
1341845828.527686 -0.445551991 -0.035674769 0.042228397 -0.029941278 0.037143439 0.062442772 0.996907651
1341845828.595750 -0.434803724 -0.038263369 0.048210334 -0.030620415 0.039333876 0.061424967 0.996866226
1341845828.654055 -0.419968784 -0.037404157 0.048026308 -0.032905195 0.042007230 0.061955322 0.996651530
1341845828.689681 -0.418760031 -0.036715426 0.048262414 -0.031351678 0.043850146 0.061734162 0.996635914
1341845828.721870 -0.413304687 -0.032674670 0.063344069 -0.031672798 0.043773316 0.062633559 0.996573091
1341845828.757706 -0.406980664 -0.032603931 0.045701727 -0.032285597 0.044235308 0.063939899 0.996450007
1341845828.789650 -0.405964136 -0.036351431 0.049801402 -0.031882420 0.044527344 0.068168648 0.996169627
1341845828.821914 -0.400416613 -0.030411294 0.050837271 -0.030894833 0.042940468 0.070027582 0.996141434
1341845828.857781 -0.394610971 -0.029332163 0.050432198 -0.031708471 0.042296011 0.070632212 0.996100783
1341845828.889770 -0.391318649 -0.030372277 0.047066614 -0.031925023 0.042130385 0.071611270 0.996030986
1341845828.931671 -0.389400363 -0.031308658 0.041803323 -0.032098364 0.041153099 0.071217164 0.996094525
1341845828.989696 -0.378434390 -0.030598160 0.043228779 -0.029998684 0.037780464 0.070083350 0.996373951
1341845829.025626 -0.373977214 -0.025653703 0.052481860 -0.029543322 0.036628071 0.068876788 0.996514738
1341845829.063840 -0.362900376 -0.026716501 0.055035356 -0.030804157 0.035913032 0.067331024 0.996608198
1341845829.089737 -0.357882679 -0.023946948 0.050430458 -0.030540232 0.036326211 0.067752659 0.996572852
1341845829.125754 -0.350496292 -0.023344707 0.049441855 -0.030978661 0.035504341 0.067743130 0.996589541
1341845829.158048 -0.340525955 -0.023335019 0.043286107 -0.030378267 0.036461711 0.066611074 0.996649742
1341845829.193669 -0.336721331 -0.026805535 0.048619114 -0.028859708 0.038116183 0.068859234 0.996480167
1341845829.225742 -0.331377149 -0.028677721 0.043965492 -0.025275188 0.037899151 0.071081683 0.996429741
1341845829.257763 -0.324958295 -0.027548498 0.038245741 -0.022388574 0.036876194 0.071560271 0.996502876
1341845829.293851 -0.317369401 -0.027637100 0.037941653 -0.020023171 0.036024697 0.070681110 0.996647120
1341845829.325861 -0.314001888 -0.030595029 0.036443137 -0.018043987 0.035291642 0.069281369 0.996809423
1341845829.357901 -0.311428279 -0.030240420 0.039751977 -0.014617926 0.032488994 0.068902716 0.996987104
1341845829.393704 -0.300026715 -0.028284758 0.044109192 -0.012565683 0.030580327 0.067414865 0.997177124
1341845829.425831 -0.297959536 -0.024076790 0.032442197 -0.012324556 0.029409425 0.065333694 0.997353911
1341845829.461720 -0.288713515 -0.035336703 0.040478874 -0.013370764 0.027189273 0.065019690 0.997423947
1341845829.493662 -0.295555025 -0.033895064 0.052639771 -0.006990426 0.026333544 0.067936458 0.997317553
1341845829.525846 -0.288788855 -0.021417988 0.043374166 -0.004955644 0.023772839 0.066849567 0.997467518
1341845829.561864 -0.269113034 -0.019701768 0.029386392 -0.007983634 0.022400418 0.063797586 0.997679532
1341845829.593763 -0.263774127 -0.031800304 0.037096187 -0.010327199 0.023297021 0.062874883 0.997696042
1341845829.625785 -0.267620534 -0.040106136 0.031205675 -0.005851543 0.022643063 0.065318629 0.997590423
1341845829.661787 -0.257563919 -0.024870921 0.023943713 -0.001934485 0.019531522 0.065571263 0.997654915
1341845829.693835 -0.243943751 -0.012337093 0.022563381 -0.003885224 0.020130610 0.061703112 0.997883976
1341845829.729747 -0.249101415 -0.029933628 0.030943800 -0.008086673 0.022435604 0.057459921 0.998062968
1341845829.761817 -0.255136013 -0.039223485 0.028527576 -0.005007365 0.018937033 0.056669444 0.998200893
1341845829.793840 -0.236936063 -0.029804951 0.030257326 -0.001125521 0.011370174 0.056518305 0.998336196
1341845829.829803 -0.222975209 -0.024821064 0.019359130 -0.000027334 0.011536064 0.052960366 0.998530030
1341845829.861640 -0.234062403 -0.028221069 0.016318949 -0.001677716 0.010979611 0.050777648 0.998648226
1341845829.897840 -0.222132713 -0.039440528 0.025208388 -0.001082537 0.004188419 0.052946471 0.998588026
1341845829.929703 -0.215113387 -0.017514005 0.030641329 0.004490637 0.004808928 0.053863779 0.998526692
1341845829.962023 -0.212505221 -0.017593149 0.026955007 0.002388985 0.005782386 0.055865157 0.998418748
1341845829.997954 -0.211499900 -0.038207311 0.027289264 0.002734453 0.002277910 0.056798849 0.998379350
1341845830.029819 -0.189391449 -0.035862129 0.013705740 0.010015034 -0.000293738 0.056195967 0.998369575
1341845830.061836 -0.194671616 -0.011473407 0.026739612 0.012306871 0.002476425 0.057248257 0.998281062
1341845830.097885 -0.185314640 -0.027016671 0.024629325 0.008715684 0.002451642 0.057741284 0.998290598
1341845830.129668 -0.182071805 -0.041799471 0.020892158 0.012719471 0.003250069 0.057833675 0.998239934
1341845830.165590 -0.194318593 -0.019329853 0.026954452 0.018564207 0.002986503 0.060479354 0.997992396
1341845830.197779 -0.179808006 -0.026499270 0.021864027 0.016429285 -0.003902965 0.064870216 0.997750878
1341845830.229883 -0.159133494 -0.021271203 0.015072010 0.019374270 -0.004666563 0.065705009 0.997640133
1341845830.265730 -0.167399004 -0.012749355 0.019949617 0.018477350 -0.002839680 0.066384420 0.997619033
1341845830.297873 -0.164234549 -0.028178489 0.017589875 0.016896198 -0.005948457 0.069265358 0.997437477
1341845830.329863 -0.146146506 -0.020555336 0.017810082 0.020551670 -0.008385275 0.071386725 0.997201741
1341845830.365740 -0.146781594 -0.011016653 0.017323077 0.020959919 -0.008147682 0.071481884 0.997188389
1341845830.397779 -0.135847539 -0.015529178 0.019790342 0.019375481 -0.011199112 0.070729069 0.997244537
1341845830.433725 -0.116953060 -0.018126845 0.024038840 0.019744584 -0.011396408 0.067821510 0.997437000
1341845830.465762 -0.123724960 -0.015762253 0.012885824 0.020831019 -0.009162514 0.066704080 0.997513294
1341845830.507859 -0.114239745 -0.020315018 0.025091892 0.021709213 -0.012269774 0.067943059 0.997377515
1341845830.565943 -0.090601422 -0.005719494 0.022207975 0.024478145 -0.007733691 0.066829637 0.997434139
1341845830.597841 -0.090978637 -0.014453846 0.018045366 0.022856448 -0.008321002 0.068909302 0.997326374
1341845830.633627 -0.076247737 -0.012748193 0.029525895 0.025242997 -0.009520355 0.068972237 0.997253776
1341845830.665700 -0.067293175 -0.006378023 0.017319936 0.025995722 -0.007660814 0.068213575 0.997302651
1341845830.701788 -0.059037067 -0.007151809 0.017663838 0.024812739 -0.007303922 0.067069300 0.997413039
1341845830.733901 -0.045416903 -0.005483751 0.003264450 0.023293652 -0.005474252 0.063032039 0.997724652
1341845830.765759 -0.044490743 -0.002388748 0.013607075 0.021467222 -0.002954115 0.059134524 0.998014808
1341845830.801839 -0.029457772 -0.010495516 0.013446223 0.019810453 -0.001392825 0.057437949 0.998151541
1341845830.833774 -0.029269038 -0.013194512 0.009671877 0.021291582 0.001712933 0.056341466 0.998183072
1341845830.865751 -0.022518521 -0.004054401 0.008831279 0.022589097 0.002041500 0.056101572 0.998167455
1341845830.901883 -0.010400376 -0.005386549 0.009634710 0.020815467 0.004320628 0.051885605 0.998426795
1341845830.933811 -0.012397953 -0.012960688 0.011214730 0.020820698 0.006461879 0.050852116 0.998468220
1341845830.969705 -0.007701958 -0.008096154 0.004813094 0.022528209 0.005704133 0.051086117 0.998423815
1341845831.001855 -0.001336952 -0.002226638 0.003694309 0.021503733 0.005333242 0.048361234 0.998584211
1341845831.033886 0.008043002 -0.005157331 0.011597470 0.020065090 0.006129130 0.045175549 0.998758733
1341845831.069727 0.009854036 -0.009204727 0.007425589 0.020112505 0.007570393 0.044304576 0.998786867
1341845831.101853 0.015959272 -0.002195911 0.008824651 0.021452894 0.007232531 0.044635557 0.998746812
1341845831.137817 0.029528776 0.002128974 0.005470201 0.020556875 0.008000733 0.043393180 0.998814523
1341845831.169942 0.028755335 -0.003818999 0.007992250 0.018964389 0.010641754 0.041866411 0.998886585
1341845831.201715 0.032832976 -0.011124928 0.010844658 0.019984741 0.009800527 0.043509360 0.998805046
1341845831.237723 0.040720090 -0.003244880 0.004385558 0.023302177 0.009303069 0.044178020 0.998708546
1341845831.269903 0.042974196 0.000450149 0.005416850 0.022962783 0.009395339 0.044170525 0.998715878
1341845831.301755 0.043183930 -0.005669339 -0.002066015 0.021812772 0.006800540 0.043907739 0.998774350
1341845831.337779 0.051089045 -0.008900175 -0.001517538 0.022444587 0.002528279 0.043353926 0.998804450
1341845831.369742 0.060130928 -0.004312452 0.000078909 0.023829434 -0.001320597 0.042989481 0.998790443
1341845831.405710 0.074237578 -0.000595410 0.000220644 0.022965180 -0.002635966 0.040990461 0.998892128
1341845831.437646 0.082469262 -0.003700083 0.002308824 0.020935562 -0.000692701 0.038506184 0.999038875
1341845831.469752 0.081080735 -0.010905624 -0.002051358 0.021125430 -0.000046108 0.038545709 0.999033570
1341845831.505745 0.089092895 -0.000797597 0.008948464 0.023098907 -0.001719510 0.038698256 0.998982489
1341845831.537844 0.104226209 0.008594435 -0.002598969 0.020516144 0.000593441 0.035896808 0.999144793
1341845831.569610 0.101086609 -0.000136426 0.001890323 0.016270863 0.004115870 0.034015432 0.999280453
1341845831.605848 0.106569961 -0.005525563 0.002207591 0.015710555 0.003866548 0.034754291 0.999264896
1341845831.637789 0.108833976 0.011884827 0.004249704 0.015977437 0.005360903 0.033931185 0.999282122
1341845831.673597 0.124425173 0.015256865 0.003393845 0.010497863 0.007524129 0.032817300 0.999377966
1341845831.705652 0.129023597 0.002314511 0.005665725 0.006145297 0.012235033 0.033268545 0.999352753
1341845831.737705 0.129212409 0.001382532 0.006340186 0.006250533 0.015025088 0.037991051 0.999145567
1341845831.773629 0.137180373 0.008443888 0.002276883 0.006550347 0.015864488 0.040596481 0.999028206
1341845831.805810 0.144063488 0.015546606 0.001753103 0.004453655 0.018101726 0.041536614 0.998963118
1341845831.837719 0.142256811 0.011648918 0.002792810 0.000941477 0.019741498 0.042518426 0.998900235
1341845831.873791 0.154251978 0.012768093 0.004241882 0.000168443 0.018132942 0.044061881 0.998864233
1341845831.905728 0.164098635 0.023568515 0.002955606 -0.001655369 0.019829303 0.042603623 0.998893917
1341845831.941628 0.168208972 0.015391085 0.005725215 -0.004532150 0.021407265 0.041994192 0.998878241
1341845831.973784 0.178274721 0.017580001 0.008664411 -0.004683131 0.022753481 0.041372940 0.998873711
1341845832.005729 0.187570065 0.017815668 0.006647435 -0.004298808 0.024592640 0.040219169 0.998879015
1341845832.041627 0.203412905 0.023755832 0.002658998 -0.004931677 0.026288895 0.039702553 0.998853505
1341845832.073865 0.200274795 0.019050471 0.000849511 -0.007115092 0.030253500 0.037542541 0.998811603
1341845832.109730 0.199265286 0.011937234 0.001752237 -0.007355176 0.030371776 0.038545866 0.998768091
1341845832.141683 0.214350849 0.015356306 -0.003229859 -0.005048039 0.028727653 0.038850736 0.998819292
1341845832.173988 0.218987212 0.027436299 -0.001996171 -0.005040506 0.030882426 0.037450485 0.998808503
1341845832.209956 0.217483103 0.016528675 0.001812855 -0.006991533 0.029639874 0.037292276 0.998840332
1341845832.241796 0.227454856 0.023930628 -0.000382540 -0.005468861 0.026715994 0.038718622 0.998878002
1341845832.273776 0.241989329 0.031518769 -0.007589539 -0.006172340 0.026491826 0.037424814 0.998929143
1341845832.309916 0.237776861 0.034296501 0.000165460 -0.009369161 0.028620793 0.036510833 0.998879433
1341845832.341687 0.243450284 0.030764429 -0.000117321 -0.011489893 0.026698280 0.037871055 0.998859823
1341845832.377708 0.254299760 0.037906084 -0.003748225 -0.011754715 0.025016258 0.039066061 0.998854280
1341845832.409802 0.256015986 0.038896177 -0.001612069 -0.014031978 0.024670947 0.039868627 0.998801768
1341845832.442187 0.261695355 0.038537320 -0.000349128 -0.015410207 0.023683680 0.039970063 0.998801291
1341845832.477743 0.268718183 0.042026855 -0.003568917 -0.016089054 0.023285659 0.039972801 0.998799860
1341845832.509635 0.271946609 0.043334432 0.000465117 -0.017171554 0.023398105 0.040963445 0.998739064
1341845832.541586 0.278295517 0.046751935 -0.007217255 -0.018040575 0.024034046 0.041855998 0.998671591
1341845832.577871 0.280210465 0.046892338 -0.005853794 -0.018650930 0.024316220 0.043171506 0.998597562
1341845832.609738 0.287208468 0.048578389 -0.008027883 -0.018627545 0.023510024 0.043840386 0.998588204
1341845832.645699 0.291187644 0.056802321 -0.007200425 -0.018388359 0.024280263 0.043756597 0.998577893
1341845832.677817 0.291924447 0.062117852 -0.007373192 -0.020285454 0.024604511 0.043171171 0.998558640
1341845832.710177 0.300464004 0.058408286 -0.006164471 -0.022159141 0.024881914 0.043586660 0.998493910
1341845832.745710 0.304850250 0.061660834 -0.006983569 -0.021911347 0.026052600 0.045131546 0.998400867
1341845832.777849 0.309860408 0.064662226 -0.005849690 -0.022459138 0.027359925 0.047361657 0.998250484
1341845832.810110 0.318871379 0.065293051 -0.012941911 -0.023790013 0.028267924 0.048916735 0.998119354
1341845832.845797 0.324430406 0.064422458 -0.011343416 -0.025754374 0.030125985 0.049399137 0.997992396
1341845832.877696 0.326551378 0.063041143 -0.006196068 -0.026557213 0.031670436 0.050396353 0.997873724
1341845832.913787 0.331887454 0.064550243 -0.010733933 -0.025978485 0.031713933 0.051682994 0.997821808
1341845832.945664 0.339687109 0.071852840 -0.012082039 -0.026735617 0.033208009 0.050443325 0.997816622
1341845832.978015 0.340251327 0.068184860 -0.010310430 -0.027945438 0.034075834 0.050939009 0.997729003
1341845833.045857 0.357332319 0.075364031 -0.012562651 -0.028816216 0.033803653 0.051461622 0.997686684
1341845833.077785 0.363647461 0.072852366 -0.014280240 -0.030606596 0.035342995 0.050856214 0.997611046
1341845833.113636 0.371491015 0.069183610 -0.014792801 -0.031000530 0.036776602 0.050437111 0.997568369
1341845833.145767 0.379474312 0.079411015 -0.025157653 -0.030566171 0.038215913 0.050984699 0.997499824
1341845833.181891 0.388560325 0.079098329 -0.027581735 -0.034610793 0.040364187 0.048458304 0.997408986
1341845833.213878 0.385267973 0.073239148 -0.021254515 -0.036680419 0.042888034 0.048505254 0.997227430
1341845833.245714 0.393469304 0.075433210 -0.021385770 -0.034459222 0.040298004 0.050420828 0.997319639
1341845833.281847 0.407115400 0.074022174 -0.020861931 -0.031150874 0.039917305 0.051905204 0.997367620
1341845833.313771 0.413848042 0.080289982 -0.027201282 -0.028537113 0.042849965 0.052567206 0.997289479
1341845833.349756 0.417489916 0.082611248 -0.028776931 -0.029715909 0.043939378 0.052966736 0.997186542
1341845833.381840 0.430579543 0.082463697 -0.023798050 -0.030301198 0.045604650 0.052974850 0.997093618
1341845833.414644 0.432371080 0.083592676 -0.027299169 -0.030937556 0.049195305 0.052148450 0.996947050
1341845833.449819 0.435142845 0.076550663 -0.027939422 -0.032574203 0.048339393 0.053285353 0.996876597
1341845833.488616 0.447367489 0.079762064 -0.031971447 -0.030912397 0.047448367 0.052686591 0.997004151
1341845833.549835 0.447004408 0.076318398 -0.028373325 -0.035120632 0.048706219 0.052185170 0.996830463
1341845833.581733 0.454342782 0.075384840 -0.026462408 -0.032159362 0.046748433 0.053089712 0.996976435
1341845833.617817 0.454132229 0.084949672 -0.031755675 -0.030830923 0.046448540 0.054235294 0.996970713
1341845833.649899 0.456225157 0.082894526 -0.027769467 -0.033653043 0.045175828 0.052936964 0.997007728
1341845833.681671 0.459685564 0.078625180 -0.022625484 -0.033582434 0.045158796 0.052750703 0.997020721
1341845833.717606 0.456678659 0.085074328 -0.024899961 -0.031555567 0.043853909 0.056065384 0.996964335
1341845833.752940 0.464364469 0.090765886 -0.024634574 -0.033379603 0.040543474 0.055170782 0.997094929
1341845833.817827 0.461603880 0.086512215 -0.023041379 -0.037085604 0.042117976 0.054029234 0.996961236
1341845833.849860 0.471251100 0.083961979 -0.022335283 -0.037088651 0.039497446 0.054474145 0.997044146
1341845833.885667 0.475304663 0.086959109 -0.026036415 -0.036085576 0.040801696 0.053524811 0.997079909
1341845833.917724 0.467873156 0.088494472 -0.025885161 -0.038084362 0.042802002 0.052245054 0.996989548
1341845833.949675 0.472168565 0.081214406 -0.022358824 -0.038593724 0.041351162 0.052619666 0.997011423
1341845833.985662 0.476010144 0.086340226 -0.024336176 -0.036034651 0.042465594 0.052460846 0.997068763
1341845834.018158 0.468214899 0.093967140 -0.029327236 -0.037538476 0.044169284 0.051154297 0.997007132
1341845834.049769 0.465951771 0.081142664 -0.024103055 -0.040463544 0.042988766 0.049437478 0.997030914
1341845834.085753 0.467133880 0.083894685 -0.027052147 -0.039730523 0.042876001 0.047336381 0.997167230
1341845834.153871 0.458101779 0.082364522 -0.025218034 -0.041831605 0.045187891 0.047153056 0.996987939
1341845834.185736 0.455818355 0.079016969 -0.029239928 -0.042966392 0.045983810 0.045440074 0.996982753
1341845834.217802 0.447169334 0.084549978 -0.027323529 -0.043145716 0.047199246 0.043971304 0.996984065
1341845834.253824 0.435535312 0.087917052 -0.033684105 -0.046243344 0.046252914 0.042319380 0.996961057
1341845834.285756 0.438278437 0.078788467 -0.024822522 -0.050091576 0.043466084 0.039780922 0.997005045
1341845834.321783 0.436571300 0.077282652 -0.017130822 -0.047775410 0.043252751 0.040348150 0.997105241
1341845834.355135 0.427337736 0.069601536 -0.017778788 -0.042605143 0.044324502 0.043584526 0.997156203
1341845834.385801 0.426588088 0.078572556 -0.028334068 -0.038960461 0.044464435 0.045144137 0.997229695
1341845834.421748 0.418031037 0.079606034 -0.027127357 -0.039410431 0.045959778 0.043444205 0.997219682
1341845834.453840 0.401632607 0.079898402 -0.022280846 -0.039913632 0.045735333 0.042081352 0.997268438
1341845834.485639 0.396538228 0.073660590 -0.020446725 -0.040563401 0.044197705 0.038905345 0.997440517
1341845834.521785 0.392603427 0.074821740 -0.022339748 -0.039699219 0.044004481 0.038044736 0.997517049
1341845834.553727 0.382952839 0.078379072 -0.018597817 -0.039963946 0.044632442 0.038095385 0.997476637
1341845834.589787 0.365259051 0.071702600 -0.012705940 -0.040481269 0.043813426 0.038014691 0.997495174
1341845834.621791 0.367543489 0.070827492 -0.021181718 -0.038787019 0.040401302 0.038562428 0.997685432
1341845834.653808 0.360533446 0.077663951 -0.025605520 -0.040351380 0.041320220 0.034805182 0.997723937
1341845834.689847 0.348754793 0.074286841 -0.025810884 -0.043920070 0.041313019 0.032784611 0.997641981
1341845834.721856 0.329531997 0.062309910 -0.010234096 -0.045399230 0.039107665 0.032301001 0.997680426
1341845834.753919 0.327504665 0.059601765 -0.011282937 -0.042533558 0.036602467 0.032881275 0.997882843
1341845834.789834 0.324354559 0.065897636 -0.018117199 -0.040666349 0.036939874 0.032142557 0.997972310
1341845834.821826 0.305828363 0.066968530 -0.011148374 -0.042113088 0.037611410 0.032606628 0.997872114
1341845834.857804 0.293807089 0.061181098 -0.012239801 -0.042947557 0.035297610 0.031821750 0.997946382
1341845834.889796 0.287382007 0.057515699 -0.016001204 -0.043502659 0.033992629 0.030157942 0.998019338
1341845834.921771 0.273228198 0.056209989 -0.007873880 -0.042632412 0.033289302 0.030323466 0.998075545
1341845834.957942 0.260048866 0.055703588 -0.009993439 -0.041638684 0.030924495 0.029910717 0.998206019
1341845834.989806 0.250069827 0.054800820 -0.008561732 -0.040822033 0.028463045 0.029267868 0.998332083
1341845835.021804 0.240018785 0.051132642 -0.008571246 -0.039875716 0.026268382 0.029395221 0.998426735
1341845835.058003 0.233573422 0.049719583 -0.012285927 -0.038086183 0.024315603 0.029906305 0.998530805
1341845835.089820 0.220780730 0.051293794 -0.008883507 -0.036430582 0.022417141 0.030961407 0.998604894
1341845835.125663 0.209158093 0.053219154 -0.011687784 -0.036609039 0.019548828 0.031491622 0.998642027
1341845835.157750 0.201592907 0.049462542 -0.014444307 -0.038126055 0.017056037 0.030289376 0.998668134
1341845835.189830 0.190981820 0.038333241 -0.011516361 -0.037365150 0.015457653 0.030025743 0.998730898
1341845835.225912 0.178434283 0.038776893 -0.010989968 -0.033154193 0.012479976 0.032154709 0.998854995
1341845835.258001 0.175508067 0.047533803 -0.019496838 -0.031624973 0.010385738 0.030840566 0.998969913
1341845835.290164 0.157244295 0.042948358 -0.010750969 -0.033037867 0.009687440 0.029452199 0.998973131
1341845835.325788 0.143320352 0.034650173 -0.008552634 -0.032065578 0.007108405 0.029293766 0.999031126
1341845835.363902 0.142657310 0.037551187 -0.015146299 -0.030229235 0.004714781 0.027919477 0.999141932
1341845835.363902 0.145579457 0.036843061 -0.016060697 -0.030257227 0.004459512 0.027745072 0.999147058
1341845835.431742 0.116115786 0.040037248 -0.007650472 -0.029544944 0.000519698 0.025714533 0.999232471
1341845835.493790 0.100557774 0.030734703 -0.007822238 -0.027217023 -0.004626613 0.026295485 0.999272943
1341845835.527633 0.085979111 0.035476215 -0.007460332 -0.025695000 -0.006340775 0.027180159 0.999280155
1341845835.561788 0.076042242 0.039360449 -0.010311567 -0.026268531 -0.010780881 0.026791809 0.999237716
1341845835.594173 0.078102663 0.034808800 -0.012140402 -0.027952284 -0.012402852 0.025623819 0.999203801
1341845835.625859 0.068971895 0.025288045 -0.014203544 -0.026726661 -0.011651195 0.026447941 0.999224901
1341845835.661923 0.052031532 0.026313903 -0.006539409 -0.021702530 -0.014041293 0.029161047 0.999240458
1341845835.693994 0.057543721 0.028975265 -0.012165808 -0.018773967 -0.016887181 0.030625874 0.999211967
1341845835.725724 0.052053154 0.024446927 -0.015335320 -0.017083781 -0.014085722 0.030458463 0.999290824
1341845835.761816 0.034032788 0.019606762 -0.011581393 -0.014679487 -0.014306568 0.032716092 0.999254465
1341845835.793927 0.030240327 0.027690787 -0.007691955 -0.011501841 -0.017579256 0.035133574 0.999161839
1341845835.829809 0.026040632 0.030858131 -0.008658001 -0.011836818 -0.017154349 0.034593198 0.999184132
1341845835.868224 0.014239248 0.021504801 -0.013407369 -0.012268410 -0.015894135 0.035089310 0.999182522
1341845835.868224 0.014029576 0.019829188 -0.015775073 -0.012464539 -0.015856851 0.035133559 0.999179125
1341845835.903857 0.010073111 0.014835764 -0.030651284 -0.010063724 -0.019462364 0.037923224 0.999040425
1341845835.935727 0.013080144 0.022640705 -0.024583217 -0.008485595 -0.021379188 0.038217861 0.999004662
1341845835.967812 0.005177971 0.017108493 -0.020152748 -0.008898949 -0.019069994 0.037086081 0.999090493
1341845836.003789 -0.012409104 0.008086334 -0.019573461 -0.006184548 -0.018707890 0.039825283 0.999012411
1341845836.035920 -0.011101241 0.014029786 -0.017392287 -0.002619946 -0.020354198 0.040844850 0.998954713
1341845836.067671 -0.018235005 0.015322568 -0.019155035 -0.002421811 -0.018039992 0.039350335 0.999059677
1341845836.104034 -0.033354025 0.005843798 -0.023200899 -0.001963375 -0.017813653 0.039734658 0.999049604
1341845836.135769 -0.044450648 0.007115649 -0.045578267 0.000451089 -0.020661503 0.039161641 0.999019146
1341845836.172097 -0.048055604 0.014883562 -0.035049230 0.000830923 -0.023679400 0.038573917 0.998974860
1341845836.203642 -0.041856721 0.009013449 -0.037074637 -0.001377668 -0.023522871 0.037785474 0.999008060
1341845836.235687 -0.058207504 -0.000904118 -0.035368279 -0.000182684 -0.022406410 0.038949970 0.998989940
1341845836.271774 -0.069525532 0.002785397 -0.033445764 0.003336258 -0.025914408 0.040829323 0.998824477
1341845836.303797 -0.064600348 0.006447810 -0.037983149 0.004426056 -0.028494695 0.042193085 0.998693287
1341845836.335742 -0.065846220 0.009187562 -0.037556004 0.003239386 -0.027098658 0.041899100 0.998749077
1341845836.372549 -0.075650632 -0.004928625 -0.033858556 0.003652697 -0.024288429 0.044992510 0.998685360
1341845836.403992 -0.081829287 0.001324154 -0.041836735 0.007600479 -0.023874022 0.048553269 0.998506367
1341845836.435705 -0.080200896 0.006544648 -0.040358949 0.008971212 -0.022218585 0.049783599 0.998472571
1341845836.471817 -0.092445746 0.010330327 -0.037448388 0.009813500 -0.017879160 0.049282275 0.998576641
1341845836.503945 -0.106565550 0.006967698 -0.041915692 0.009562859 -0.017178919 0.051140819 0.998497903
1341845836.539832 -0.109532051 0.010062119 -0.039885458 0.010326195 -0.019147987 0.051695924 0.998425901
1341845836.571973 -0.108207896 0.011003545 -0.044725291 0.009367922 -0.019517999 0.052070007 0.998408794
1341845836.604373 -0.114374243 0.013983471 -0.044711284 0.007747733 -0.018812038 0.050780769 0.998502612
1341845836.639724 -0.119753949 0.003507336 -0.038931683 0.005369535 -0.019087132 0.049146634 0.998594761
1341845836.672049 -0.118627548 -0.005957332 -0.040977705 0.006684035 -0.019739553 0.047765605 0.998641193
1341845836.704020 -0.121861547 -0.011826524 -0.038723372 0.008782400 -0.019231120 0.047507651 0.998647153
1341845836.739779 -0.124139041 -0.027289603 -0.039825976 0.012240079 -0.019779343 0.049245439 0.998515844
1341845836.771652 -0.121891923 -0.030515051 -0.041324880 0.021876404 -0.019252429 0.049856611 0.998331189
1341845836.803601 -0.126039982 -0.032662712 -0.040830456 0.028061211 -0.017570509 0.052141096 0.998090804
1341845836.839643 -0.133468673 -0.038654864 -0.036446039 0.030422090 -0.018508499 0.053269170 0.997945070
1341845836.871771 -0.125107720 -0.047674567 -0.039236885 0.033712313 -0.020655733 0.054259881 0.997743845
1341845836.907663 -0.126413077 -0.044919658 -0.040113825 0.035475217 -0.018559175 0.055529732 0.997654080
1341845836.939824 -0.134742737 -0.059467696 -0.035408098 0.035068151 -0.016169645 0.058504820 0.997539997
1341845836.971802 -0.131278217 -0.062014326 -0.038956676 0.037738461 -0.017663559 0.059296474 0.997370481
1341845837.007714 -0.110006958 -0.040889107 -0.016799450 0.037441414 -0.016317753 0.058834370 0.997431934
1341845837.039752 -0.121667661 -0.067158438 -0.022499850 0.030049693 -0.009118463 0.060172912 0.997693956
1341845837.071715 -0.124422066 -0.093386807 -0.030675663 0.032412458 -0.008152820 0.059383672 0.997675598
1341845837.107691 -0.116755597 -0.086399727 -0.029911777 0.034993161 -0.007859602 0.060898222 0.997499526
1341845837.139763 -0.116986014 -0.103210554 -0.018137395 0.034015905 -0.004539398 0.060843792 0.997557223
1341845837.171636 -0.127588943 -0.113949344 -0.013957443 0.038031179 -0.001046782 0.056061223 0.997702241
1341845837.207675 -0.130470917 -0.107951619 -0.017037138 0.039099488 -0.003030841 0.054258164 0.997756541
1341845837.239749 -0.122731164 -0.125971034 -0.021774400 0.035882093 -0.004605334 0.048964694 0.998145163
1341845837.275755 -0.122585937 -0.146076277 -0.019239917 0.035799988 -0.002558621 0.043867599 0.998392463
1341845837.307686 -0.127212569 -0.167949945 -0.027157824 0.038869224 -0.002314548 0.046784643 0.998145819
1341845837.339628 -0.125273734 -0.172492415 -0.020929275 0.044610485 -0.004758589 0.048525333 0.997813880
1341845837.375710 -0.116216667 -0.176519349 -0.018248821 0.049018972 -0.004331972 0.046081096 0.997724891
1341845837.407709 -0.114066675 -0.168708056 -0.041276846 0.049707960 -0.001207664 0.044505741 0.997771025
1341845837.439656 -0.116521984 -0.177906469 -0.037582643 0.042654958 0.001691154 0.041452877 0.998228133
1341845837.475671 -0.109020449 -0.199726284 -0.035174586 0.038520962 0.002476718 0.039985474 0.998454452
1341845837.507973 -0.099732861 -0.200587198 -0.047923937 0.038784131 0.005790162 0.038884800 0.998474002
1341845837.543708 -0.106030531 -0.206149727 -0.040649962 0.034740187 0.010523380 0.036910485 0.998659134
1341845837.575706 -0.108121537 -0.226426244 -0.037409369 0.032256167 0.012586342 0.034098648 0.998818517
1341845837.607609 -0.101214126 -0.237073839 -0.041714896 0.032757092 0.014638869 0.031396892 0.998862863
1341845837.643704 -0.104624718 -0.246799320 -0.040998161 0.034122568 0.018217780 0.029010128 0.998830438
1341845837.675706 -0.104412377 -0.258123606 -0.035586298 0.036112119 0.019771490 0.026792943 0.998792887
1341845837.711803 -0.098035105 -0.257355392 -0.041038767 0.038250927 0.021224936 0.025894567 0.998707116
1341845837.743935 -0.097844422 -0.262743562 -0.037492041 0.038090184 0.024065444 0.024101540 0.998693764
1341845837.775698 -0.097940378 -0.278174400 -0.038109813 0.039517522 0.026524479 0.022960030 0.998602867
1341845837.811909 -0.094135083 -0.261522144 -0.042423226 0.041872568 0.029030206 0.023170827 0.998432338
1341845837.843915 -0.095716812 -0.271265715 -0.043726150 0.038341150 0.032206073 0.021958595 0.998504221
1341845837.879790 -0.096533559 -0.294164896 -0.037341025 0.038188625 0.034580167 0.019968055 0.998472393
1341845837.911946 -0.102102034 -0.300319165 -0.034691717 0.042155970 0.035952769 0.022063408 0.998220205
1341845837.946188 -0.098792367 -0.294817567 -0.038462684 0.044946961 0.035133913 0.024212895 0.998077750
1341845837.979709 -0.081744961 -0.291034847 -0.043115854 0.044584673 0.036190949 0.023271235 0.998078644
1341845838.041927 -0.099409990 -0.299404204 -0.047835100 0.037647333 0.042572729 0.018038575 0.998220921
1341845838.073905 -0.096468747 -0.320700735 -0.034164917 0.035690386 0.041924067 0.015574438 0.998361707
1341845838.105792 -0.093820572 -0.325670034 -0.037891608 0.037908763 0.042690799 0.016688444 0.998229444
1341845838.141667 -0.097759768 -0.312775046 -0.033494119 0.039168645 0.043288879 0.016795341 0.998153269
1341845838.173678 -0.087281361 -0.310739487 -0.035605956 0.036516506 0.043013100 0.013749133 0.998312294
1341845838.205767 -0.083484903 -0.309170544 -0.037772901 0.031966403 0.045218099 0.008359945 0.998430610
1341845838.241893 -0.090895981 -0.319669485 -0.035421725 0.024704982 0.048430115 0.005501704 0.998505890
1341845838.273791 -0.102018759 -0.341532111 -0.026046189 0.020866577 0.048782818 0.002585618 0.998588145
1341845838.309852 -0.104187556 -0.343730390 -0.022971965 0.021489570 0.046329141 0.001484012 0.998694003
1341845838.341805 -0.097384036 -0.349541545 -0.022180907 0.021084163 0.043931205 0.004199854 0.998803258
1341845838.373872 -0.093093328 -0.361528248 -0.021662993 0.021908507 0.043730505 0.005339464 0.998788834
1341845838.409713 -0.094955683 -0.355311304 -0.021070562 0.023251664 0.043626305 0.007073671 0.998752296
1341845838.441818 -0.090447396 -0.352644205 -0.024585104 0.021594910 0.042452849 0.010454653 0.998810351
1341845838.473754 -0.085759580 -0.363288701 -0.025180925 0.018396096 0.042553250 0.009033703 0.998884022
1341845838.509713 -0.086303934 -0.369995683 -0.023083374 0.017198035 0.044012919 0.006351366 0.998862743
1341845838.541649 -0.092358463 -0.382430494 -0.026085809 0.017011462 0.044529751 0.005983593 0.998845279
1341845838.577804 -0.084874362 -0.391162425 -0.029198235 0.018933337 0.043407869 0.003616069 0.998871565
1341845838.609807 -0.080289982 -0.393054843 -0.031358488 0.021366153 0.044865735 0.000997987 0.998764038
1341845838.641690 -0.083094895 -0.396569759 -0.031329706 0.022637496 0.047055122 0.000666300 0.998635530
1341845838.677850 -0.087325901 -0.399410278 -0.036619309 0.023591325 0.047888305 -0.000014527 0.998574078
1341845838.709635 -0.078563303 -0.391011328 -0.029882276 0.024150567 0.047713105 -0.001769879 0.998567522
1341845838.745913 -0.065572701 -0.378680557 -0.046143986 0.019992687 0.050724860 -0.003458489 0.998506546
1341845838.777723 -0.079266720 -0.390234441 -0.024562052 0.012103345 0.055363804 -0.004915922 0.998380780
1341845838.809656 -0.085535280 -0.401325285 -0.018329745 0.009245574 0.054346249 -0.006127169 0.998460591
1341845838.845874 -0.073714457 -0.409090191 -0.028473765 0.008869771 0.052878246 -0.006243921 0.998542070
1341845838.877695 -0.056587346 -0.392087817 -0.036678921 0.006672790 0.055006184 -0.005479150 0.998448730
1341845838.909636 -0.068260215 -0.408693314 -0.021107836 0.000589881 0.059339758 -0.010026142 0.998187363
1341845838.945837 -0.073929869 -0.425693005 -0.024881005 -0.000848725 0.059971005 -0.012245878 0.998124659
1341845838.977758 -0.068322681 -0.430327982 -0.026590047 0.000317182 0.059401274 -0.011016432 0.998173416
1341845839.013907 -0.057871256 -0.426239699 -0.027114162 0.001686343 0.060736973 -0.011351196 0.998087883
1341845839.046225 -0.060670294 -0.420330197 -0.028017279 0.001022606 0.063642144 -0.013193590 0.997885048
1341845839.077750 -0.070286721 -0.424026549 -0.022996327 -0.002180415 0.062816598 -0.014500003 0.997917414
1341845839.113934 -0.063391998 -0.442913413 -0.021629998 -0.003060280 0.060025390 -0.014022412 0.998093665
1341845839.145852 -0.060728509 -0.437768102 -0.016549848 0.000550490 0.059869327 -0.012071711 0.998133183
1341845839.177741 -0.054137778 -0.431017399 -0.017474094 0.000880712 0.059753712 -0.010383368 0.998158813
1341845839.214000 -0.047023907 -0.444443464 -0.017952828 0.000236999 0.060888819 -0.011456282 0.998078763
1341845839.246198 -0.047355838 -0.446401447 -0.015996747 0.002724657 0.063266523 -0.010727532 0.997935295
1341845839.281774 -0.044507444 -0.439982831 -0.018202476 0.003916963 0.064654566 -0.008644504 0.997862637
1341845839.314004 -0.033219960 -0.446465164 -0.022941606 0.003283523 0.066601485 -0.010207769 0.997722089
1341845839.345945 -0.041832048 -0.453827679 -0.026631972 0.003529334 0.069597162 -0.011577199 0.997501731
1341845839.381741 -0.040443316 -0.462207377 -0.028880334 0.004583944 0.068916388 -0.007995589 0.997579873
1341845839.413801 -0.029920844 -0.465628415 -0.029987639 0.006849948 0.068915047 -0.006292353 0.997579217
1341845839.445714 -0.030604133 -0.453448862 -0.027282448 0.009261696 0.071178257 -0.006012552 0.997402489
1341845839.481741 -0.024755249 -0.450177580 -0.033454619 0.008235697 0.071558163 -0.006191080 0.997383237
1341845839.514001 -0.021230806 -0.457628548 -0.026296262 0.006049837 0.073090613 -0.007340989 0.997279942
1341845839.549791 -0.021364586 -0.467943817 -0.036902480 0.007114421 0.074949130 -0.007118510 0.997136593
1341845839.587666 -0.019815940 -0.462461412 -0.041914772 0.008512017 0.074624464 -0.005831323 0.997158408
1341845839.681817 -0.024195528 -0.450858682 -0.033487950 0.008969219 0.077884503 -0.004601599 0.996911466
1341845839.713876 -0.013619259 -0.453607053 -0.036501862 0.007877131 0.075810432 -0.004748748 0.997079849
1341845839.749808 -0.010809997 -0.452515602 -0.037246905 0.007905710 0.076957785 -0.005317396 0.996988833
1341845839.781785 -0.020809572 -0.446751028 -0.040302020 0.007169230 0.078407481 -0.004332426 0.996886194
1341845839.817825 -0.024146918 -0.449682295 -0.034090996 0.005003436 0.076948203 -0.004724676 0.997011364
1341845839.849994 -0.019482730 -0.443629146 -0.031396493 0.004300705 0.076211251 -0.004371979 0.997072816
1341845839.881829 -0.025998410 -0.439556330 -0.032647282 0.002191276 0.076647580 -0.004342009 0.997046411
1341845839.917855 -0.034188807 -0.441791981 -0.031625774 -0.000397977 0.075534754 -0.004771329 0.997131705
1341845839.950283 -0.033869538 -0.435130715 -0.028925449 -0.001633206 0.072859153 -0.004584778 0.997330368
1341845839.985757 -0.034469407 -0.430480599 -0.029058982 -0.003889486 0.070867315 -0.004128320 0.997469723
1341845840.017660 -0.034395196 -0.412724078 -0.024962705 -0.006582010 0.069336541 -0.004773492 0.997560263
1341845840.049741 -0.043477256 -0.411689550 -0.022135476 -0.011353225 0.068882078 -0.005703927 0.997543931
1341845840.085650 -0.049885210 -0.416859716 -0.012185322 -0.015072024 0.066742919 -0.005152227 0.997643054
1341845840.117698 -0.049272608 -0.407794327 -0.012115420 -0.015734829 0.064844303 -0.003178488 0.997766256
1341845840.149796 -0.051114049 -0.390979022 -0.008863439 -0.017904641 0.063836239 -0.001497935 0.997798681
1341845840.186069 -0.054625627 -0.389504582 -0.005901875 -0.022990484 0.063403703 -0.002865957 0.997719049
1341845840.217657 -0.052732978 -0.381810248 -0.005217125 -0.026781946 0.063859738 -0.003150738 0.997594476
1341845840.253694 -0.063413352 -0.382508636 -0.002307498 -0.031042794 0.064157479 -0.001799710 0.997455299
1341845840.285914 -0.067483425 -0.380022466 -0.005127857 -0.033049688 0.061354581 -0.001382118 0.997567832
1341845840.317753 -0.067650206 -0.369592637 0.005112055 -0.035223391 0.059367411 -0.000087168 0.997614622
1341845840.353861 -0.061645839 -0.368110090 -0.005016927 -0.037831414 0.058614947 0.001742210 0.997562110
1341845840.385775 -0.065514870 -0.358174622 -0.007070441 -0.040171232 0.059373833 0.000249184 0.997427225
1341845840.417676 -0.071207568 -0.353175431 -0.004462047 -0.043855678 0.058507986 -0.001046650 0.997322619
1341845840.453598 -0.072966717 -0.353114128 -0.001339845 -0.046408534 0.057508774 -0.001058625 0.997265220
1341845840.485943 -0.074726470 -0.346764416 0.000736145 -0.046854358 0.057884734 -0.001569390 0.997222006
1341845840.521810 -0.080007598 -0.337660968 0.002079659 -0.047617022 0.057804156 -0.000769239 0.997191429
1341845840.553677 -0.084392540 -0.330006838 0.002128075 -0.049682189 0.055824395 0.001218630 0.997203052
1341845840.585765 -0.081913374 -0.333652675 0.003547049 -0.051749989 0.054397672 0.000214415 0.997177422
1341845840.621850 -0.083666593 -0.323327780 -0.002677510 -0.052152079 0.054377072 -0.001710213 0.997156143
1341845840.653789 -0.091854386 -0.314362139 -0.002346476 -0.055844512 0.053803027 -0.001883715 0.996987045
1341845840.685850 -0.092495143 -0.327397913 -0.000828023 -0.058893770 0.052643653 -0.005444189 0.996860385
1341845840.721832 -0.099574462 -0.330725193 0.001096366 -0.056942321 0.052915581 -0.007126459 0.996948719
1341845840.753824 -0.108493187 -0.324949771 0.003067409 -0.053029250 0.049908664 -0.003207869 0.997339904
1341845840.789783 -0.103024773 -0.318999022 0.009171198 -0.050082624 0.046405297 -0.002146255 0.997664094
1341845840.821733 -0.104793511 -0.312500149 -0.001239893 -0.048308056 0.048084944 -0.005350802 0.997660100
1341845840.853661 -0.110760286 -0.307916403 -0.004967784 -0.048129849 0.049427524 -0.004418506 0.997607648
1341845840.889737 -0.116263084 -0.304027259 0.000879101 -0.048174508 0.048021313 -0.002737451 0.997680187
1341845840.921786 -0.106586173 -0.295983702 -0.007063621 -0.047964666 0.047645614 -0.002637536 0.997708619
1341845840.957782 -0.109427512 -0.286987126 -0.005441966 -0.049899381 0.050910391 -0.003633784 0.997449338
1341845840.989777 -0.116030790 -0.288380712 -0.003624148 -0.052996408 0.052567571 -0.003983176 0.997202277
1341845841.021755 -0.117684096 -0.289620578 -0.000225485 -0.052425783 0.053350795 -0.003242215 0.997193456
1341845841.057797 -0.113465637 -0.285505831 -0.000798846 -0.048018523 0.053975176 -0.002634847 0.997383595
1341845841.089861 -0.114691108 -0.275007993 0.002528370 -0.043591600 0.056147244 -0.003274003 0.997465134
1341845841.127763 -0.120058201 -0.266607195 0.000665153 -0.042131476 0.056990381 -0.005764676 0.997468770
1341845841.189794 -0.121482298 -0.258108020 0.003511813 -0.038933232 0.055848002 -0.013875339 0.997583508
1341845841.225871 -0.121849976 -0.255457312 0.004126548 -0.035398223 0.055428077 -0.016440989 0.997699559
1341845841.257769 -0.124689281 -0.243749529 0.005657689 -0.031633206 0.055300497 -0.017582418 0.997813702
1341845841.289834 -0.123506822 -0.232819885 0.001427763 -0.029983498 0.054008361 -0.015908958 0.997963428
1341845841.325856 -0.120352149 -0.216951206 -0.000323200 -0.030678524 0.053283960 -0.013985194 0.998010039
1341845841.357778 -0.125792071 -0.218604922 0.009396295 -0.033192236 0.053155806 -0.015130250 0.997919798
1341845841.389747 -0.126651004 -0.221753746 0.017577022 -0.031404477 0.049893524 -0.012111916 0.998187184
1341845841.425648 -0.121187955 -0.223030642 0.016397631 -0.026054317 0.046609133 -0.007814586 0.998542845
1341845841.457784 -0.120535567 -0.215765163 0.019985570 -0.016999738 0.045498997 -0.002662945 0.998816192
1341845841.493636 -0.119605899 -0.192974657 0.015557446 -0.011220285 0.044564500 0.000804679 0.998943210
1341845841.525800 -0.113084972 -0.174438551 0.011708425 -0.012610100 0.043805767 0.002655395 0.998956978
1341845841.557776 -0.117048003 -0.176536992 0.014959890 -0.016475648 0.044600107 0.002123651 0.998866796
1341845841.593697 -0.120006375 -0.177153587 0.020020660 -0.018721946 0.043427538 0.004318366 0.998871863
1341845841.625800 -0.118166387 -0.178389221 0.024169326 -0.016965158 0.041536119 0.005769224 0.998976290
1341845841.657778 -0.113463737 -0.171460718 0.018760258 -0.013742970 0.041433383 0.007271286 0.999020278
1341845841.693890 -0.119554155 -0.164972588 0.018365342 -0.012453856 0.041591492 0.009437960 0.999012589
1341845841.725831 -0.116691127 -0.160661370 0.019124838 -0.012895339 0.040416166 0.009996661 0.999049723
1341845841.761977 -0.118716806 -0.152002558 0.022781895 -0.011789841 0.040231489 0.008140243 0.999087691
1341845841.793705 -0.122887075 -0.138384670 0.023311362 -0.012556819 0.039612163 0.009000174 0.999095738
1341845841.825907 -0.124300145 -0.143498570 0.028582355 -0.015682962 0.037765168 0.007673888 0.999134123
1341845841.862456 -0.125952125 -0.144374982 0.033792604 -0.015111112 0.036337577 0.008434000 0.999189794
1341845841.893840 -0.126927793 -0.145399451 0.034815554 -0.010544433 0.033962946 0.012880136 0.999284506
1341845841.925729 -0.121956289 -0.136655912 0.024363054 -0.006912504 0.031345174 0.014675986 0.999376953
1341845841.961799 -0.123580091 -0.128050372 0.029429020 -0.006284541 0.031041054 0.014911981 0.999387145
1341845841.994063 -0.118299492 -0.121724762 0.024865387 -0.006204756 0.032030694 0.012762205 0.999386191
1341845842.030345 -0.127834007 -0.111536160 0.027501181 -0.008261335 0.032495633 0.012397939 0.999360919
1341845842.061842 -0.125610471 -0.118002214 0.030496914 -0.010020300 0.030063955 0.013485104 0.999406815
1341845842.095648 -0.122296154 -0.109128974 0.032799155 -0.008758545 0.029642355 0.014270765 0.999420285
1341845842.130144 -0.123919599 -0.106627576 0.033057634 -0.009501162 0.030186204 0.016159393 0.999368548
1341845842.168651 -0.124505848 -0.096934229 0.032091457 -0.009430747 0.030213717 0.018631477 0.999325335
1341845842.204415 -0.125009984 -0.098003641 0.034723520 -0.009812329 0.030469114 0.019137666 0.999304354
1341845842.236995 -0.131876260 -0.095835306 0.033307981 -0.008175382 0.029708209 0.020499416 0.999314964
1341845842.298056 -0.123148754 -0.082248300 0.032582484 -0.003755318 0.023798481 0.025470797 0.999385238
1341845842.330531 -0.127372950 -0.068658210 0.029962998 -0.001579056 0.025374899 0.025293047 0.999356806
1341845842.362365 -0.131789491 -0.058441963 0.020997688 -0.003201740 0.024061751 0.026204977 0.999361932
1341845842.399606 -0.127630785 -0.058938123 0.036376081 -0.006728557 0.022941293 0.026890365 0.999352455
1341845842.439754 -0.125945672 -0.058160126 0.038695537 -0.007542895 0.023385592 0.026875600 0.999336779
1341845842.472222 -0.130916089 -0.057203189 0.034154806 -0.008027903 0.023912696 0.027402831 0.999306202
1341845842.506051 -0.130699426 -0.057199892 0.034558073 -0.007961360 0.021488994 0.028397633 0.999334037
1341845842.539739 -0.123663656 -0.053612176 0.031639870 -0.007335075 0.021028168 0.027573185 0.999371707
1341845842.597810 -0.133791924 -0.054952487 0.039342746 -0.006104914 0.022268925 0.025514651 0.999407768
1341845842.671782 -0.128019229 -0.037966054 0.038004205 -0.001419540 0.021403747 0.026491180 0.999418855
1341845842.733828 -0.133815736 -0.036987260 0.041515734 -0.000209625 0.020172158 0.032623339 0.999264181
1341845842.772554 -0.133327931 -0.022950349 0.041383848 0.001958991 0.019755820 0.034353551 0.999212623
1341845842.772554 -0.133331999 -0.022209147 0.035728462 0.001909528 0.019683795 0.034192696 0.999219596
1341845842.803667 -0.133219019 -0.013963343 0.032619901 -0.000101882 0.019597990 0.036858726 0.999128342
1341845842.839779 -0.130527794 -0.016310761 0.039405819 -0.001932065 0.019915640 0.036570378 0.999130785
1341845842.871951 -0.136362717 -0.009314355 0.037842080 -0.001591556 0.021495903 0.035276439 0.999145150
1341845842.903766 -0.138053954 0.000146320 0.037123106 -0.002684195 0.020498890 0.035666231 0.999149919
1341845842.939694 -0.135494679 0.000304949 0.044766225 -0.005385701 0.020903671 0.034265157 0.999179661
1341845842.971703 -0.138915494 0.000281886 0.043789215 -0.004997854 0.021785527 0.033529598 0.999187827
1341845843.003637 -0.145770028 0.008793391 0.048712898 -0.004085975 0.020317484 0.036383659 0.999123037
1341845843.039687 -0.136420667 0.009715833 0.044756215 -0.004399892 0.018444829 0.038676672 0.999071896
1341845843.071786 -0.132373318 0.016122686 0.039100621 -0.003945176 0.019948533 0.038679242 0.999044836
1341845843.103725 -0.140166774 0.015072594 0.041451298 -0.004085749 0.020248916 0.040639251 0.998960376
1341845843.139742 -0.141879171 0.020725446 0.033944894 -0.001989656 0.017177677 0.042995546 0.998925626
1341845843.171825 -0.135863274 0.036886763 0.037965547 -0.002002537 0.016235292 0.041651554 0.998998284
1341845843.207907 -0.138990358 0.042364415 0.036989558 -0.004939885 0.017490163 0.037002325 0.999149919
1341845843.240014 -0.148498669 0.040758986 0.034944013 -0.009019062 0.017438391 0.032896269 0.999265969
1341845843.281910 -0.147486061 0.042600848 0.036528315 -0.009966926 0.015142238 0.032655347 0.999302328
1341845843.307930 -0.149253592 0.049334142 0.040948607 -0.009293620 0.013677201 0.032404080 0.999338150
1341845843.339844 -0.147155419 0.049446464 0.040484201 -0.009047201 0.012970830 0.033325296 0.999319494
1341845843.407961 -0.144928187 0.073692590 0.041544732 -0.003580534 0.016367631 0.036255926 0.999202132
1341845843.469698 -0.135206208 0.087235093 0.040264282 -0.005073895 0.017941464 0.037432656 0.999125242
1341845843.501755 -0.147652671 0.095406644 0.046019029 -0.006498253 0.022196930 0.036096729 0.999080718
1341845843.537749 -0.152656496 0.093133405 0.044612247 -0.008182599 0.020015318 0.039722163 0.998976767
1341845843.601912 -0.149927959 0.118662462 0.050709434 -0.011786859 0.021074902 0.036557779 0.999039829
1341845843.637854 -0.145156056 0.118845850 0.044827681 -0.014675255 0.019848175 0.036922444 0.999013305
1341845843.669935 -0.138478056 0.117190093 0.047410823 -0.015651733 0.021173861 0.038380098 0.998916268
1341845843.705705 -0.137622893 0.132321581 0.044166982 -0.014293645 0.024051087 0.040305439 0.998795629
1341845843.738087 -0.140235454 0.132668868 0.048852976 -0.016683102 0.026555674 0.041850433 0.998631597
1341845843.769868 -0.141471267 0.141227692 0.067634448 -0.014512945 0.027471270 0.044070035 0.998545289
1341845843.805741 -0.139637470 0.149923429 0.060690716 -0.012515195 0.028889464 0.046602089 0.998417258
1341845843.837731 -0.135790616 0.158083573 0.063312531 -0.012881813 0.031453837 0.046054464 0.998360574
1341845843.869723 -0.136170849 0.158370703 0.068142086 -0.014272306 0.034482334 0.045081973 0.998286009
1341845843.905817 -0.135312825 0.159821257 0.071411856 -0.011481686 0.035456501 0.047886506 0.998157322
1341845843.937846 -0.128385440 0.162355721 0.070901908 -0.007777543 0.036850065 0.050589409 0.998009264
1341845843.973843 -0.123205699 0.173584312 0.074635223 -0.004510670 0.041436486 0.051757518 0.997789502
1341845844.005877 -0.136370674 0.174480572 0.075491294 -0.004192129 0.045306917 0.052611563 0.997577965
1341845844.037839 -0.135500476 0.181306601 0.070280768 -0.001707956 0.044340979 0.052092604 0.997655988
1341845844.073843 -0.128612876 0.188006237 0.066318020 -0.002284725 0.045142978 0.048682816 0.997791052
1341845844.105844 -0.132393390 0.188930959 0.072846636 -0.002470847 0.048400253 0.045273341 0.997798443
1341845844.137727 -0.134688646 0.191764399 0.075740568 -0.001679561 0.049058784 0.044892307 0.997785151
1341845844.173729 -0.131569952 0.197169930 0.071635708 0.000036865 0.048793901 0.044310018 0.997825563
1341845844.205772 -0.133394539 0.211467654 0.069182865 -0.000413929 0.050108358 0.042558979 0.997836590
1341845844.241826 -0.133446902 0.200869769 0.075826772 -0.002116332 0.049478311 0.043780927 0.997812986
1341845844.273743 -0.129250988 0.212063044 0.077926464 0.006179338 0.047990207 0.047206264 0.997712553
1341845844.305737 -0.133393258 0.220657408 0.076154567 0.008213169 0.049076632 0.049516357 0.997533083
1341845844.341702 -0.132743418 0.230353162 0.079487070 0.006626519 0.048750039 0.048831660 0.997594655
1341845844.373700 -0.136241540 0.235394984 0.079199962 0.002369260 0.048757095 0.047112081 0.997696161
1341845844.409780 -0.135728553 0.245308295 0.079318270 0.001711243 0.047980279 0.049688675 0.997610152
1341845844.441868 -0.135398060 0.251987398 0.079722971 -0.000244063 0.047061857 0.051894896 0.997543037
1341845844.473633 -0.131837547 0.257907689 0.080718793 -0.002457066 0.047443625 0.052841712 0.997472227
1341845844.509732 -0.136998400 0.265407503 0.080782086 -0.003454311 0.049506936 0.053334426 0.997342765
1341845844.541734 -0.141524211 0.274681717 0.077006929 -0.005519257 0.049149569 0.054910813 0.997265637
1341845844.573798 -0.138541579 0.279474467 0.076300181 -0.008661501 0.047347706 0.054325420 0.997362494
1341845844.609774 -0.138927236 0.284945756 0.085283555 -0.010178611 0.047432140 0.055754900 0.997265339
1341845844.641742 -0.145840600 0.290967017 0.087663449 -0.010158316 0.046313468 0.056577809 0.997271717
1341845844.677619 -0.145013005 0.295301646 0.079327263 -0.006824157 0.040537369 0.061188586 0.997279346
1341845844.709820 -0.146325231 0.311114997 0.074088752 -0.006974943 0.038098183 0.061674025 0.997344613
1341845844.741764 -0.153064251 0.311379403 0.078022711 -0.009873563 0.034890741 0.061814912 0.997428775
1341845844.778110 -0.155138627 0.317794532 0.080846049 -0.011388926 0.031391021 0.059747402 0.997654855
1341845844.811162 -0.161068171 0.321699977 0.081239745 -0.011725668 0.027592385 0.059342504 0.997787416
1341845844.842336 -0.164853573 0.336028546 0.069590047 -0.013362598 0.022425955 0.059819534 0.997867882
1341845844.883762 -0.165507317 0.327620327 0.080794230 -0.017807949 0.019487850 0.054331314 0.998173952
1341845844.947016 -0.174600899 0.341891646 0.080155045 -0.016083447 0.010736658 0.052159917 0.998451531
1341845844.977793 -0.170367897 0.351675034 0.077049010 -0.015846167 0.007877821 0.048139665 0.998683870
1341845845.009670 -0.170191377 0.350278378 0.077539079 -0.018448608 0.006270121 0.044570345 0.998816192
1341845845.045698 -0.171426952 0.357515365 0.075565785 -0.016996346 0.001245737 0.041968666 0.998973608
1341845845.077748 -0.162188247 0.367620617 0.076097906 -0.016948694 -0.001522306 0.036701184 0.999181390
1341845845.109679 -0.164879829 0.369882911 0.075785995 -0.018901940 0.000364963 0.033232294 0.999268889
1341845845.145640 -0.162952334 0.367162853 0.080315657 -0.020252135 -0.000336136 0.032658242 0.999261320
1341845845.177719 -0.158889055 0.378212512 0.067498393 -0.018385198 -0.000470640 0.031492274 0.999334812
1341845845.213604 -0.153237730 0.390095711 0.068295665 -0.018676441 0.001804661 0.032521416 0.999294937
1341845845.245741 -0.156618834 0.389960915 0.075200796 -0.021040145 0.004264982 0.031439394 0.999275088
1341845845.277905 -0.155659020 0.385867804 0.085347168 -0.021007376 0.004236230 0.032698531 0.999235511
1341845845.314159 -0.157066971 0.405411243 0.072282910 -0.018402381 0.004659879 0.032201502 0.999301195
1341845845.345748 -0.156599298 0.404857188 0.075728714 -0.020925220 0.005021949 0.031585276 0.999269426
1341845845.381704 -0.156689182 0.413184822 0.079059511 -0.021346889 0.004121615 0.031240035 0.999275446
1341845845.413648 -0.150159493 0.416637272 0.084594563 -0.022501094 0.001382190 0.033287603 0.999191523
1341845845.445777 -0.153877914 0.424759746 0.074103296 -0.022144452 -0.000298538 0.031908724 0.999245465
1341845845.481809 -0.149395689 0.437327176 0.073541492 -0.024860211 -0.001380421 0.027217910 0.999319434
1341845845.514332 -0.153076723 0.433560789 0.085049085 -0.028336126 -0.001890247 0.026070813 0.999256670
1341845845.545717 -0.159734622 0.444018036 0.081442319 -0.028066248 -0.003081609 0.026380358 0.999253213
1341845845.581658 -0.151725665 0.454967827 0.074621178 -0.029522557 -0.006084996 0.024529632 0.999244630
1341845845.613959 -0.152372465 0.467353106 0.077139117 -0.031706307 -0.004678305 0.020272408 0.999280691
1341845845.649696 -0.158507288 0.463906586 0.088162236 -0.035916686 -0.004047683 0.022759957 0.999087453
1341845845.682034 -0.166468620 0.467667639 0.087439261 -0.034473009 -0.005659402 0.024330769 0.999093473
1341845845.714232 -0.154333770 0.483626842 0.077677287 -0.034418203 -0.007772270 0.022818709 0.999116778
1341845845.751971 -0.160301566 0.488649309 0.079786889 -0.039662369 -0.005571795 0.020051673 0.998996437
1341845845.787747 -0.153990224 0.486838549 0.084808305 -0.041947275 -0.006498531 0.019403227 0.998910308
1341845845.820616 -0.155561090 0.492804646 0.083052248 -0.041461650 -0.007065243 0.020567026 0.998903453
1341845845.887653 -0.149356067 0.506764472 0.083601870 -0.043414902 -0.006702531 0.016791735 0.998893559
1341845845.949895 -0.150964186 0.523805797 0.086672425 -0.041546877 -0.003659626 0.018161874 0.998964787
1341845845.981855 -0.152019218 0.524933398 0.083478525 -0.043774404 -0.001231620 0.017984087 0.998878896
1341845846.017822 -0.148500428 0.520182431 0.088030681 -0.046546869 -0.001016646 0.018391037 0.998746336
1341845846.049788 -0.151505753 0.522469580 0.087674096 -0.045167036 0.000130992 0.019158108 0.998795807
1341845846.081697 -0.156549007 0.537870467 0.083970249 -0.043257475 0.000634017 0.018619793 0.998890221
1341845846.117753 -0.153872117 0.545336187 0.086095229 -0.044458002 -0.000743167 0.017804611 0.998852372
1341845846.149729 -0.156113431 0.550933182 0.086259753 -0.044402987 -0.001252201 0.019819492 0.998816371
1341845846.185551 -0.144516870 0.567931890 0.086100079 -0.043892298 -0.005133515 0.023118496 0.998755634
1341845846.217670 -0.148380637 0.575997949 0.083744444 -0.044829383 -0.004022871 0.023087604 0.998719752
1341845846.249670 -0.156368092 0.576326370 0.080713876 -0.049241170 -0.002288034 0.024941159 0.998472869
1341845846.285621 -0.144245878 0.578863859 0.083027519 -0.051872797 -0.005133951 0.026078604 0.998299956
1341845846.318706 -0.143132180 0.594925463 0.079993784 -0.052416831 -0.004196218 0.025740867 0.998284698
1341845846.349746 -0.155152723 0.587278068 0.082063489 -0.057615206 -0.001328080 0.026856204 0.997976661
1341845846.385823 -0.156058520 0.592589438 0.081386104 -0.059398722 -0.001306780 0.027745707 0.997847855
1341845846.417804 -0.149550185 0.607861161 0.080036834 -0.060460694 -0.000823922 0.027225986 0.997798920
1341845846.453757 -0.159941256 0.606025577 0.076340869 -0.064995632 0.001429965 0.030247755 0.997426033
1341845846.485915 -0.147325486 0.618167222 0.082418121 -0.065037943 -0.002251214 0.031847831 0.997371912
1341845846.517804 -0.144866884 0.624061704 0.077889413 -0.066760302 0.000556997 0.029222215 0.997340918
1341845846.553866 -0.159304753 0.621126115 0.073476940 -0.072684795 0.004275361 0.029895028 0.996897697
1341845846.585802 -0.147250041 0.638366342 0.082366988 -0.070558302 0.000611215 0.031129615 0.997021616
1341845846.621952 -0.151493043 0.645256877 0.077293053 -0.070890523 0.002967837 0.029604731 0.997040331
1341845846.653735 -0.150341138 0.643400729 0.078369439 -0.074148051 0.002908175 0.028970120 0.996822119
1341845846.687048 -0.145972401 0.642326951 0.078904755 -0.074420244 0.002850896 0.026687380 0.996865809
1341845846.721930 -0.148472607 0.641227603 0.076366596 -0.074775606 0.005262658 0.025423734 0.996862352
1341845846.755684 -0.150305524 0.636069000 0.075046152 -0.075238816 0.005215761 0.025833486 0.996817231
1341845846.785987 -0.146171749 0.630439699 0.075451650 -0.074354827 0.004681314 0.026104426 0.996879220
1341845846.821760 -0.145465061 0.627469003 0.071395911 -0.073075511 0.006487682 0.023712995 0.997023344
1341845846.853756 -0.154511705 0.610999525 0.074488580 -0.073971912 0.008072063 0.024794582 0.996919394
1341845846.889724 -0.151182398 0.596490920 0.076285765 -0.069557704 0.006105926 0.025850466 0.997224271
1341845846.921756 -0.147918805 0.592079282 0.075176440 -0.065907151 0.005977263 0.024591016 0.997504830
1341845846.953776 -0.152358040 0.580975592 0.073954687 -0.065161899 0.007056036 0.024149893 0.997557521
1341845846.989607 -0.148912191 0.561066806 0.074291661 -0.063101374 0.005031013 0.024370724 0.997696877
1341845847.021791 -0.148199856 0.552915394 0.076485626 -0.058030803 0.003760985 0.024081187 0.998017251
1341845847.053671 -0.156480566 0.560584247 0.072497040 -0.054240700 0.004743139 0.022499159 0.998263180
1341845847.089677 -0.147971347 0.529272258 0.072053872 -0.058004558 0.000173443 0.022573426 0.998061061
1341845847.121825 -0.146879002 0.522216499 0.078303680 -0.050812524 -0.001878260 0.019488033 0.998516321
1341845847.157737 -0.144581795 0.520044923 0.074047051 -0.046814937 -0.001044423 0.020104073 0.998700738
1341845847.189613 -0.138363361 0.507989168 0.075877622 -0.044042535 -0.001129809 0.021946395 0.998787940
1341845847.221790 -0.134870842 0.495645106 0.076578513 -0.041223105 0.000646485 0.021895982 0.998909831
1341845847.257718 -0.145610839 0.481378138 0.069698729 -0.039519336 0.004750999 0.023345625 0.998934805
1341845847.289652 -0.135400906 0.471363783 0.071215339 -0.037794515 0.002345059 0.025413323 0.998959661
1341845847.321777 -0.131775096 0.464755207 0.070151351 -0.035097186 0.002855849 0.023205273 0.999110460
1341845847.357899 -0.140742779 0.460754544 0.061948109 -0.032106359 0.005823398 0.020730555 0.999252558
1341845847.390176 -0.135471150 0.453822672 0.061869573 -0.030245550 0.005005497 0.019847387 0.999332905
1341845847.425786 -0.128975347 0.444253832 0.058799207 -0.030105889 0.005844451 0.017885875 0.999369621
1341845847.489945 -0.131669044 0.421873599 0.053715996 -0.029608263 0.006151876 0.019848822 0.999345541
1341845847.525805 -0.138096556 0.411345750 0.050316904 -0.030678587 0.005550716 0.017270248 0.999364674
1341845847.557741 -0.141259938 0.411147535 0.042162653 -0.033154365 0.004455102 0.011751868 0.999371290
1341845847.593782 -0.141051143 0.381340504 0.049487773 -0.039742034 0.002750770 0.008825080 0.999167264
1341845847.625656 -0.142553478 0.373936146 0.045445774 -0.035692658 0.003058274 0.009380334 0.999314129
1341845847.657670 -0.129688799 0.365612328 0.040088538 -0.034008939 0.000576643 0.012451998 0.999343812
1341845847.693751 -0.128186539 0.361787558 0.034291957 -0.032725532 0.000555822 0.013806767 0.999368906
1341845847.725684 -0.124711029 0.349389523 0.028907759 -0.033544894 0.001476066 0.013441500 0.999345720
1341845847.757787 -0.126772538 0.326207489 0.027922943 -0.034773227 0.001652905 0.017571803 0.999239385
1341845847.793826 -0.128782973 0.328967065 0.019970946 -0.032232136 0.000047640 0.019177819 0.999296427
1341845847.825684 -0.124998130 0.317951858 0.022504738 -0.033951897 -0.001121624 0.018602049 0.999249756
1341845847.861928 -0.129967853 0.313975275 0.018788826 -0.033665281 -0.001296618 0.019228084 0.999247372
1341845847.893697 -0.127989724 0.295509607 0.017743921 -0.035539165 -0.004255669 0.022851389 0.999097943
1341845847.925644 -0.128561616 0.296146721 0.013277699 -0.031800047 -0.006351386 0.024219561 0.999180615
1341845847.961946 -0.133957952 0.293056637 0.014273635 -0.031917643 -0.004303931 0.022719823 0.999222994
1341845847.993685 -0.135204062 0.281075627 0.012770758 -0.032091148 -0.005423491 0.025559347 0.999143422
1341845848.025620 -0.133677721 0.278253496 0.014400235 -0.031280361 -0.006605066 0.025558066 0.999162018
1341845848.061715 -0.134058654 0.270391911 0.014382325 -0.030794466 -0.006410352 0.026720528 0.999148011
1341845848.093689 -0.134361073 0.267128408 0.009436426 -0.030830881 -0.008007941 0.027241945 0.999121249
1341845848.132119 -0.133689955 0.259029180 0.009762280 -0.031613771 -0.010728057 0.026259523 0.999097586
1341845848.132119 -0.133860931 0.259024918 0.010880993 -0.031632081 -0.010734893 0.026483087 0.999091029
1341845848.167711 -0.131825864 0.252819061 0.008128800 -0.031614393 -0.010745415 0.023179788 0.999173582
1341845848.200502 -0.138574466 0.244785845 0.002261786 -0.032507475 -0.009324552 0.022211021 0.999181211
1341845848.232265 -0.137644321 0.235858470 0.002037990 -0.033395652 -0.011590007 0.023516161 0.999098301
1341845848.267873 -0.132883504 0.228684276 0.000557858 -0.032566819 -0.012348518 0.023565764 0.999115407
1341845848.301135 -0.134216458 0.228786722 -0.003971083 -0.032726116 -0.011314888 0.023577899 0.999122143
1341845848.335735 -0.134807870 0.217262521 -0.002332520 -0.038108449 -0.013200804 0.025688704 0.998856187
1341845848.367757 -0.132055089 0.209746599 -0.002901795 -0.039409705 -0.014907638 0.023471316 0.998836160
1341845848.399644 -0.133036658 0.204438522 -0.007062214 -0.039790608 -0.015504058 0.023477660 0.998811841
1341845848.435802 -0.140137583 0.197231010 -0.007780773 -0.041113593 -0.018828586 0.025368344 0.998654962
1341845848.467705 -0.125639349 0.197076797 -0.013048404 -0.041274663 -0.021381790 0.023116454 0.998651564
1341845848.503759 -0.126460463 0.193196684 -0.014130360 -0.042265929 -0.017707640 0.022138774 0.998704135
1341845848.536036 -0.128077775 0.180400953 -0.015496342 -0.044066355 -0.018403301 0.025254749 0.998539805
1341845848.567958 -0.128532305 0.180404156 -0.014974730 -0.043053597 -0.019980170 0.026057580 0.998533010
1341845848.603657 -0.127992645 0.178534672 -0.018004190 -0.043168955 -0.019298142 0.025142714 0.998564959
1341845848.635797 -0.129606679 0.167252675 -0.019009933 -0.044980921 -0.019786203 0.025902644 0.998456001
1341845848.671815 -0.127591178 0.156593204 -0.019256739 -0.044593833 -0.021328792 0.027158204 0.998408198
1341845848.703677 -0.124714509 0.148571879 -0.012850016 -0.039723776 -0.020578532 0.026883515 0.998637021
1341845848.735781 -0.127495453 0.142770603 -0.014687546 -0.036637370 -0.018973371 0.029325506 0.998718023
1341845848.771647 -0.129159927 0.139209405 -0.017766098 -0.034470484 -0.018811878 0.031982850 0.998716712
1341845848.803783 -0.126904249 0.135959446 -0.024313323 -0.032256007 -0.017504290 0.031973626 0.998814702
1341845848.839757 -0.127918765 0.142733008 -0.027191631 -0.032438759 -0.014245943 0.029887246 0.998925209
1341845848.871829 -0.128355533 0.137927130 -0.022056060 -0.037784152 -0.011450953 0.027601900 0.998839080
1341845848.903622 -0.115112260 0.115155824 -0.012519732 -0.038196199 -0.009016477 0.027024534 0.998864055
1341845848.940608 -0.124538727 0.113335237 -0.009906084 -0.028262636 -0.001105739 0.030144930 0.999145329
1341845848.972843 -0.121264078 0.119151548 -0.006082338 -0.022132272 0.001589471 0.032722954 0.999218166
1341845849.008613 -0.117707051 0.125478730 -0.003337748 -0.020084638 0.003578719 0.031209575 0.999304712
1341845849.072005 -0.122061059 0.124871098 0.013414389 -0.016981781 0.008837098 0.030058652 0.999364853
1341845849.133777 -0.104316175 0.129156142 0.016049745 -0.018397959 0.012589354 0.025828594 0.999417782
1341845849.165908 -0.115294151 0.127954528 0.033142306 -0.018660063 0.018417308 0.025293408 0.999336243
1341845849.201651 -0.117274188 0.125494927 0.034751706 -0.016828101 0.018667910 0.027307034 0.999311149
1341845849.233648 -0.112177514 0.131391048 0.040943772 -0.015276086 0.019017095 0.027551493 0.999322772
1341845849.265690 -0.114804231 0.136579201 0.049256168 -0.016267624 0.021727907 0.025706653 0.999300957
1341845849.301701 -0.120826617 0.134943932 0.061398938 -0.018714242 0.022435298 0.025229702 0.999254704
1341845849.333730 -0.119354434 0.134788305 0.069001816 -0.019499684 0.020276280 0.025007153 0.999291420
1341845849.369727 -0.122509390 0.140016258 0.080984749 -0.020015793 0.019769784 0.025492717 0.999279082
1341845849.401811 -0.122247629 0.129816547 0.079484768 -0.021463964 0.019007171 0.024275294 0.999294221
1341845849.433692 -0.119054735 0.137527868 0.093731575 -0.019277884 0.018999662 0.023691628 0.999352872
1341845849.469648 -0.125541210 0.137227938 0.099450387 -0.020161932 0.019996220 0.023968568 0.999309361
1341845849.501641 -0.122726135 0.136533633 0.111004174 -0.021004444 0.018776115 0.023421975 0.999328613
1341845849.533689 -0.122993909 0.139563188 0.124876253 -0.020052277 0.019791797 0.023426574 0.999328494
1341845849.569780 -0.125456259 0.144813091 0.134705365 -0.020846922 0.020451231 0.022531126 0.999319553
1341845849.601759 -0.124242187 0.138560787 0.147032857 -0.023548456 0.020706901 0.022456259 0.999255955
1341845849.637837 -0.122819111 0.137050688 0.154595613 -0.022497218 0.022982311 0.022101598 0.999238372
1341845849.669719 -0.127084091 0.140907422 0.162910610 -0.021518420 0.025343806 0.021864271 0.999208033
1341845849.701927 -0.124221846 0.139959887 0.173693791 -0.022278896 0.026686223 0.021995068 0.999153554
1341845849.737804 -0.124396071 0.139063403 0.185563400 -0.022385366 0.029960338 0.020730140 0.999085367
1341845849.769688 -0.133554101 0.140234396 0.191025496 -0.022274373 0.031940915 0.020763682 0.999025822
1341845849.805874 -0.135184705 0.140283987 0.209236339 -0.022541158 0.029961474 0.021850044 0.999057949
1341845849.838002 -0.128959954 0.142699659 0.210001409 -0.022521434 0.028739249 0.021327101 0.999105692
1341845849.873756 -0.130875170 0.148573652 0.221339762 -0.024440972 0.030715821 0.018543964 0.999057233
1341845849.905773 -0.133563757 0.140988201 0.234844759 -0.026522491 0.030612346 0.017566381 0.999024987
1341845849.942380 -0.128063843 0.139468700 0.238318637 -0.025216201 0.030386096 0.017626643 0.999064624
1341845849.969808 -0.129356354 0.144149214 0.245942712 -0.024949146 0.033838701 0.016544269 0.998978913
1341845850.006040 -0.138420194 0.144266769 0.258278906 -0.026206920 0.034980241 0.015161245 0.998929322
1341845850.038041 -0.136074379 0.143231437 0.264269590 -0.026636777 0.033990592 0.013275198 0.998978972
1341845850.073843 -0.132825658 0.139408529 0.271215379 -0.025731200 0.034057800 0.012089535 0.999015450
1341845850.137727 -0.142154634 0.148561925 0.292391837 -0.026628718 0.033519246 0.010353108 0.999029636
1341845850.173748 -0.142722994 0.144193709 0.300004393 -0.028852353 0.030918229 0.007322641 0.999078572
1341845850.205888 -0.140698433 0.144025907 0.306890070 -0.029136486 0.029376475 0.007391350 0.999116421
1341845850.242190 -0.142737374 0.146660283 0.312002033 -0.029291362 0.028359091 0.008575214 0.999131799
1341845850.276369 -0.143012509 0.146091715 0.318293095 -0.030207044 0.026514813 0.007359526 0.999164879
1341845850.311979 -0.143028349 0.147009745 0.329383463 -0.030755363 0.025424879 0.005923134 0.999185979
1341845850.343827 -0.144344732 0.150938436 0.339424014 -0.032321054 0.023840738 0.005513507 0.999177992
1341845850.380151 -0.141232848 0.147245675 0.348116994 -0.034315862 0.023226526 0.004235924 0.999132097
1341845850.412359 -0.137040734 0.143971488 0.355617911 -0.033705749 0.023507208 0.004742922 0.999144077
1341845850.447279 -0.136647001 0.146302208 0.360648423 -0.033040851 0.025012804 0.006548567 0.999119520
1341845850.511722 -0.131505996 0.144985631 0.374867350 -0.028977575 0.027304521 0.012577792 0.999127924
1341845850.573894 -0.131519765 0.142944023 0.388057917 -0.027415767 0.029557172 0.014041453 0.999088407
1341845850.609794 -0.130828753 0.145496890 0.396553248 -0.025110658 0.030020097 0.013866909 0.999137700
1341845850.641744 -0.131682172 0.143418461 0.401945323 -0.025566220 0.029286375 0.012900646 0.999160767
1341845850.673755 -0.127461523 0.142466471 0.408274710 -0.023783565 0.028738847 0.011313063 0.999239981
1341845850.709784 -0.126352593 0.145056963 0.414071679 -0.023037370 0.030284533 0.010874377 0.999216735
1341845850.741802 -0.130972639 0.141459584 0.420656323 -0.022706645 0.030108215 0.011185677 0.999226093
1341845850.777740 -0.123664021 0.145179942 0.422671556 -0.021816183 0.027923137 0.012060472 0.999299228
1341845850.841900 -0.126840934 0.150154695 0.437264860 -0.021043682 0.028784882 0.011265773 0.999300659
1341845850.877766 -0.124619745 0.145028308 0.442400932 -0.023100669 0.027709289 0.010931839 0.999289334
1341845850.909781 -0.123201527 0.145808771 0.448527336 -0.023494298 0.028594678 0.010855112 0.999256015
1341845850.941758 -0.124012597 0.149921194 0.455443054 -0.024005564 0.029230407 0.011073241 0.999223053
1341845850.977762 -0.123961657 0.148295745 0.461871505 -0.024660284 0.028634597 0.013390325 0.999195993
1341845851.009834 -0.122661255 0.148877069 0.467035353 -0.024446523 0.027525550 0.015781239 0.999197543
1341845851.045751 -0.119522631 0.151408151 0.475950599 -0.025712159 0.027637962 0.016844980 0.999145329
1341845851.077894 -0.119455725 0.145872876 0.483011544 -0.025731184 0.028289657 0.019236619 0.999083400
1341845851.109747 -0.120564565 0.154404700 0.487351656 -0.023662873 0.028005488 0.020559326 0.999116182
1341845851.145889 -0.121195100 0.158610761 0.490351826 -0.026080867 0.026670607 0.018652732 0.999129891
1341845851.177904 -0.116383150 0.157824174 0.496759087 -0.028347347 0.026859730 0.015263104 0.999120653
1341845851.209882 -0.123088747 0.161890492 0.504511654 -0.029279476 0.028485553 0.013853963 0.999069273
1341845851.251733 -0.127166376 0.159049958 0.512512505 -0.032075029 0.025631897 0.013029962 0.999071777
1341845851.313813 -0.117756449 0.159860641 0.517610908 -0.029141335 0.026919220 0.012559258 0.999133825
1341845851.345834 -0.125954106 0.159291938 0.527543664 -0.028074477 0.026175801 0.015345624 0.999145269
1341845851.377718 -0.121261597 0.160550401 0.530507982 -0.025586177 0.022970853 0.017554831 0.999254525
1341845851.413805 -0.122381762 0.168747872 0.533222020 -0.025112903 0.022518117 0.017550560 0.999276936
1341845851.445896 -0.128709838 0.167283788 0.538359761 -0.028675225 0.021251924 0.016174490 0.999231994
1341845851.478163 -0.126714662 0.167086318 0.545175374 -0.028837740 0.017621674 0.015710803 0.999305308
1341845851.514640 -0.122494720 0.174367160 0.543597221 -0.029586187 0.016867056 0.016494952 0.999283791
1341845851.546201 -0.124734096 0.173732340 0.548416138 -0.032416221 0.018207490 0.016704157 0.999168992
1341845851.581975 -0.119187161 0.170182392 0.552915275 -0.033581398 0.017506253 0.020048201 0.999081552
1341845851.616214 -0.121113323 0.172900528 0.555375814 -0.030247726 0.018982152 0.025992958 0.999024093
1341845851.681977 -0.120437488 0.171986967 0.563280523 -0.031791765 0.016795769 0.028149981 0.998956859
1341845851.714139 -0.118029363 0.175606459 0.565405309 -0.029765470 0.017156487 0.028375460 0.999006808
1341845851.745927 -0.124923065 0.176233262 0.571469843 -0.030400896 0.016213892 0.029543174 0.998969555
1341845851.781911 -0.115847543 0.174870759 0.572869301 -0.031446658 0.012727692 0.027945602 0.999033630
1341845851.813848 -0.113273345 0.176434517 0.575319111 -0.030193130 0.014140167 0.026005518 0.999105692
1341845851.849910 -0.117735162 0.175020799 0.577896714 -0.030480746 0.015059216 0.023677243 0.999141395
1341845851.881832 -0.111609362 0.165564895 0.581949174 -0.029019928 0.013593886 0.022144919 0.999241114
1341845851.913735 -0.103769176 0.176153988 0.572520912 -0.023849135 0.015208760 0.019734414 0.999405086
1341845851.949904 -0.110473514 0.170006469 0.576888442 -0.026633522 0.017533993 0.016557490 0.999354362
1341845851.982005 -0.102840409 0.165643722 0.575307190 -0.024716098 0.017278126 0.014075805 0.999446094
1341845852.017909 -0.100428104 0.170443431 0.568682551 -0.022985436 0.019701086 0.013107070 0.999455750
1341845852.050012 -0.097065486 0.168774441 0.566115558 -0.023910061 0.021334866 0.011620143 0.999418914
1341845852.082035 -0.096995406 0.165338710 0.566529393 -0.024489103 0.025301412 0.009954790 0.999330342
1341845852.121076 -0.094940290 0.167583749 0.562051296 -0.023117628 0.027936731 0.011065760 0.999281108
1341845852.163838 -0.090810396 0.166148111 0.556567252 -0.024438243 0.030886644 0.011325307 0.999159932
1341845852.190660 -0.095545739 0.166609988 0.556783617 -0.023042310 0.034381613 0.013380686 0.999053597
1341845852.223981 -0.095694587 0.165154308 0.554307222 -0.023468420 0.034535345 0.014329002 0.999025166
1341845852.286726 -0.098523065 0.170322463 0.544756711 -0.021259824 0.034276158 0.015597183 0.999064505
1341845852.349834 -0.097449720 0.163974881 0.536566556 -0.024099814 0.030785849 0.017742680 0.999077916
1341845852.385657 -0.104250662 0.161853224 0.529869795 -0.024050072 0.030097786 0.020527700 0.999046803
1341845852.417731 -0.103615545 0.166128755 0.522826791 -0.024798425 0.026616652 0.021173986 0.999113739
1341845852.449741 -0.099660024 0.159315929 0.519158721 -0.027036961 0.026363771 0.019268082 0.999100924
1341845852.485861 -0.108823419 0.161610052 0.511460304 -0.027094249 0.026543058 0.018204685 0.999114633
1341845852.517876 -0.108100988 0.159547076 0.503582239 -0.030013228 0.023743713 0.015449873 0.999148071
1341845852.553887 -0.108424030 0.154751718 0.499760687 -0.029085519 0.021943912 0.018621925 0.999162495
1341845852.617891 -0.115070663 0.159120843 0.483760804 -0.029567203 0.018845245 0.020203494 0.999180973
1341845852.653840 -0.116296969 0.159780949 0.474118233 -0.029782450 0.017791064 0.019112237 0.999215364
1341845852.685926 -0.120327860 0.159338579 0.465981722 -0.030754022 0.018674359 0.018576080 0.999179900
1341845852.717821 -0.124972910 0.158620566 0.463348657 -0.031064469 0.017467098 0.021086697 0.999142289
1341845852.753958 -0.121984243 0.158549473 0.448833257 -0.030585568 0.017047578 0.023454592 0.999111533
1341845852.785766 -0.123381823 0.164902553 0.443452686 -0.031395014 0.019582303 0.024042556 0.999026000
1341845852.822784 -0.130320862 0.158394143 0.438215703 -0.032253597 0.019731600 0.025471671 0.998960257
1341845852.885924 -0.129893109 0.161440447 0.419730335 -0.032578181 0.021979306 0.023605883 0.998948634
1341845852.921581 -0.134206861 0.161788642 0.407295644 -0.032151096 0.022693088 0.024379745 0.998927951
1341845852.953977 -0.130475923 0.159073263 0.403508544 -0.031195415 0.023564704 0.023265889 0.998964608
1341845852.989721 -0.136936143 0.167520270 0.392561167 -0.027484318 0.026240317 0.022520309 0.999024034
1341845853.021716 -0.148517832 0.169182107 0.385342747 -0.031149676 0.024788205 0.019622957 0.999014616
1341845853.053750 -0.147427037 0.165245086 0.378182054 -0.031219196 0.022653371 0.018511208 0.999084413
1341845853.089814 -0.151190251 0.173225179 0.366116345 -0.030594142 0.022470804 0.018139103 0.999114633
1341845853.121864 -0.155433893 0.167992517 0.363549113 -0.033893127 0.021700997 0.016405981 0.999055147
1341845853.159690 -0.153236657 0.164507002 0.356625408 -0.032352693 0.021179538 0.017870866 0.999092281
1341845853.159690 -0.152529731 0.165438771 0.357793927 -0.032228470 0.021012750 0.017701751 0.999102831
1341845853.195824 -0.156924799 0.167578384 0.346169859 -0.030106088 0.021177828 0.019764634 0.999126911
1341845853.227731 -0.156343862 0.169643566 0.341330826 -0.030616483 0.020080769 0.018764937 0.999153316
1341845853.263703 -0.156244531 0.162080035 0.334521800 -0.030598860 0.020947577 0.018112278 0.999148130
1341845853.296490 -0.163078964 0.163352281 0.326960653 -0.027870392 0.022750588 0.018541155 0.999180675
1341845853.327753 -0.166483283 0.164426148 0.315941095 -0.026752122 0.021381965 0.018515708 0.999241948
1341845853.363891 -0.163535595 0.160689116 0.307243854 -0.026543733 0.019891948 0.019356204 0.999262273
1341845853.395726 -0.163919136 0.162963495 0.296156138 -0.024213178 0.022145679 0.018488726 0.999290526
1341845853.463774 -0.170407653 0.159366280 0.277718127 -0.025115330 0.020624746 0.017958274 0.999310493
1341845853.525799 -0.178438932 0.165319711 0.261804640 -0.025890842 0.021388361 0.015261054 0.999319494
1341845853.557770 -0.178336322 0.161294341 0.250071585 -0.025933420 0.019048724 0.015906487 0.999355614
1341845853.589705 -0.178795859 0.163263723 0.241793752 -0.025039174 0.018855965 0.016204467 0.999377310
1341845853.625908 -0.186052531 0.166325614 0.234949157 -0.024730152 0.019120937 0.016819825 0.999369800
1341845853.657783 -0.187767997 0.163298577 0.223373652 -0.025341041 0.018389786 0.016917018 0.999366581
1341845853.689930 -0.185388103 0.163637429 0.212648883 -0.023451285 0.018459495 0.018504320 0.999383330
1341845853.725779 -0.189487845 0.168993294 0.203849971 -0.022269385 0.019835789 0.019680509 0.999361515
1341845853.757962 -0.195364460 0.164116129 0.200351045 -0.022561101 0.021237880 0.020284481 0.999314070
1341845853.793750 -0.193740860 0.166039690 0.188338086 -0.020254834 0.020718109 0.022947107 0.999316752
1341845853.825783 -0.196868435 0.170571581 0.178943723 -0.019776292 0.021036619 0.022161631 0.999337435
1341845853.857700 -0.203430906 0.168063894 0.171723545 -0.020548251 0.020791540 0.021435060 0.999342799
1341845853.893805 -0.204188690 0.167588905 0.162836239 -0.019621553 0.018478125 0.020879105 0.999418676
1341845853.925836 -0.201407939 0.175585598 0.152331218 -0.019982811 0.017381677 0.016541494 0.999512374
1341845853.957735 -0.203316897 0.170277283 0.145530388 -0.023200970 0.018910350 0.012440331 0.999474585
1341845853.993852 -0.210342899 0.166147694 0.142248496 -0.021603625 0.019617757 0.014866630 0.999463558
1341845854.025830 -0.208848342 0.168612748 0.119428046 -0.019480703 0.017809661 0.017090978 0.999505520
1341845854.061903 -0.208045572 0.181243405 0.127575710 -0.020862762 0.018866073 0.013449499 0.999513924
1341845854.093760 -0.214301378 0.172906309 0.127011523 -0.023397127 0.020582803 0.010405544 0.999460161
1341845854.125736 -0.222412571 0.175628096 0.117387272 -0.020918097 0.018487938 0.011066355 0.999549031
1341845854.161837 -0.216162026 0.184473768 0.110304683 -0.020625105 0.014785072 0.010744882 0.999620318
1341845854.193844 -0.212500259 0.188382223 0.100311309 -0.023354217 0.016615292 0.008292634 0.999554813
1341845854.229884 -0.220865503 0.183406502 0.097445443 -0.025300507 0.018292591 0.010004268 0.999462485
1341845854.261692 -0.219604328 0.188855246 0.089992754 -0.024780691 0.015884962 0.014036591 0.999468207
1341845854.293781 -0.215679064 0.192562476 0.089467205 -0.024865268 0.015778260 0.017045263 0.999421000
1341845854.330249 -0.221504524 0.198251620 0.073975436 -0.025859030 0.018356521 0.017587837 0.999342382
1341845854.361687 -0.226117879 0.194725826 0.076384827 -0.029631082 0.018592922 0.017960336 0.999226630
1341845854.393726 -0.224075645 0.187248498 0.072820283 -0.029908840 0.017195584 0.020749411 0.999189317
1341845854.429762 -0.216834560 0.198086157 0.062092610 -0.028143181 0.018438978 0.021173984 0.999209583
1341845854.462072 -0.225319371 0.193510398 0.065321960 -0.030904846 0.022541294 0.019910878 0.999069750
1341845854.497796 -0.226976842 0.183594868 0.062854297 -0.028944319 0.023135964 0.023120563 0.999045789
1341845854.529719 -0.226127476 0.194259718 0.053882189 -0.024890883 0.023492245 0.023528671 0.999137163
1341845854.561884 -0.228028312 0.193635926 0.054213367 -0.026866613 0.024873942 0.021558145 0.999096990
1341845854.597860 -0.232074186 0.189024195 0.055339172 -0.027968813 0.024130231 0.018246898 0.999150932
1341845854.629736 -0.230404869 0.189183772 0.049362682 -0.028009877 0.021870650 0.013909757 0.999271572
1341845854.662835 -0.228437617 0.188058987 0.044329025 -0.028757416 0.021374246 0.012469291 0.999280095
1341845854.697815 -0.229705036 0.182463437 0.044718076 -0.028164977 0.021538975 0.013332035 0.999282300
1341845854.729806 -0.228450552 0.179799333 0.042715371 -0.025724394 0.020768102 0.014292964 0.999351203
1341845854.765688 -0.226326078 0.182979137 0.037575826 -0.023852594 0.019548308 0.012851045 0.999441803
1341845854.797997 -0.224536404 0.183676302 0.033565946 -0.024153268 0.020612055 0.010355539 0.999442101
1341845854.829779 -0.230614021 0.181174248 0.031969376 -0.024335288 0.020792194 0.009828350 0.999439299
1341845854.865670 -0.229703024 0.180833593 0.027346332 -0.023812573 0.018557504 0.007868621 0.999513209
1341845854.897712 -0.221251324 0.186617956 0.017472228 -0.024287175 0.018313039 0.005172180 0.999523878
1341845854.930302 -0.223429978 0.178523034 0.012460649 -0.026995858 0.020828657 0.005111440 0.999405444
1341845854.965801 -0.229867309 0.177535415 0.004586469 -0.026320921 0.021186149 0.007607129 0.999400139
1341845854.997629 -0.223149091 0.181590453 -0.002925218 -0.026269721 0.019810505 0.008802680 0.999419868
1341845855.033841 -0.224101514 0.183155373 -0.013103899 -0.027488597 0.022329535 0.009122624 0.999331117
1341845855.065777 -0.236397520 0.179648817 -0.018846596 -0.027205152 0.023362570 0.012180647 0.999282598
1341845855.097795 -0.239661127 0.189408511 -0.024078704 -0.026598204 0.019294953 0.014000634 0.999361992
1341845855.133841 -0.232704908 0.187368825 -0.025323903 -0.028718513 0.016565226 0.014101143 0.999350846
1341845855.165831 -0.237494573 0.186839893 -0.032562464 -0.029901918 0.016432630 0.012727042 0.999336779
1341845855.201780 -0.247342736 0.184151888 -0.036412921 -0.030937174 0.013196139 0.014034314 0.999335706
1341845855.233747 -0.241562858 0.188373595 -0.041237924 -0.031416759 0.008644656 0.012536552 0.999390423
1341845855.265823 -0.237332344 0.182824075 -0.040180631 -0.031961959 0.008408785 0.011924852 0.999382615
1341845855.301716 -0.245003581 0.176986650 -0.049591895 -0.030524792 0.009323843 0.014169904 0.999390066
1341845855.333726 -0.245413169 0.175328463 -0.054120276 -0.027936015 0.007588322 0.018220432 0.999414861
1341845855.365773 -0.246179596 0.182339534 -0.055546027 -0.026170621 0.005751121 0.020932339 0.999421835
1341845855.401892 -0.243204340 0.180748165 -0.057008363 -0.026511976 0.005858406 0.022026988 0.999388635
1341845855.433652 -0.248412848 0.175872013 -0.067581072 -0.025333192 0.006406068 0.024266066 0.999364018
1341845855.469817 -0.251585513 0.176048577 -0.068663001 -0.023898549 0.004366020 0.026182391 0.999361992
1341845855.502750 -0.249810562 0.177550927 -0.072906747 -0.023259722 0.002377973 0.026328309 0.999379933
1341845855.533846 -0.248822272 0.177377492 -0.078106247 -0.022633556 0.002964623 0.023738410 0.999457657
1341845855.569986 -0.254847616 0.174104854 -0.083030418 -0.023169897 0.003992154 0.021015879 0.999502659
1341845855.601707 -0.254583806 0.166789442 -0.084152713 -0.022626743 0.002072611 0.021354254 0.999513805
1341845855.633953 -0.255747437 0.168785736 -0.088932365 -0.019630300 0.000553943 0.020316912 0.999600708
1341845855.669628 -0.259827912 0.174575344 -0.097186171 -0.019826615 0.001132253 0.016790895 0.999661803
1341845855.701786 -0.260731131 0.166398555 -0.095622562 -0.022570876 -0.000717714 0.015047370 0.999631763
1341845855.737762 -0.261339843 0.164780915 -0.093565419 -0.020750122 -0.002651118 0.015451855 0.999661803
1341845855.769674 -0.264969945 0.170579478 -0.100179680 -0.019177517 -0.004246482 0.016710540 0.999667466
1341845855.802152 -0.264120311 0.171645224 -0.099560492 -0.019909294 -0.006303756 0.015270702 0.999665320
1341845855.837801 -0.263462782 0.165678665 -0.102654912 -0.021147283 -0.006340728 0.013449312 0.999665856
1341845855.869788 -0.262619048 0.167346939 -0.104017019 -0.019301062 -0.006274090 0.013419454 0.999704003
1341845855.901958 -0.263049275 0.170228839 -0.105695561 -0.018812902 -0.006169564 0.014337400 0.999701202
1341845855.937711 -0.259742677 0.167338252 -0.110799961 -0.019024493 -0.006568799 0.014585223 0.999691069
1341845855.969840 -0.259189755 0.168074146 -0.113257483 -0.017963400 -0.005114133 0.013820841 0.999730110
1341845856.038077 -0.256460935 0.166393697 -0.117208429 -0.018102644 -0.004077320 0.017884169 0.999667883
1341845856.069815 -0.257940829 0.171523511 -0.128126428 -0.016360233 -0.003061663 0.019962458 0.999662220
1341845856.105773 -0.265884459 0.184897676 -0.138145417 -0.017670423 -0.002097866 0.020466743 0.999632180
1341845856.137725 -0.259454966 0.175568908 -0.134428129 -0.021541972 -0.003567441 0.022756159 0.999502540
1341845856.169966 -0.255982131 0.182579979 -0.142609879 -0.022726035 -0.003606840 0.022920353 0.999472439
1341845856.205833 -0.263923317 0.187382564 -0.144795045 -0.025949780 -0.001400425 0.021786006 0.999424875
1341845856.237587 -0.262032151 0.180396855 -0.146112368 -0.027879443 -0.002427280 0.024413578 0.999310195
1341845856.273683 -0.257869363 0.183711126 -0.146973595 -0.028100060 -0.002751292 0.025291367 0.999281347
1341845856.305723 -0.258682817 0.184206694 -0.147883624 -0.028793100 -0.001087575 0.025321612 0.999264061
1341845856.337653 -0.260357171 0.183929265 -0.150351584 -0.029580561 -0.000821576 0.027277416 0.999189854
1341845856.373714 -0.262941062 0.178857699 -0.151746169 -0.029259441 -0.001748935 0.028613513 0.999160767
1341845856.405678 -0.261929721 0.185820058 -0.159469172 -0.027373010 -0.002732558 0.029058943 0.999199092
1341845856.441799 -0.264305741 0.189155832 -0.158035919 -0.028235005 -0.002353145 0.026302362 0.999252498
1341845856.473680 -0.263156027 0.180827767 -0.161999986 -0.029856443 -0.003522011 0.025699375 0.999217570
1341845856.505768 -0.265362382 0.188518271 -0.167158708 -0.028557161 -0.004941973 0.024063516 0.999290287
1341845856.541718 -0.262318909 0.188867256 -0.176257879 -0.030242750 -0.003922365 0.022971636 0.999270916
1341845856.573678 -0.266981900 0.181763768 -0.170870915 -0.032032110 -0.002381035 0.023228336 0.999214113
1341845856.605758 -0.268343478 0.185145780 -0.173017189 -0.030349467 -0.003607363 0.025368791 0.999210894
1341845856.641782 -0.261335075 0.180997446 -0.169821531 -0.029983995 -0.004118034 0.026949774 0.999178588
1341845856.673977 -0.264019310 0.191252217 -0.174267873 -0.028016401 -0.001193291 0.025388820 0.999284327
1341845856.709876 -0.268238753 0.188194051 -0.173180178 -0.030665500 -0.000918715 0.026666682 0.999173522
1341845856.741736 -0.262846440 0.178186640 -0.173237935 -0.029709635 -0.003400052 0.029804559 0.999108374
1341845856.773960 -0.261767626 0.188573450 -0.182262614 -0.026302384 -0.001951629 0.028800927 0.999237180
1341845856.809797 -0.271801054 0.193111286 -0.184346542 -0.029595613 0.000411902 0.026122529 0.999220550
1341845856.841746 -0.265575051 0.186682165 -0.180561334 -0.031296104 -0.002226436 0.026223982 0.999163628
1341845856.873762 -0.263787180 0.193113908 -0.180519074 -0.031248633 -0.002026207 0.025671199 0.999179959
1341845856.915904 -0.265910655 0.199327752 -0.186262071 -0.032915663 -0.000923055 0.024648475 0.999153793
1341845856.977900 -0.262004733 0.195021778 -0.184063345 -0.036279850 -0.000440017 0.026014535 0.999002934
1341845857.009735 -0.263392806 0.191795096 -0.188854009 -0.036201399 -0.000253727 0.029414317 0.998911500
1341845857.041737 -0.258294910 0.192647681 -0.190735459 -0.034827735 -0.000384868 0.031693891 0.998890579
1341845857.077896 -0.262917966 0.194996178 -0.197876364 -0.033834960 0.001298231 0.031576082 0.998927712
1341845857.109633 -0.262308002 0.199848279 -0.203781009 -0.034222346 0.001032318 0.030228717 0.998956442
1341845857.141583 -0.258613229 0.192734033 -0.207032323 -0.036562081 0.000672883 0.028835122 0.998915076
1341845857.178255 -0.254604667 0.192757517 -0.212145939 -0.036607411 0.002431568 0.024808761 0.999018788
1341845857.209846 -0.258775592 0.197325945 -0.215331212 -0.036964390 0.004646893 0.022425249 0.999054134
1341845857.245767 -0.257279754 0.190339386 -0.208525389 -0.038181733 0.003739620 0.022332583 0.999014258
1341845857.277737 -0.251898170 0.191366076 -0.211985171 -0.036489017 0.003837851 0.020727433 0.999111712
1341845857.309994 -0.254060626 0.187905759 -0.220214427 -0.035945795 0.005045158 0.020423979 0.999132276
1341845857.345862 -0.254002661 0.192831233 -0.224432394 -0.035705190 0.005188488 0.019502057 0.999158621
1341845857.377787 -0.253425568 0.182433590 -0.221893206 -0.036639974 0.004996767 0.019713545 0.999121606
1341845857.413693 -0.257062376 0.189655811 -0.232202381 -0.034892559 0.005020134 0.019446626 0.999189258
1341845857.445790 -0.256963283 0.193619758 -0.230647504 -0.036491107 0.003851144 0.019557927 0.999135196
1341845857.477853 -0.254933029 0.185969427 -0.224737301 -0.037547145 0.002568647 0.019878779 0.999093831
1341845857.513902 -0.253091812 0.192526266 -0.231978402 -0.035925694 0.003340909 0.018358247 0.999180317
1341845857.545992 -0.253447741 0.186566710 -0.231078461 -0.037407886 0.003893928 0.018005883 0.999130309
1341845857.613882 -0.244903266 0.182762191 -0.231824547 -0.034415986 0.005445410 0.019484924 0.999202847
1341845857.646056 -0.241751224 0.180819273 -0.236779004 -0.032784503 0.007608684 0.021333376 0.999205828
1341845857.681834 -0.240562886 0.178576693 -0.240699887 -0.032000691 0.009433746 0.023385987 0.999169707
1341845857.713765 -0.229466274 0.173549458 -0.244393811 -0.030181967 0.012215492 0.022838010 0.999208808
1341845857.745825 -0.231746539 0.171054944 -0.245895877 -0.027971245 0.016267613 0.022951564 0.999212801
1341845857.781799 -0.233039439 0.174911499 -0.248926252 -0.026251607 0.017078323 0.024033334 0.999220490
1341845857.813817 -0.225482956 0.172351971 -0.259361237 -0.027183730 0.017773068 0.022827076 0.999211788
1341845857.846046 -0.223601952 0.172645792 -0.253457755 -0.027059458 0.019854810 0.022913303 0.999173939
1341845857.881939 -0.225336373 0.179089397 -0.264391571 -0.027473139 0.020634582 0.022393476 0.999158621
1341845857.913666 -0.223648325 0.182776093 -0.265536517 -0.031436667 0.020103272 0.020222697 0.999098957
1341845857.949845 -0.225362837 0.176439166 -0.269153744 -0.035426993 0.018821459 0.018698022 0.999020100
1341845857.982166 -0.225712657 0.174664944 -0.271938086 -0.037803221 0.016429380 0.018668700 0.998975694
1341845858.013803 -0.222105682 0.175558925 -0.273687631 -0.039445605 0.013528234 0.020095389 0.998928070
1341845858.050247 -0.218431681 0.178489119 -0.275559425 -0.039784465 0.011664430 0.020763706 0.998924434
1341845858.081715 -0.222833171 0.188062757 -0.287225991 -0.041965179 0.011604617 0.020029088 0.998850942
1341845858.113782 -0.220887423 0.185893998 -0.282161444 -0.046656337 0.009575509 0.020038292 0.998664141
1341845858.149725 -0.219157934 0.190892607 -0.290678382 -0.048902921 0.008345197 0.020621248 0.998555839
1341845858.181831 -0.220149443 0.184152991 -0.285975367 -0.052556496 0.007858021 0.022378800 0.998336315
1341845858.217730 -0.220774934 0.183506101 -0.291293740 -0.052854840 0.005511827 0.023955178 0.998299599
1341845858.281842 -0.217477679 0.184565037 -0.292837292 -0.056193013 0.005714392 0.018868294 0.998225272
1341845858.317768 -0.218826741 0.182409212 -0.295389682 -0.056114312 0.003491456 0.020035455 0.998217225
1341845858.349904 -0.214725673 0.188437149 -0.297236949 -0.054877434 0.000733962 0.018893709 0.998314083
1341845858.381855 -0.212339878 0.187232360 -0.297923386 -0.055442754 0.001353525 0.016941991 0.998317182
1341845858.417827 -0.216285393 0.179966718 -0.296616197 -0.055891983 0.003410362 0.016603665 0.998292983
1341845858.449872 -0.218004689 0.181429043 -0.303953052 -0.053336259 0.002314519 0.016930394 0.998430431
1341845858.485842 -0.214508235 0.185260683 -0.302468717 -0.053094689 0.000882844 0.015448291 0.998469591
1341845858.517682 -0.214097634 0.183010414 -0.302381605 -0.053531732 0.000648322 0.013532732 0.998474240
1341845858.549803 -0.217094049 0.181282282 -0.305365533 -0.052877970 -0.000033411 0.013110682 0.998514950
1341845858.585823 -0.216200709 0.180273607 -0.308446914 -0.052171782 -0.001252117 0.012661736 0.998557150
1341845858.618138 -0.210361466 0.187188506 -0.310572594 -0.052673802 -0.001210029 0.010400950 0.998556912
1341845858.654134 -0.213971108 0.179539144 -0.308867574 -0.054939985 0.000291281 0.010483398 0.998434663
1341845858.685756 -0.214063913 0.179316074 -0.311697513 -0.054964337 -0.001155192 0.012862009 0.998404860
1341845858.717690 -0.208929017 0.180517152 -0.312003255 -0.054705810 -0.001301296 0.011892209 0.998430908
1341845858.753674 -0.211610898 0.187713087 -0.322533965 -0.055290308 0.001612635 0.009762949 0.998421311
1341845858.785618 -0.216681391 0.183432296 -0.318810672 -0.058930550 0.003125920 0.010197483 0.998205125
1341845858.817756 -0.209476843 0.175166607 -0.317921877 -0.058972750 0.001297916 0.012653146 0.998178601
1341845858.853864 -0.207264617 0.181067884 -0.324411660 -0.056809206 0.002055147 0.012300257 0.998307228
1341845858.885702 -0.207769588 0.184823066 -0.328000486 -0.058212724 0.003618845 0.009900684 0.998248577
1341845858.922000 -0.208489060 0.175826639 -0.323487073 -0.060334608 0.003615597 0.009015535 0.998130977
1341845858.954158 -0.202641204 0.177059203 -0.325604588 -0.058757652 0.003106569 0.008806547 0.998228669
1341845858.985944 -0.201462254 0.180238411 -0.332080215 -0.058437850 0.005007578 0.007651054 0.998249233
1341845859.021830 -0.205891266 0.190131500 -0.339402735 -0.060579766 0.006774835 0.005915053 0.998122871
1341845859.053720 -0.201146543 0.181470275 -0.329616487 -0.063946754 0.006288023 0.005509993 0.997918308
1341845859.085862 -0.201186925 0.178018153 -0.333425701 -0.064860523 0.007112221 0.005847848 0.997851849
1341845859.121873 -0.197476178 0.185368925 -0.339353025 -0.065917537 0.007690951 0.005398173 0.997780919
1341845859.153800 -0.197160065 0.178966075 -0.337481946 -0.068652295 0.008790874 0.004191622 0.997593105
1341845859.189853 -0.194516897 0.177197352 -0.340652883 -0.068701588 0.008919499 0.004563789 0.997586966
1341845859.221654 -0.197468445 0.180029720 -0.344538957 -0.068513937 0.010172312 0.002800088 0.997594416
1341845859.253689 -0.191699371 0.181885988 -0.346767902 -0.069965638 0.011016000 -0.000874282 0.997488260
1341845859.289745 -0.193735689 0.176783845 -0.349716246 -0.072841473 0.012715319 -0.003835764 0.997255147
1341845859.321911 -0.193940356 0.171657786 -0.346744776 -0.073840596 0.013154013 -0.005586185 0.997167647
1341845859.353758 -0.187328294 0.171692491 -0.350704312 -0.073299304 0.013608919 -0.006416744 0.997196496
1341845859.389950 -0.188040391 0.171603039 -0.350845069 -0.072822623 0.015934628 -0.006312469 0.997197628
1341845859.421715 -0.188947231 0.164821729 -0.357402861 -0.073326632 0.017775368 -0.008230100 0.997115612
1341845859.457807 -0.183714882 0.166883230 -0.354647309 -0.073204391 0.019752162 -0.010296565 0.997068167
1341845859.489859 -0.187406763 0.163039833 -0.356507987 -0.074061930 0.021835286 -0.010624026 0.996958017
1341845859.521735 -0.186483189 0.160776526 -0.352541536 -0.074011549 0.023026396 -0.011381747 0.996926606
1341845859.557712 -0.183101252 0.161206111 -0.360227913 -0.071676999 0.024248779 -0.011428287 0.997067630
1341845859.589783 -0.183276936 0.159812257 -0.360234976 -0.072160378 0.026144465 -0.012426604 0.996972859
1341845859.625646 -0.180498466 0.156310260 -0.362470001 -0.072202690 0.027985388 -0.012546018 0.996918380
1341845859.657759 -0.176547766 0.158364445 -0.363233119 -0.071149550 0.031283893 -0.013440615 0.996884406
1341845859.689869 -0.180522457 0.158524185 -0.358324021 -0.071150355 0.034340270 -0.011369303 0.996809483
1341845859.725812 -0.178955883 0.150765792 -0.361539423 -0.069160596 0.034366909 -0.008969877 0.996973097
1341845859.757824 -0.174534366 0.151599795 -0.369052082 -0.066443630 0.035933305 -0.008773240 0.997104406
1341845859.789818 -0.177707598 0.154136002 -0.361568570 -0.064648248 0.038869556 -0.008601389 0.997113764
1341845859.825831 -0.179123089 0.147891343 -0.366397351 -0.062005371 0.038538553 -0.007490808 0.997303367
1341845859.857647 -0.173983157 0.148877040 -0.373115718 -0.058386773 0.037866373 -0.006200363 0.997556388
1341845859.893646 -0.171976104 0.153012335 -0.374868989 -0.057302177 0.039018624 -0.006538499 0.997572660
1341845859.925740 -0.175040171 0.153556854 -0.376015067 -0.057848241 0.039608389 -0.008236437 0.997505367
1341845859.957775 -0.178077877 0.149047449 -0.372567594 -0.057723634 0.038788546 -0.009662118 0.997532070
1341845859.993847 -0.176546499 0.146489382 -0.371172279 -0.054691486 0.036401082 -0.011035926 0.997778594
1341845860.025774 -0.176662818 0.153514162 -0.370736450 -0.052605201 0.035083730 -0.011891540 0.997928083
1341845860.057745 -0.184545368 0.148301974 -0.378599256 -0.051738523 0.032333247 -0.012476769 0.998059154
1341845860.093794 -0.178456262 0.148761407 -0.373562872 -0.050720666 0.027307080 -0.013731491 0.998245060
1341845860.125763 -0.177041888 0.142983139 -0.370345801 -0.049198866 0.025123291 -0.015243317 0.998356640
1341845860.161703 -0.184250116 0.146321908 -0.385532469 -0.047569767 0.022897001 -0.015269352 0.998488724
1341845860.193724 -0.186385334 0.144803345 -0.373228639 -0.046804752 0.017853247 -0.016805166 0.998603106
1341845860.225730 -0.181884363 0.147156969 -0.369362324 -0.043185808 0.013739666 -0.019777112 0.998776793
1341845860.261716 -0.185151011 0.148955435 -0.372464210 -0.041232888 0.011475326 -0.022487149 0.998830557
1341845860.294553 -0.193335742 0.138469636 -0.373568684 -0.039994150 0.007596129 -0.024510410 0.998870373
1341845860.325872 -0.187702611 0.140637070 -0.367800981 -0.035572093 0.001894170 -0.025558438 0.999038517
1341845860.361673 -0.185607582 0.140147656 -0.375426561 -0.034283672 -0.000570859 -0.027024528 0.999046564
1341845860.393714 -0.183715403 0.138175607 -0.378453404 -0.031696331 -0.003757925 -0.027609890 0.999109089
1341845860.429768 -0.186326116 0.145453125 -0.380281717 -0.030631037 -0.007176609 -0.028223770 0.999106467
1341845860.461780 -0.185268447 0.142827615 -0.377295524 -0.031223405 -0.010831808 -0.029200971 0.999027133
1341845860.493718 -0.183936000 0.145687029 -0.378482908 -0.030624444 -0.012980889 -0.028133726 0.999050617
1341845860.529831 -0.182819173 0.147800013 -0.380493760 -0.030187186 -0.015325638 -0.027789963 0.999040365
1341845860.567950 -0.185802191 0.154105335 -0.387138993 -0.031272862 -0.016226253 -0.028027052 0.998986185
1341845860.567950 -0.185870871 0.154136285 -0.387054384 -0.031253804 -0.016197551 -0.027914444 0.998990357
1341845860.604131 -0.184443250 0.151845813 -0.382086605 -0.033486240 -0.017030865 -0.030019857 0.998843074
1341845860.638227 -0.186953545 0.149745107 -0.382567137 -0.034928028 -0.017588822 -0.029891081 0.998787880
1341845860.668441 -0.188553840 0.147159576 -0.381105900 -0.035494372 -0.019575490 -0.027854472 0.998789847
1341845860.706028 -0.182898134 0.146235019 -0.381058961 -0.034528784 -0.021962594 -0.025786463 0.998829603
1341845860.736338 -0.186043173 0.158752486 -0.382707417 -0.034170520 -0.023218112 -0.024465853 0.998846710
1341845860.772400 -0.190803334 0.149132863 -0.384519666 -0.037217766 -0.026466306 -0.023067364 0.998690307
1341845860.803824 -0.185336635 0.153345749 -0.388847679 -0.037551824 -0.029754464 -0.024558971 0.998549700
1341845860.871717 -0.193866760 0.148487985 -0.382207364 -0.040618423 -0.032614492 -0.023865147 0.998357177
1341845860.929775 -0.186473951 0.156173095 -0.384757727 -0.040188298 -0.035584543 -0.027087213 0.998190880
1341845860.965899 -0.190523326 0.149377614 -0.384063274 -0.041199695 -0.036353149 -0.028285231 0.998088717
1341845860.997827 -0.189776152 0.145459384 -0.381423473 -0.040440127 -0.038018774 -0.027354967 0.998083651
1341845861.029961 -0.187732786 0.148334146 -0.384986401 -0.038613655 -0.039355535 -0.027231092 0.998107493
1341845861.065806 -0.188490704 0.156820476 -0.380904019 -0.038810641 -0.038506936 -0.029544570 0.998067200
1341845861.097631 -0.186342254 0.144644126 -0.380939096 -0.039535470 -0.038499724 -0.029913280 0.998028040
1341845861.133786 -0.182571620 0.153765008 -0.381612301 -0.037613764 -0.037809692 -0.030755661 0.998103142
1341845861.165622 -0.186358169 0.155346230 -0.378507972 -0.038930304 -0.036333077 -0.030975478 0.998100638
1341845861.197704 -0.182533115 0.147008583 -0.375528544 -0.039385933 -0.035882831 -0.029939175 0.998130679
1341845861.233683 -0.181090817 0.150302768 -0.383069813 -0.037854571 -0.034394059 -0.030858872 0.998214364
1341845861.265692 -0.188137338 0.147360623 -0.378399462 -0.038261347 -0.032969017 -0.029863536 0.998277187
1341845861.297700 -0.185537055 0.150308177 -0.379504770 -0.037251696 -0.033884212 -0.028492300 0.998324811
1341845861.333616 -0.183576509 0.151923954 -0.379496425 -0.038259223 -0.032307707 -0.029626865 0.998305917
1341845861.365694 -0.188818753 0.143468738 -0.372235835 -0.038976062 -0.031316925 -0.029226953 0.998321593
1341845861.407792 -0.187821895 0.149488017 -0.376758605 -0.036846910 -0.032621901 -0.027798239 0.998401463
1341845861.407792 -0.188045248 0.149210051 -0.377311736 -0.036852393 -0.032605741 -0.027833205 0.998400807
1341845861.440894 -0.183476597 0.143204033 -0.375400394 -0.037798785 -0.032861151 -0.027579740 0.998364031
1341845861.472256 -0.187951654 0.144792363 -0.373697519 -0.036286004 -0.032035448 -0.027975382 0.998436034
1341845861.507634 -0.186086297 0.148628399 -0.374012500 -0.035961363 -0.032530837 -0.029038332 0.998401403
1341845861.539675 -0.183175832 0.138313517 -0.373109192 -0.036447745 -0.033357468 -0.029041212 0.998356462
1341845861.571790 -0.183624074 0.145490736 -0.373068482 -0.034984294 -0.032349847 -0.030225663 0.998406768
1341845861.607759 -0.185096547 0.144506395 -0.372272611 -0.035760414 -0.032322887 -0.029731892 0.998394966
1341845861.639739 -0.182475343 0.140108198 -0.369208604 -0.035287991 -0.032641809 -0.030139087 0.998389125
1341845861.671875 -0.180547625 0.143296689 -0.368757486 -0.033280540 -0.032517061 -0.029185602 0.998490512
1341845861.707829 -0.180429921 0.136282787 -0.364556402 -0.032383323 -0.032543514 -0.029243601 0.998517513
1341845861.739782 -0.174546510 0.142638713 -0.371617913 -0.030395824 -0.032499544 -0.033059429 0.998462379
1341845861.775717 -0.174014792 0.143200189 -0.364838004 -0.031873267 -0.030872881 -0.037838273 0.998298168
1341845861.807676 -0.174462914 0.133866355 -0.359340459 -0.032602392 -0.031084748 -0.037767190 0.998270750
1341845861.839701 -0.175321862 0.136792883 -0.357911319 -0.030376159 -0.032530822 -0.036467139 0.998343289
1341845861.875772 -0.173846379 0.138654962 -0.357613534 -0.029820694 -0.033800546 -0.035742197 0.998344064
1341845861.907742 -0.170251846 0.139505535 -0.357717216 -0.029501181 -0.034314461 -0.035269644 0.998352826
1341845861.939697 -0.170404121 0.136640906 -0.353777945 -0.029453175 -0.034953449 -0.033598237 0.998389721
1341845861.975661 -0.167292371 0.139577821 -0.356062591 -0.028560841 -0.036629669 -0.034886479 0.998311281
1341845862.007930 -0.161953092 0.139709502 -0.355828345 -0.029241877 -0.036207024 -0.037021589 0.998230100
1341845862.039647 -0.165669486 0.129065275 -0.350361735 -0.029255157 -0.034885265 -0.036204029 0.998306811
1341845862.075738 -0.163603961 0.130596489 -0.349080950 -0.026484994 -0.033938393 -0.034492012 0.998477399
1341845862.107644 -0.160044551 0.133687168 -0.361707926 -0.024539156 -0.032106664 -0.034973416 0.998570919
1341845862.143904 -0.158425614 0.144300893 -0.359340101 -0.025018806 -0.028356422 -0.038226429 0.998553395
1341845862.175702 -0.163844660 0.139438093 -0.357352257 -0.028164657 -0.026444469 -0.038652401 0.998505712
1341845862.207672 -0.160103381 0.143304855 -0.358629584 -0.029346559 -0.026089914 -0.039929669 0.998430669
1341845862.243827 -0.155901358 0.152685910 -0.360379994 -0.032732572 -0.023975771 -0.041432329 0.998317122
1341845862.275754 -0.162577122 0.140581250 -0.350738883 -0.037347138 -0.023391260 -0.040049024 0.998225510
1341845862.311739 -0.160475507 0.135850981 -0.348198682 -0.037544955 -0.024413304 -0.036065459 0.998345554
1341845862.343750 -0.155641675 0.139712110 -0.350307256 -0.036162063 -0.023692297 -0.032859229 0.998524606
1341845862.375792 -0.150355935 0.139465481 -0.350033641 -0.035435941 -0.021503387 -0.030292530 0.998681307
1341845862.411748 -0.149399966 0.135110825 -0.347807437 -0.034662530 -0.018594958 -0.028705148 0.998813689
1341845862.443696 -0.147583514 0.135119945 -0.345481545 -0.032150201 -0.015740408 -0.024804795 0.999051273
1341845862.479688 -0.149390608 0.133090526 -0.348787159 -0.029836981 -0.013554046 -0.022470295 0.999210358
1341845862.511723 -0.141329482 0.141726032 -0.352788895 -0.028041145 -0.011044133 -0.023029651 0.999280453
1341845862.543776 -0.147333711 0.138678968 -0.346770108 -0.029563200 -0.008267153 -0.023216989 0.999259055
1341845862.579869 -0.146180660 0.136847228 -0.344515264 -0.028720910 -0.007988642 -0.021901993 0.999315619
1341845862.611759 -0.142653376 0.138738960 -0.350839943 -0.027681150 -0.006855255 -0.021468174 0.999362826
1341845862.647939 -0.138067678 0.141438738 -0.351827711 -0.027739478 -0.004760033 -0.022171265 0.999357998
1341845862.679727 -0.144970194 0.136981800 -0.351867735 -0.028783368 -0.002334505 -0.022325531 0.999333620
1341845862.712299 -0.140599325 0.137992635 -0.350744218 -0.027403422 -0.001893932 -0.021679137 0.999387622
1341845862.747743 -0.139684662 0.141602084 -0.356933415 -0.027221069 0.000108455 -0.022474747 0.999376774
1341845862.779732 -0.142009079 0.134447664 -0.349492371 -0.026886942 0.002393831 -0.023700546 0.999354661
1341845862.815767 -0.144805774 0.141214937 -0.353911757 -0.024804378 0.002489423 -0.023841387 0.999404967
1341845862.847856 -0.144253567 0.139542341 -0.351498902 -0.024596151 0.001574131 -0.024634695 0.999392688
1341845862.879714 -0.147492558 0.137699008 -0.352045923 -0.024117276 0.000953751 -0.025251841 0.999389768
1341845862.915725 -0.147341996 0.138703480 -0.356268257 -0.023897042 -0.000183677 -0.025060425 0.999400318
1341845862.947913 -0.142777413 0.135305598 -0.349296123 -0.023236906 -0.000848967 -0.024670100 0.999425232
1341845862.983749 -0.140018180 0.136821806 -0.357282192 -0.021474499 0.000487763 -0.024362823 0.999472380
1341845863.015854 -0.144539371 0.144606173 -0.361830294 -0.022019828 0.002116571 -0.023899209 0.999469638
1341845863.048281 -0.150362000 0.138765529 -0.354599476 -0.022744451 0.001871146 -0.024600055 0.999436915
1341845863.083795 -0.145514399 0.143112287 -0.360028088 -0.021383982 0.001921215 -0.025650265 0.999440432
1341845863.115808 -0.149756655 0.143130451 -0.359964877 -0.022630161 0.002383660 -0.026015202 0.999402523
1341845863.151916 -0.151697129 0.137525305 -0.355897963 -0.022461250 0.001095516 -0.026120977 0.999405861
1341845863.183716 -0.148920462 0.141636536 -0.358260691 -0.021480147 0.000458651 -0.025780447 0.999436796
1341845863.215844 -0.146424696 0.141450986 -0.362325788 -0.021919599 0.000438077 -0.025718912 0.999428868
1341845863.251883 -0.149053887 0.143586099 -0.360450447 -0.022685880 0.001094865 -0.026278006 0.999396682
1341845863.283627 -0.150650457 0.140933037 -0.357467055 -0.023473071 0.001559406 -0.025818732 0.999389827
1341845863.315718 -0.149443924 0.144289047 -0.360505402 -0.023020370 0.001386294 -0.024882520 0.999424338
